1780957215.9662, 0.006497,False
1780957215.9710, 0.004463,False
1780957215.9757, 0.002407,False
1780957215.9806, 0.000622,False
1780957215.9852, 0.008870,False
1780957215.9897, 0.007146,False
1780957215.9947, 0.005173,False
1780957215.9996, 0.003497,False
1780957216.0041, 0.001439,False
1780957216.0095, 0.009563,False
1780957216.0143, 0.007872,False
1780957216.0188, 0.006078,False
1780957216.0234, 0.004054,False
1780957216.0281, 0.002172,False
1780957216.0335, 0.010146,False
1780957216.2171, 0.008274,False
1780957216.2217, 0.006915,False
1780957216.2265, 0.005116,False
1780957216.2322, 0.003288,False
1780957216.2366, 0.001503,False
1780957216.2410, 0.009669,False
1780957216.2456, 0.007870,False
1780957216.2501, 0.005853,False
1780957216.2545, 0.004402,False
1780957216.2592, 0.002456,False
1780957216.2638, 0.000510,False
1780957216.2682, 0.008667,False
1780957216.2726, 0.006359,False
1780957216.4787, 0.004572,False
1780957216.4842, 0.002848,False
1780957216.4896, 0.000713,False
1780957216.4947, 0.009124,False
1780957216.4999, 0.007197,False
1780957216.5049, 0.004988,False
1780957216.5094, 0.003183,False
1780957216.5144, 0.000998,False
1780957216.7350, 0.009020,False
1780957216.7394, 0.000137,False
1780957216.7469, 0.005053,False
1780957216.7515, 0.003108,False
1780957216.7563, 0.001158,False
1780957216.7609, 0.009766,False
1780957216.7653, 0.008216,False
1780957216.7696, 0.006148,False
1780957216.9661, 0.004435,False
1780957216.9716, 0.002729,False
1780957216.9784, 0.000547,False
1780957216.9852, 0.009090,False
1780957216.9901, 0.007406,False
1780957216.9950, 0.005441,False
1780957216.9994, 0.003403,False
1780957217.0038, 0.001810,False
1780957217.2352, 0.009922,False
1780957217.2407, 0.008182,False
1780957217.2463, 0.006181,False
1780957217.2511, 0.004439,False
1780957217.2558, 0.002666,False
1780957217.2610, 0.000672,False
1780957217.2655, 0.008527,False
1780957217.4902, 0.007003,False
1780957217.4958, 0.005008,False
1780957217.5012, 0.003159,False
1780957217.5066, 0.001269,False
1780957217.5118, 0.009250,False
1780957217.5170, 0.007472,False
1780957217.5228, 0.005717,False
1780957217.5289, 0.003822,False
1780957217.5335, 0.001636,False
1780957217.7515, 0.009544,False
1780957217.7562, 0.007663,False
1780957217.7612, 0.005817,False
1780957217.7658, 0.003888,False
1780957217.8649, 0.001917,False
1780957217.8715, 0.009899,False
1780957217.8772, 0.007509,False
1780957217.8818, 0.005595,False
1780957218.0021, 0.003700,False
1780957218.0068, 0.001749,False
1780957218.0121, 0.009947,False
1780957218.0168, 0.008315,False
1780957218.0213, 0.006624,False
1780957218.0266, 0.004656,False
1780957218.0307, 0.000071,False
1780957218.0370, 0.000546,False
1780957218.2685, 0.008621,False
1780957218.2736, 0.001632,False
1780957218.2817, 0.004541,False
1780957218.2864, 0.002727,False
1780957218.2908, 0.000768,False
1780957218.2954, 0.009140,False
1780957218.2998, 0.007132,False
1780957218.3040, 0.004836,False
1780957218.5268, 0.002886,False
1780957218.5312, 0.001247,False
1780957218.5357, 0.009122,False
1780957218.5400, 0.007397,False
1780957218.5443, 0.005233,False
1780957218.5486, 0.003616,False
1780957218.5532, 0.001549,False
1780957218.5595, 0.009326,False
1780957218.7849, 0.007029,False
1780957218.7903, 0.005251,False
1780957218.7959, 0.003359,False
1780957218.8011, 0.000939,False
1780957218.8062, 0.009316,False
1780957218.8110, 0.007031,False
1780957218.8155, 0.005298,False
1780957218.8197, 0.003382,False
1780957219.0479, 0.002961,False
1780957219.0525, 0.009623,False
1780957219.0570, 0.007675,False
1780957219.0621, 0.005532,False
1780957219.0666, 0.003815,False
1780957219.0712, 0.001752,False
1780957219.0758, 0.010023,False
1780957219.0801, 0.008069,False
1780957219.3015, 0.006245,False
1780957219.3058, 0.004805,False
1780957219.3107, 0.002646,False
1780957219.3152, 0.000895,False
1780957219.3195, 0.009135,False
1780957219.3238, 0.007304,False
1780957219.3283, 0.005007,False
1780957219.3327, 0.003114,False
1780957219.5435, 0.001363,False
1780957219.5483, 0.009542,False
1780957219.5529, 0.007607,False
1780957219.5574, 0.000066,False
1780957219.5650, 0.004143,False
1780957219.5700, 0.001942,False
1780957219.5769, 0.010102,False
1780957219.5812, 0.008204,False
1780957219.8030, 0.001354,False
1780957219.8114, 0.004437,False
1780957219.8165, 0.002573,False
1780957219.8211, 0.000790,False
1780957219.8265, 0.009102,False
1780957219.8313, 0.007216,False
1780957219.8357, 0.004797,False
1780957219.8402, 0.002809,False
1780957220.0627, 0.000768,False
1780957220.0672, 0.009265,False
1780957220.0717, 0.007152,False
1780957220.0764, 0.005250,False
1780957220.0808, 0.003119,False
1780957220.0851, 0.001800,False
1780957220.0895, 0.009753,False
1780957220.0957, 0.007565,False
1780957220.3177, 0.005629,False
1780957220.3225, 0.003432,False
1780957220.3282, 0.000961,False
1780957220.3332, 0.008925,False
1780957220.3377, 0.007009,False
1780957220.3427, 0.005092,False
1780957220.3471, 0.003411,False
1780957220.3513, 0.001306,False
1780957220.5725, 0.009502,False
1780957220.5772, 0.007897,False
1780957220.5819, 0.006043,False
1780957220.5875, 0.004131,False
1780957220.5924, 0.002287,False
1780957220.5968, 0.009935,False
1780957220.6017, 0.008001,False
1780957220.6062, 0.006594,False
1780957220.8378, 0.004738,False
1780957220.8432, 0.002749,False
1780957220.8476, 0.000464,False
1780957220.8521, 0.008173,False
1780957220.8565, 0.006363,False
1780957220.8612, 0.004472,False
1780957220.8658, 0.002628,False
1780957220.8703, 0.000816,False
1780957220.8749, 0.000122,False
1780957221.1020, 0.007100,False
1780957221.1066, 0.005093,False
1780957221.1113, 0.003391,False
1780957221.1157, 0.001628,False
1780957221.1201, 0.009976,False
1780957221.1252, 0.007951,False
1780957221.1296, 0.001269,False
1780957221.1362, 0.004401,False
1780957221.3511, 0.002629,False
1780957221.3557, 0.000703,False
1780957221.3604, 0.008929,False
1780957221.3654, 0.007116,False
1780957221.3700, 0.005265,False
1780957221.3750, 0.003594,False
1780957221.3794, 0.001945,False
1780957221.6021, 0.009865,False
1780957221.6074, 0.008058,False
1780957221.6126, 0.005865,False
1780957221.6178, 0.003886,False
1780957221.6230, 0.002109,False
1780957221.6282, 0.010149,False
1780957221.6337, 0.008333,False
1780957221.6392, 0.006501,False
1780957221.6437, 0.004756,False
1780957221.8716, 0.003016,False
1780957221.8770, 0.001141,False
1780957221.8817, 0.008961,False
1780957221.8861, 0.007380,False
1780957221.8911, 0.005937,False
1780957221.8957, 0.003963,False
1780957221.9002, 0.001838,False
1780957221.9049, 0.010160,False
1780957222.0170, 0.007830,False
1780957222.1323, 0.006015,False
1780957222.2472, 0.004199,False
1780957222.2521, 0.002423,False
1780957222.2576, 0.000685,False
1780957222.2622, 0.008453,False
1780957222.2667, 0.006543,False
1780957222.2712, 0.004852,False
1780957222.3836, 0.003069,False
1780957222.3881, 0.000949,False
1780957222.3930, 0.009288,False
1780957222.3976, 0.007400,False
1780957222.4018, 0.000120,False
1780957222.4083, 0.002994,False
1780957222.4130, 0.001392,False
1780957222.4173, 0.009757,False
1780957222.6286, 0.007926,False
1780957222.6335, 0.006187,False
1780957222.6379, 0.004473,False
1780957222.6423, 0.002345,False
1780957222.6469, 0.000474,False
1780957222.6512, 0.002993,False
1780957222.6577, 0.006240,False
1780957222.6620, 0.003926,False
1780957222.8928, 0.002061,False
1780957222.8976, 0.000272,False
1780957222.9038, 0.008126,False
1780957222.9089, 0.005758,False
1780957222.9135, 0.004436,False
1780957222.9179, 0.002618,False
1780957222.9227, 0.000805,False
1780957222.9273, 0.008863,False
1780957223.0332, 0.006769,False
1780957223.1481, 0.004843,False
1780957223.1529, 0.002998,False
1780957223.1579, 0.001172,False
1780957223.1624, 0.009378,False
1780957223.1667, 0.007614,False
1780957223.1711, 0.005685,False
1780957223.1757, 0.003390,False
1780957223.4012, 0.001642,False
1780957223.4061, 0.009752,False
1780957223.4123, 0.007798,False
1780957223.4170, 0.006208,False
1780957223.4215, 0.004361,False
1780957223.4267, 0.002436,False
1780957223.4311, 0.010196,False
1780957223.4357, 0.008123,False
1780957223.6548, 0.005967,False
1780957223.6593, 0.004203,False
1780957223.6640, 0.002244,False
1780957223.6695, 0.000344,False
1780957223.6745, 0.008555,False
1780957223.6789, 0.006562,False
1780957223.6834, 0.004930,False
1780957223.6875, 0.002649,False
1780957223.9257, 0.000522,False
1780957223.9303, 0.000138,False
1780957223.9369, 0.006454,False
1780957223.9417, 0.004589,False
1780957223.9461, 0.002590,False
1780957223.9504, 0.000868,False
1780957223.9547, 0.008765,False
1780957223.9591, 0.006369,False
1780957224.1813, 0.005072,False
1780957224.1861, 0.003235,False
1780957224.1914, 0.001269,False
1780957224.1962, 0.009215,False
1780957224.2005, 0.002116,False
1780957224.2084, 0.005309,False
1780957224.2135, 0.003390,False
1780957224.2181, 0.001093,False
1780957224.4335, 0.009186,False
1780957224.4390, 0.007472,False
1780957224.4450, 0.005771,False
1780957224.4496, 0.003591,False
1780957224.4541, 0.001469,False
1780957224.4591, 0.009664,False
1780957224.4635, 0.007498,False
1780957224.4679, 0.005681,False
1780957224.6865, 0.004040,False
1780957224.6912, 0.001946,False
1780957224.6957, 0.009762,False
1780957224.7003, 0.007512,False
1780957224.7048, 0.005932,False
1780957224.7095, 0.004165,False
1780957224.7143, 0.002409,False
1780957224.7189, 0.000309,False
1780957224.9439, 0.008526,False
1780957224.9493, 0.006622,False
1780957224.9546, 0.004604,False
1780957224.9597, 0.002896,False
1780957224.9644, 0.000970,False
1780957224.9688, 0.009165,False
1780957224.9741, 0.007261,False
1780957224.9787, 0.005424,False
1780957225.1938, 0.003055,False
1780957225.1985, 0.001138,False
1780957225.2029, 0.009394,False
1780957225.2075, 0.007252,False
1780957225.2118, 0.005065,False
1780957225.2161, 0.003123,False
1780957225.2202, 0.000119,False
1780957225.2274, 0.009376,False
1780957225.4628, 0.007655,False
1780957225.4695, 0.005742,False
1780957225.4751, 0.003551,False
1780957225.4806, 0.001663,False
1780957225.4852, 0.009696,False
1780957225.4902, 0.007848,False
1780957225.4949, 0.005837,False
1780957225.4994, 0.003445,False
1780957225.7221, 0.001542,False
1780957225.7270, 0.009653,False
1780957225.7317, 0.007900,False
1780957225.7359, 0.000970,False
1780957225.7426, 0.004385,False
1780957225.7469, 0.002376,False
1780957225.7514, 0.010012,False
1780957225.7558, 0.008083,False
1780957225.7600, 0.005876,False
1780957225.9782, 0.003936,False
1780957225.9829, 0.002254,False
1780957225.9896, 0.000378,False
1780957225.9952, 0.008134,False
1780957226.0003, 0.006295,False
1780957226.0059, 0.004113,False
1780957226.0104, 0.002310,False
1780957226.0146, 0.000341,False
1780957226.2459, 0.008434,False
1780957226.2507, 0.006202,False
1780957226.2553, 0.004354,False
1780957226.2600, 0.001955,False
1780957226.2644, 0.010275,False
1780957226.2687, 0.008424,False
1780957226.2736, 0.006833,False
1780957226.2782, 0.004864,False
1780957226.5011, 0.002717,False
1780957226.5061, 0.000813,False
1780957226.5109, 0.008774,False
1780957226.5154, 0.007134,False
1780957226.5198, 0.005204,False
1780957226.5245, 0.002897,False
1780957226.5292, 0.001063,False
1780957226.5336, 0.009094,False
1780957226.7606, 0.007327,False
1780957226.7654, 0.005495,False
1780957226.7697, 0.000128,False
1780957226.7763, 0.001229,False
1780957226.7808, 0.009281,False
1780957226.7863, 0.007042,False
1780957226.7911, 0.005492,False
1780957226.7954, 0.003748,False
1780957227.0116, 0.001852,False
1780957227.0162, 0.004868,False
1780957227.0235, 0.008128,False
1780957227.0280, 0.006365,False
1780957227.0324, 0.003993,False
1780957227.0370, 0.002342,False
1780957227.0418, 0.000338,False
1780957227.0463, 0.008011,False
1780957227.2796, 0.006425,False
1780957227.2844, 0.004553,False
1780957227.2889, 0.002634,False
1780957227.2932, 0.000784,False
1780957227.2978, 0.008810,False
1780957227.3023, 0.007246,False
1780957227.3076, 0.005153,False
1780957227.3123, 0.003254,False
1780957227.5326, 0.001568,False
1780957227.5371, 0.009896,False
1780957227.5422, 0.008504,False
1780957227.5469, 0.006466,False
1780957227.5514, 0.004546,False
1780957227.5561, 0.002707,False
1780957227.5612, 0.000881,False
1780957227.5658, 0.008946,False
1780957227.7720, 0.007187,False
1780957227.7768, 0.005281,False
1780957227.7814, 0.003478,False
1780957227.7859, 0.001593,False
1780957227.7903, 0.009808,False
1780957227.7947, 0.008599,False
1780957227.7993, 0.006940,False
1780957227.8036, 0.005074,False
1780957228.0249, 0.003234,False
1780957228.0305, 0.001311,False
1780957228.0354, 0.009468,False
1780957228.0401, 0.007527,False
1780957228.0448, 0.005747,False
1780957228.0492, 0.003980,False
1780957228.0539, 0.002079,False
1780957228.0591, 0.000130,False
1780957228.2951, 0.008082,False
1780957228.2999, 0.005993,False
1780957228.3046, 0.003935,False
1780957228.3092, 0.002188,False
1780957228.3136, 0.000807,False
1780957228.3179, 0.008797,False
1780957228.3227, 0.007163,False
1780957228.3272, 0.005810,False
1780957228.5517, 0.004161,False
1780957228.5570, 0.002190,False
1780957228.5620, 0.000409,False
1780957228.5667, 0.008348,False
1780957228.5712, 0.006757,False
1780957228.5756, 0.004886,False
1780957228.5800, 0.003191,False
1780957228.5842, 0.001732,False
1780957228.8069, 0.004817,False
1780957228.8153, 0.008446,False
1780957228.8206, 0.006708,False
1780957228.8259, 0.004850,False
1780957228.8310, 0.002984,False
1780957228.8355, 0.001399,False
1780957228.8402, 0.009451,False
1780957228.8447, 0.007786,False
1780957228.8487, 0.000773,False
1780957229.0631, 0.003632,False
1780957229.0678, 0.001732,False
1780957229.0727, 0.010007,False
1780957229.0773, 0.008273,False
1780957229.0817, 0.006316,False
1780957229.0862, 0.004378,False
1780957229.0910, 0.002510,False
1780957229.0954, 0.000832,False
1780957229.3281, 0.009129,False
1780957229.3329, 0.007345,False
1780957229.3376, 0.005434,False
1780957229.3425, 0.003592,False
1780957229.3469, 0.001650,False
1780957229.3514, 0.009821,False
1780957229.3566, 0.008210,False
1780957229.3616, 0.006230,False
1780957229.5813, 0.004433,False
1780957229.5859, 0.002910,False
1780957229.5907, 0.001023,False
1780957229.5950, 0.000117,False
1780957229.6013, 0.007411,False
1780957229.6057, 0.005405,False
1780957229.6106, 0.003557,False
1780957229.6151, 0.001635,False
1780957229.7189, 0.009419,False
1780957229.7238, 0.007550,False
1780957229.7283, 0.005660,False
1780957229.7329, 0.003806,False
1780957229.7383, 0.002003,False
1780957229.7455, 0.000206,False
1780957229.8183, 0.008688,False
1780957230.0758, 0.006481,False
1780957230.0823, 0.004624,False
1780957230.0884, 0.002711,False
1780957230.0938, 0.000828,False
1780957230.0983, 0.008361,False
1780957230.1030, 0.006634,False
1780957230.1083, 0.004773,False
1780957230.1129, 0.002878,False
1780957230.3436, 0.001054,False
1780957230.3495, 0.009185,False
1780957230.3546, 0.007576,False
1780957230.3590, 0.005642,False
1780957230.3635, 0.003936,False
1780957230.3682, 0.001980,False
1780957230.3735, 0.000218,False
1780957230.3777, 0.003348,False
1780957230.3840, 0.006070,False
1780957230.5989, 0.004233,False
1780957230.6037, 0.002379,False
1780957230.6087, 0.000493,False
1780957230.6132, 0.008704,False
1780957230.6177, 0.006634,False
1780957230.6228, 0.004505,False
1780957230.6273, 0.002225,False
1780957230.6315, 0.000340,False
1780957230.8556, 0.008701,False
1780957230.8601, 0.006757,False
1780957230.8649, 0.004425,False
1780957230.8697, 0.002654,False
1780957230.8743, 0.000804,False
1780957230.8789, 0.008583,False
1780957230.8832, 0.006172,False
1780957230.8874, 0.003815,False
1780957231.1125, 0.000135,False
1780957231.1198, 0.010133,False
1780957231.1258, 0.007849,False
1780957231.1306, 0.006356,False
1780957231.1350, 0.004004,False
1780957231.1398, 0.002074,False
1780957231.1441, 0.000668,False
1780957231.1483, 0.008346,False
1780957231.3615, 0.006600,False
1780957231.3661, 0.004674,False
1780957231.3706, 0.002890,False
1780957231.3749, 0.000448,False
1780957231.3794, 0.008554,False
1780957231.3840, 0.006600,False
1780957231.3892, 0.004517,False
1780957231.3937, 0.002698,False
1780957231.6339, 0.000494,False
1780957231.6391, 0.008736,False
1780957231.6439, 0.006978,False
1780957231.6485, 0.005043,False
1780957231.6530, 0.003312,False
1780957231.6581, 0.001407,False
1780957231.6625, 0.008973,False
1780957231.6668, 0.007079,False
1780957231.8924, 0.005306,False
1780957231.8980, 0.003395,False
1780957231.9033, 0.001341,False
1780957231.9085, 0.009446,False
1780957231.9136, 0.007542,False
1780957231.9190, 0.000641,False
1780957231.9267, 0.003493,False
1780957231.9316, 0.001610,False
1780957232.1469, 0.009182,False
1780957232.1517, 0.007059,False
1780957232.1571, 0.005100,False
1780957232.1618, 0.002765,False
1780957232.1664, 0.000452,False
1780957232.1716, 0.008436,False
1780957232.1760, 0.006903,False
1780957232.1804, 0.004794,False
1780957232.2974, 0.003242,False
1780957232.3024, 0.001267,False
1780957232.3083, 0.009451,False
1780957232.3130, 0.007880,False
1780957232.3174, 0.006104,False
1780957232.3221, 0.000102,False
1780957232.3288, 0.001664,False
1780957232.4112, 0.009489,False
1780957232.6649, 0.007707,False
1780957232.6703, 0.005835,False
1780957232.6768, 0.003958,False
1780957232.6816, 0.002372,False
1780957232.6862, 0.000498,False
1780957232.6918, 0.008564,False
1780957232.6964, 0.006664,False
1780957232.7007, 0.004425,False
1780957232.9086, 0.002543,False
1780957232.9134, 0.000669,False
1780957232.9179, 0.008529,False
1780957232.9223, 0.006149,False
1780957232.9268, 0.003805,False
1780957232.9314, 0.001991,False
1780957232.9359, 0.010070,False
1780957232.9405, 0.008094,False
1780957233.1779, 0.006131,False
1780957233.1850, 0.003847,False
1780957233.1905, 0.001941,False
1780957233.1956, 0.009954,False
1780957233.2003, 0.003163,False
1780957233.2078, 0.006024,False
1780957233.2127, 0.003933,False
1780957233.2174, 0.001791,False
1780957233.3285, 0.009970,False
1780957233.3335, 0.007646,False
1780957233.3387, 0.005598,False
1780957233.4427, 0.004005,False
1780957233.4476, 0.002431,False
1780957233.4522, 0.000466,False
1780957233.4566, 0.008097,False
1780957233.4609, 0.006446,False
1780957233.5751, 0.004458,False
1780957233.5801, 0.002181,False
1780957233.6982, 0.000520,False
1780957233.7042, 0.008862,False
1780957233.7096, 0.007264,False
1780957233.7142, 0.005554,False
1780957233.7189, 0.003420,False
1780957233.7238, 0.002071,False
1780957233.9397, 0.009888,False
1780957233.9445, 0.008308,False
1780957233.9494, 0.000121,False
1780957233.9561, 0.004739,False
1780957233.9606, 0.003326,False
1780957233.9653, 0.001403,False
1780957233.9697, 0.009748,False
1780957233.9739, 0.007825,False
1780957234.1934, 0.006123,False
1780957234.1982, 0.004130,False
1780957234.2030, 0.002207,False
1780957234.2075, 0.000535,False
1780957234.2119, 0.008646,False
1780957234.2167, 0.006577,False
1780957234.2221, 0.004692,False
1780957234.2267, 0.003153,False
1780957234.4604, 0.001437,False
1780957234.4666, 0.009496,False
1780957234.4719, 0.007918,False
1780957234.4767, 0.006550,False
1780957234.4813, 0.004367,False
1780957234.4859, 0.002804,False
1780957234.4906, 0.000903,False
1780957234.4951, 0.009681,False
1780957234.7090, 0.007687,False
1780957234.7171, 0.005869,False
1780957234.7223, 0.003984,False
1780957234.7274, 0.002516,False
1780957234.7321, 0.001070,False
1780957234.7377, 0.009552,False
1780957234.7424, 0.007860,False
1780957234.7468, 0.006048,False
1780957234.9705, 0.004081,False
1780957234.9765, 0.002944,False
1780957234.9810, 0.001074,False
1780957234.9868, 0.004422,False
1780957234.9941, 0.007910,False
1780957234.9991, 0.005659,False
1780957235.0035, 0.004082,False
1780957235.0080, 0.002375,False
1780957235.0122, 0.000380,False
1780957235.2333, 0.008696,False
1780957235.2388, 0.006709,False
1780957235.2433, 0.004741,False
1780957235.2478, 0.002989,False
1780957235.2523, 0.001590,False
1780957235.2571, 0.010108,False
1780957235.2614, 0.000111,False
1780957235.2684, 0.006901,False
1780957235.4927, 0.004898,False
1780957235.4977, 0.003377,False
1780957235.5023, 0.001443,False
1780957235.5067, 0.010015,False
1780957235.5110, 0.008521,False
1780957235.5154, 0.006697,False
1780957235.5203, 0.005352,False
1780957235.5245, 0.003480,False
1780957235.7465, 0.001956,False
1780957235.7512, 0.000259,False
1780957235.7563, 0.008658,False
1780957235.7612, 0.006518,False
1780957235.7656, 0.004821,False
1780957235.7703, 0.003291,False
1780957235.7751, 0.001436,False
1780957235.7796, 0.009651,False
1780957236.0073, 0.007617,False
1780957236.0121, 0.005771,False
1780957236.0169, 0.003765,False
1780957236.0216, 0.001740,False
1780957236.0261, 0.009465,False
1780957236.0306, 0.006964,False
1780957236.0353, 0.005282,False
1780957236.0396, 0.003191,False
1780957236.2629, 0.000903,False
1780957236.2679, 0.008703,False
1780957236.2726, 0.006436,False
1780957236.2773, 0.004612,False
1780957236.2817, 0.002768,False
1780957236.2861, 0.001058,False
1780957236.2905, 0.009168,False
1780957236.2949, 0.007144,False
1780957236.5267, 0.005095,False
1780957236.5322, 0.003006,False
1780957236.5374, 0.000910,False
1780957236.5418, 0.008887,False
1780957236.5462, 0.007187,False
1780957236.5508, 0.004870,False
1780957236.5561, 0.002882,False
1780957236.5610, 0.000717,False
1780957236.7759, 0.008720,False
1780957236.7822, 0.001809,False
1780957236.7907, 0.005266,False
1780957236.7953, 0.000065,False
1780957236.8021, 0.000994,False
1780957236.8068, 0.008830,False
1780957236.8112, 0.007034,False
1780957236.8154, 0.004969,False
1780957237.0436, 0.003411,False
1780957237.0486, 0.001564,False
1780957237.0531, 0.009553,False
1780957237.0575, 0.007522,False
1780957237.0620, 0.005730,False
1780957237.0667, 0.003820,False
1780957237.0714, 0.001822,False
1780957237.0757, 0.010153,False
1780957237.2941, 0.008421,False
1780957237.3000, 0.006825,False
1780957237.3054, 0.004615,False
1780957237.3098, 0.002655,False
1780957237.3144, 0.001015,False
1780957237.3192, 0.009253,False
1780957237.3239, 0.006954,False
1780957237.3284, 0.005181,False
1780957237.3330, 0.003125,False
1780957237.5464, 0.001382,False
1780957237.5511, 0.009605,False
1780957237.5585, 0.007624,False
1780957237.5635, 0.005593,False
1780957237.5683, 0.003614,False
1780957237.5730, 0.001510,False
1780957237.5774, 0.009448,False
1780957237.5818, 0.007450,False
1780957237.8124, 0.005547,False
1780957237.8173, 0.003584,False
1780957237.8221, 0.001750,False
1780957237.8269, 0.009912,False
1780957237.8314, 0.008124,False
1780957237.8360, 0.006344,False
1780957237.8408, 0.004372,False
1780957237.8451, 0.002628,False
1780957238.0735, 0.000718,False
1780957238.0780, 0.008963,False
1780957238.0826, 0.007207,False
1780957238.0873, 0.005139,False
1780957238.0921, 0.003063,False
1780957238.0966, 0.001206,False
1780957238.1011, 0.008919,False
1780957238.1056, 0.000175,False
1780957238.3341, 0.005242,False
1780957238.3388, 0.003150,False
1780957238.3432, 0.001453,False
1780957238.3476, 0.009194,False
1780957238.3526, 0.006787,False
1780957238.3570, 0.004969,False
1780957238.3614, 0.003219,False
1780957238.3656, 0.001031,False
1780957238.5918, 0.009268,False
1780957238.5966, 0.007070,False
1780957238.6013, 0.005228,False
1780957238.6062, 0.003252,False
1780957238.6109, 0.001292,False
1780957238.6155, 0.009592,False
1780957238.6222, 0.007720,False
1780957238.6273, 0.005411,False
1780957238.8458, 0.003516,False
1780957238.8507, 0.001705,False
1780957238.8563, 0.009466,False
1780957238.8611, 0.007701,False
1780957238.8658, 0.005929,False
1780957238.8712, 0.003604,False
1780957238.8760, 0.001697,False
1780957238.8803, 0.009644,False
1780957239.0887, 0.008389,False
1780957239.0942, 0.006707,False
1780957239.0990, 0.004951,False
1780957239.1036, 0.003111,False
1780957239.1082, 0.000808,False
1780957239.1129, 0.008766,False
1780957239.1175, 0.006671,False
1780957239.1218, 0.004415,False
1780957239.3496, 0.002658,False
1780957239.3545, 0.000702,False
1780957239.3599, 0.008810,False
1780957239.3649, 0.006893,False
1780957239.3701, 0.005262,False
1780957239.3749, 0.003180,False
1780957239.3795, 0.001093,False
1780957239.3842, 0.008790,False
1780957239.6118, 0.006843,False
1780957239.6166, 0.004838,False
1780957239.6214, 0.002979,False
1780957239.6260, 0.001149,False
1780957239.6302, 0.000138,False
1780957239.6374, 0.006956,False
1780957239.6416, 0.000202,False
1780957239.6482, 0.003161,False
1780957239.8626, 0.001392,False
1780957239.8681, 0.009357,False
1780957239.8737, 0.007982,False
1780957239.8782, 0.006298,False
1780957239.8827, 0.004468,False
1780957239.8887, 0.002354,False
1780957239.8936, 0.000312,False
1780957239.8978, 0.008752,False
1780957240.1226, 0.006394,False
1780957240.1281, 0.005038,False
1780957240.1327, 0.003150,False
1780957240.1373, 0.001375,False
1780957240.1419, 0.009437,False
1780957240.1466, 0.007677,False
1780957240.1511, 0.005383,False
1780957240.1555, 0.003517,False
1780957240.3838, 0.001820,False
1780957240.3889, 0.009697,False
1780957240.3936, 0.007908,False
1780957240.3980, 0.006390,False
1780957240.4028, 0.004663,False
1780957240.4073, 0.002844,False
1780957240.4118, 0.001194,False
1780957240.4161, 0.009431,False
1780957240.6415, 0.007708,False
1780957240.6474, 0.005811,False
1780957240.6525, 0.003538,False
1780957240.6574, 0.001571,False
1780957240.6622, 0.010049,False
1780957240.6670, 0.008093,False
1780957240.6725, 0.005825,False
1780957240.6770, 0.004050,False
1780957240.8892, 0.002446,False
1780957240.8954, 0.000211,False
1780957240.9001, 0.008437,False
1780957240.9049, 0.006685,False
1780957240.9096, 0.004817,False
1780957240.9139, 0.002826,False
1780957240.9189, 0.001060,False
1780957240.9236, 0.009450,False
1780957241.1532, 0.007917,False
1780957241.1587, 0.000064,False
1780957241.1658, 0.005016,False
1780957241.1707, 0.003242,False
1780957241.1758, 0.001387,False
1780957241.1808, 0.004307,False
1780957241.1879, 0.007827,False
1780957241.1929, 0.005887,False
1780957241.1975, 0.003514,False
1780957241.4190, 0.001612,False
1780957241.4243, 0.010100,False
1780957241.4288, 0.007959,False
1780957241.4336, 0.006203,False
1780957241.4381, 0.004482,False
1780957241.4424, 0.002885,False
1780957241.4466, 0.001251,False
1780957241.4509, 0.009582,False
1780957241.6937, 0.007545,False
1780957241.6984, 0.005294,False
1780957241.7049, 0.003224,False
1780957241.7095, 0.001758,False
1780957241.7141, 0.009865,False
1780957241.7191, 0.007898,False
1780957241.7239, 0.006230,False
1780957241.7284, 0.004967,False
1780957241.9386, 0.003158,False
1780957241.9438, 0.001677,False
1780957241.9482, 0.000249,False
1780957241.9532, 0.008871,False
1780957241.9578, 0.007550,False
1780957241.9622, 0.005553,False
1780957241.9666, 0.003606,False
1780957241.9717, 0.001731,False
1780957242.1914, 0.010130,False
1780957242.1960, 0.008442,False
1780957242.2008, 0.006562,False
1780957242.2053, 0.005041,False
1780957242.2098, 0.003350,False
1780957242.2148, 0.001556,False
1780957242.2194, 0.009772,False
1780957242.2240, 0.007893,False
1780957242.4537, 0.006277,False
1780957242.4585, 0.004261,False
1780957242.4642, 0.002357,False
1780957242.4694, 0.000452,False
1780957242.4738, 0.008740,False
1780957242.4779, 0.000045,False
1780957242.4843, 0.005222,False
1780957242.4886, 0.003882,False
1780957242.4929, 0.001923,False
1780957242.7096, 0.000351,False
1780957242.7144, 0.008770,False
1780957242.7194, 0.007123,False
1780957242.7240, 0.005422,False
1780957242.7284, 0.003917,False
1780957242.7330, 0.002167,False
1780957242.7378, 0.000587,False
1780957242.9559, 0.009026,False
1780957242.9629, 0.007425,False
1780957242.9695, 0.005857,False
1780957242.9751, 0.004096,False
1780957242.9805, 0.002463,False
1780957242.9871, 0.000786,False
1780957242.9918, 0.009230,False
1780957242.9964, 0.007408,False
1780957243.2164, 0.005861,False
1780957243.2239, 0.004551,False
1780957243.2298, 0.002961,False
1780957243.2350, 0.001067,False
1780957243.2401, 0.009209,False
1780957243.2470, 0.007999,False
1780957243.2537, 0.006185,False
1780957243.2586, 0.004033,False
1780957243.2632, 0.002323,False
1780957243.5907, 0.000439,False
1780957243.5953, 0.008278,False
1780957243.5995, 0.001720,False
1780957243.6067, 0.005402,False
1780957243.6114, 0.003708,False
1780957243.6160, 0.002365,False
1780957243.6206, 0.000875,False
1780957243.6249, 0.009171,False
1780957243.7259, 0.007481,False
1780957243.7305, 0.005483,False
1780957243.7358, 0.003355,False
1780957243.7403, 0.001461,False
1780957243.7447, 0.009543,False
1780957243.7492, 0.007555,False
1780957243.7539, 0.005564,False
1780957243.7581, 0.003615,False
1780957243.8735, 0.001894,False
1780957243.9896, 0.000094,False
1780957243.9975, 0.008127,False
1780957244.0033, 0.006467,False
1780957244.0095, 0.004565,False
1780957244.0142, 0.002394,False
1780957244.0194, 0.001104,False
1780957244.0246, 0.008979,False
1780957244.2356, 0.006974,False
1780957244.2404, 0.004981,False
1780957244.2451, 0.003042,False
1780957244.2496, 0.000702,False
1780957244.2540, 0.008975,False
1780957244.2585, 0.006573,False
1780957244.2635, 0.004986,False
1780957244.2683, 0.003277,False
1780957244.4891, 0.001437,False
1780957244.4939, 0.009727,False
1780957244.4990, 0.007595,False
1780957244.5039, 0.005841,False
1780957244.5083, 0.004221,False
1780957244.5127, 0.002127,False
1780957244.5183, 0.000315,False
1780957244.5229, 0.008577,False
1780957244.7560, 0.006733,False
1780957244.7624, 0.004781,False
1780957244.7678, 0.002761,False
1780957244.7724, 0.000710,False
1780957244.7771, 0.009053,False
1780957244.7817, 0.007245,False
1780957244.7865, 0.005417,False
1780957244.7910, 0.003417,False
1780957245.0103, 0.001698,False
1780957245.0152, 0.004533,False
1780957245.0223, 0.007861,False
1780957245.0269, 0.005819,False
1780957245.0314, 0.003401,False
1780957245.0363, 0.001482,False
1780957245.0414, 0.010009,False
1780957245.0458, 0.008017,False
1780957245.2704, 0.006066,False
1780957245.2753, 0.004414,False
1780957245.2798, 0.002575,False
1780957245.2842, 0.000671,False
1780957245.2889, 0.008889,False
1780957245.2934, 0.006961,False
1780957245.2977, 0.000117,False
1780957245.3045, 0.003210,False
1780957245.5195, 0.001463,False
1780957245.5242, 0.009577,False
1780957245.5287, 0.007323,False
1780957245.5337, 0.005618,False
1780957245.5390, 0.003890,False
1780957245.5436, 0.001825,False
1780957245.5483, 0.010150,False
1780957245.5533, 0.008285,False
1780957245.7894, 0.006200,False
1780957245.7942, 0.004657,False
1780957245.7988, 0.002840,False
1780957245.8034, 0.000619,False
1780957245.8083, 0.008612,False
1780957245.8130, 0.006627,False
1780957245.8187, 0.004252,False
1780957245.8234, 0.002183,False
1780957246.0383, 0.000311,False
1780957246.0433, 0.008522,False
1780957246.0478, 0.006673,False
1780957246.0533, 0.004864,False
1780957246.0591, 0.003125,False
1780957246.0637, 0.000961,False
1780957246.0686, 0.008919,False
1780957246.0729, 0.007168,False
1780957246.3009, 0.005269,False
1780957246.3055, 0.003232,False
1780957246.3103, 0.001109,False
1780957246.3151, 0.008991,False
1780957246.3196, 0.007133,False
1780957246.3242, 0.005324,False
1780957246.3286, 0.003557,False
1780957246.3331, 0.001930,False
1780957246.5494, 0.004728,False
1780957246.5590, 0.007420,False
1780957246.5638, 0.005511,False
1780957246.5689, 0.003549,False
1780957246.5739, 0.001852,False
1780957246.5786, 0.010352,False
1780957246.5840, 0.008448,False
1780957246.5887, 0.006101,False
1780957246.8207, 0.004367,False
1780957246.8255, 0.002409,False
1780957246.8301, 0.000432,False
1780957246.8344, 0.000000,False
1780957246.8411, 0.006488,False
1780957246.8456, 0.004613,False
1780957246.8511, 0.002744,False
1780957246.8563, 0.000359,False
1780957247.0708, 0.008950,False
1780957247.0766, 0.007293,False
1780957247.0813, 0.005511,False
1780957247.0862, 0.003329,False
1780957247.0949, 0.001431,False
1780957247.1010, 0.009635,False
1780957247.1082, 0.007857,False
1780957247.1143, 0.005516,False
1780957247.1216, 0.004018,False
1780957247.3356, 0.002150,False
1780957247.3403, 0.000381,False
1780957247.3449, 0.008340,False
1780957247.3493, 0.006975,False
1780957247.3537, 0.005021,False
1780957247.3581, 0.003210,False
1780957247.3628, 0.001393,False
1780957247.3673, 0.009505,False
1780957247.5861, 0.007950,False
1780957247.5918, 0.005978,False
1780957247.5969, 0.004123,False
1780957247.6026, 0.001777,False
1780957247.6071, 0.009969,False
1780957247.6117, 0.008055,False
1780957247.6166, 0.006232,False
1780957247.6213, 0.004436,False
1780957247.8560, 0.002619,False
1780957247.8607, 0.000817,False
1780957247.8651, 0.009034,False
1780957247.8695, 0.006943,False
1780957247.8741, 0.005465,False
1780957247.8792, 0.003931,False
1780957247.8843, 0.002167,False
1780957247.8890, 0.009918,False
1780957248.2104, 0.008170,False
1780957248.2155, 0.006374,False
1780957248.2207, 0.004675,False
1780957248.2254, 0.002792,False
1780957248.2303, 0.000529,False
1780957248.2350, 0.008597,False
1780957248.2394, 0.001689,False
1780957248.2460, 0.000110,False
1780957248.3682, 0.003022,False
1780957248.3729, 0.001214,False
1780957248.3775, 0.009279,False
1780957248.3822, 0.007721,False
1780957248.3867, 0.005673,False
1780957248.3914, 0.003565,False
1780957248.3960, 0.001755,False
1780957248.4005, 0.009401,False
1780957248.6212, 0.008027,False
1780957248.6261, 0.006174,False
1780957248.7390, 0.004333,False
1780957248.7438, 0.002459,False
1780957248.7485, 0.000671,False
1780957248.7531, 0.008916,False
1780957248.7576, 0.006947,False
1780957248.7619, 0.005057,False
1780957248.8736, 0.002793,False
1780957248.8785, 0.000569,False
1780957248.8843, 0.008926,False
1780957248.8895, 0.007083,False
1780957248.8947, 0.005303,False
1780957248.9002, 0.003234,False
1780957248.9048, 0.001265,False
1780957248.9091, 0.009629,False
1780957249.1382, 0.007870,False
1780957249.1450, 0.005517,False
1780957249.1508, 0.003188,False
1780957249.1560, 0.001462,False
1780957249.1607, 0.009786,False
1780957249.1656, 0.007430,False
1780957249.1703, 0.005488,False
1780957249.1746, 0.003914,False
1780957249.4031, 0.001762,False
1780957249.4080, 0.009630,False
1780957249.4124, 0.007620,False
1780957249.4168, 0.005808,False
1780957249.4211, 0.003445,False
1780957249.4255, 0.001659,False
1780957249.4301, 0.009727,False
1780957249.4344, 0.008008,False
1780957249.4386, 0.006167,False
1780957249.6555, 0.004258,False
1780957249.6605, 0.002249,False
1780957249.6659, 0.000334,False
1780957249.6705, 0.000000,False
1780957249.6772, 0.001265,False
1780957249.6845, 0.004256,False
1780957249.6890, 0.001929,False
1780957249.6934, 0.000240,False
1780957249.9243, 0.008180,False
1780957249.9294, 0.006394,False
1780957249.9343, 0.004628,False
1780957249.9388, 0.003069,False
1780957249.9434, 0.001313,False
1780957249.9488, 0.009466,False
1780957249.9543, 0.007548,False
1780957249.9586, 0.005532,False
1780957250.1767, 0.003899,False
1780957250.1821, 0.001906,False
1780957250.1866, 0.000236,False
1780957250.1911, 0.008319,False
1780957250.1954, 0.006422,False
1780957250.2000, 0.004724,False
1780957250.2048, 0.002697,False
1780957250.2094, 0.000657,False
1780957250.4336, 0.008737,False
1780957250.5380, 0.007335,False
1780957250.5442, 0.005612,False
1780957250.5493, 0.003736,False
1780957250.5545, 0.001894,False
1780957250.5589, 0.010056,False
1780957250.5635, 0.008223,False
1780957250.5680, 0.006505,False
1780957250.6876, 0.004816,False
1780957250.6924, 0.002923,False
1780957250.6977, 0.001015,False
1780957250.7023, 0.009460,False
1780957250.7069, 0.007954,False
1780957250.7114, 0.006101,False
1780957250.7167, 0.004156,False
1780957250.7214, 0.002287,False
1780957250.9580, 0.000400,False
1780957250.9639, 0.008692,False
1780957250.9690, 0.006996,False
1780957250.9736, 0.005040,False
1780957250.9781, 0.003344,False
1780957250.9832, 0.001216,False
1780957250.9883, 0.009808,False
1780957250.9927, 0.007928,False
1780957251.2104, 0.000143,False
1780957251.2197, 0.004405,False
1780957251.2243, 0.002979,False
1780957251.2289, 0.001129,False
1780957251.2341, 0.009209,False
1780957251.2389, 0.006977,False
1780957251.2434, 0.004929,False
1780957251.2477, 0.003499,False
1780957251.4663, 0.000927,False
1780957251.4712, 0.009109,False
1780957251.4758, 0.007471,False
1780957251.4801, 0.000586,False
1780957251.4870, 0.003648,False
1780957251.4918, 0.001933,False
1780957251.4966, 0.010038,False
1780957251.5013, 0.008210,False
1780957251.7218, 0.006283,False
1780957251.7293, 0.004669,False
1780957251.7351, 0.002691,False
1780957251.7401, 0.000736,False
1780957251.7446, 0.008818,False
1780957251.7494, 0.006902,False
1780957251.7540, 0.004963,False
1780957251.7586, 0.002983,False
1780957251.7631, 0.001331,False
1780957251.9890, 0.009350,False
1780957251.9939, 0.007771,False
1780957251.9987, 0.005674,False
1780957252.0032, 0.003951,False
1780957252.0077, 0.002419,False
1780957252.0122, 0.000941,False
1780957252.0174, 0.009074,False
1780957252.0220, 0.007363,False
1780957252.2541, 0.005392,False
1780957252.2588, 0.003274,False
1780957252.2633, 0.001857,False
1780957252.2684, 0.010075,False
1780957252.2732, 0.008432,False
1780957252.2780, 0.006352,False
1780957252.2830, 0.004472,False
1780957252.2874, 0.002679,False
1780957252.5007, 0.000737,False
1780957252.5056, 0.009244,False
1780957252.5103, 0.007700,False
1780957252.5150, 0.005992,False
1780957252.5193, 0.000118,False
1780957252.5260, 0.002299,False
1780957252.5305, 0.010021,False
1780957252.5348, 0.008361,False
1780957252.7567, 0.006491,False
1780957252.7614, 0.004557,False
1780957252.7661, 0.003094,False
1780957252.7706, 0.000917,False
1780957252.7750, 0.009039,False
1780957252.7800, 0.006882,False
1780957252.7850, 0.004939,False
1780957252.7893, 0.002865,False
1780957252.9077, 0.001307,False
1780957252.9130, 0.003912,False
1780957253.0153, 0.007213,False
1780957253.0227, 0.005335,False
1780957253.0281, 0.002968,False
1780957253.0342, 0.000988,False
1780957253.0391, 0.008884,False
1780957253.0458, 0.006769,False
1780957253.2773, 0.004704,False
1780957253.3916, 0.002888,False
1780957253.3969, 0.000782,False
1780957253.4018, 0.008807,False
1780957253.4064, 0.007149,False
1780957253.4109, 0.005155,False
1780957253.4155, 0.002900,False
1780957253.4201, 0.000451,False
1780957253.5186, 0.008760,False
1780957253.5233, 0.006233,False
1780957253.5279, 0.004575,False
1780957253.5324, 0.002475,False
1780957253.5368, 0.000523,False
1780957253.5412, 0.008671,False
1780957253.5458, 0.006549,False
1780957253.5504, 0.004889,False
1780957253.7729, 0.003233,False
1780957253.7776, 0.001331,False
1780957253.7824, 0.009425,False
1780957253.7880, 0.007646,False
1780957253.7927, 0.005897,False
1780957253.7975, 0.003471,False
1780957253.8024, 0.001643,False
1780957253.8068, 0.010005,False
1780957254.0372, 0.008005,False
1780957254.0417, 0.000151,False
1780957254.0492, 0.004500,False
1780957254.0539, 0.002517,False
1780957254.0585, 0.000786,False
1780957254.0632, 0.008497,False
1780957254.0679, 0.006276,False
1780957254.0723, 0.004300,False
1780957254.2926, 0.002000,False
1780957254.2988, 0.010091,False
1780957254.3036, 0.008061,False
1780957254.3083, 0.006101,False
1780957254.3132, 0.004387,False
1780957254.3187, 0.001912,False
1780957254.3234, 0.009768,False
1780957254.3278, 0.007819,False
1780957254.5397, 0.000485,False
1780957254.5471, 0.003680,False
1780957254.5525, 0.001845,False
1780957254.5571, 0.009951,False
1780957254.5620, 0.008158,False
1780957254.5666, 0.006202,False
1780957254.5714, 0.004675,False
1780957254.5759, 0.002694,False
1780957254.7915, 0.000819,False
1780957254.7972, 0.009069,False
1780957254.8035, 0.006712,False
1780957254.8083, 0.004746,False
1780957254.8130, 0.003116,False
1780957254.8180, 0.001301,False
1780957254.8224, 0.009009,False
1780957254.8268, 0.007137,False
1780957254.9401, 0.005272,False
1780957254.9448, 0.003497,False
1780957255.0567, 0.001462,False
1780957255.0617, 0.009482,False
1780957255.0666, 0.007639,False
1780957255.0713, 0.005814,False
1780957255.0760, 0.004305,False
1780957255.0811, 0.002365,False
1780957255.3074, 0.000673,False
1780957255.3123, 0.008399,False
1780957255.3173, 0.006559,False
1780957255.3221, 0.004825,False
1780957255.3265, 0.002933,False
1780957255.3317, 0.001071,False
1780957255.4182, 0.000075,False
1780957255.4253, 0.006806,False
1780957255.5687, 0.005238,False
1780957255.5751, 0.003010,False
1780957255.5801, 0.001088,False
1780957255.5847, 0.009209,False
1780957255.5894, 0.007179,False
1780957255.5948, 0.004955,False
1780957255.6016, 0.003108,False
1780957255.6059, 0.001187,False
1780957255.8266, 0.009481,False
1780957255.8336, 0.007514,False
1780957255.8381, 0.005995,False
1780957255.8426, 0.005152,False
1780957255.8479, 0.002273,False
1780957255.8526, 0.000743,False
1780957255.8574, 0.008596,False
1780957255.8618, 0.001351,False
1780957256.0878, 0.004462,False
1780957256.0926, 0.002584,False
1780957256.0976, 0.000447,False
1780957256.1024, 0.008113,False
1780957256.1069, 0.006286,False
1780957256.1117, 0.004158,False
1780957256.1167, 0.002624,False
1780957256.1212, 0.000320,False
1780957256.3399, 0.008781,False
1780957256.4382, 0.006805,False
1780957256.4437, 0.004399,False
1780957256.4486, 0.002287,False
1780957256.4534, 0.010155,False
1780957256.4579, 0.008385,False
1780957256.4623, 0.006179,False
1780957256.4669, 0.004152,False
1780957256.5852, 0.002098,False
1780957256.5916, 0.009461,False
1780957256.5960, 0.007624,False
1780957256.6006, 0.005439,False
1780957256.6051, 0.003296,False
1780957256.6112, 0.001552,False
1780957256.6161, 0.009536,False
1780957256.6204, 0.007598,False
1780957256.8437, 0.005648,False
1780957256.8484, 0.003627,False
1780957256.8535, 0.001539,False
1780957256.8584, 0.000118,False
1780957256.8660, 0.007753,False
1780957256.8704, 0.005788,False
1780957256.9557, 0.003966,False
1780957256.9605, 0.002030,False
1780957257.0870, 0.009951,False
1780957257.0916, 0.008033,False
1780957257.0961, 0.006303,False
1780957257.1009, 0.004192,False
1780957257.1055, 0.002468,False
1780957257.1101, 0.000458,False
1780957257.1152, 0.003847,False
1780957257.1221, 0.006864,False
1780957257.3574, 0.004637,False
1780957257.3627, 0.002889,False
1780957257.3693, 0.000912,False
1780957257.3740, 0.009293,False
1780957257.3786, 0.007445,False
1780957257.3835, 0.005539,False
1780957257.3884, 0.003745,False
1780957257.3928, 0.001689,False
1780957257.6136, 0.009553,False
1780957257.6186, 0.007895,False
1780957257.6246, 0.006415,False
1780957257.6303, 0.004107,False
1780957257.6355, 0.002269,False
1780957257.6409, 0.010038,False
1780957257.6461, 0.008013,False
1780957257.6504, 0.006076,False
1780957257.8788, 0.004327,False
1780957257.8838, 0.002325,False
1780957257.8888, 0.000548,False
1780957257.8936, 0.008746,False
1780957257.8994, 0.006799,False
1780957257.9045, 0.004496,False
1780957257.9091, 0.002503,False
1780957257.9139, 0.000301,False
1780957258.1336, 0.008573,False
1780957258.1383, 0.006692,False
1780957258.1432, 0.004786,False
1780957258.1484, 0.003113,False
1780957258.1531, 0.001318,False
1780957258.1576, 0.009445,False
1780957258.1627, 0.007906,False
1780957258.1681, 0.005887,False
1780957258.3886, 0.000108,False
1780957258.3959, 0.002001,False
1780957258.4010, 0.000298,False
1780957258.4056, 0.007709,False
1780957258.4101, 0.006183,False
1780957258.4156, 0.004410,False
1780957258.4203, 0.002127,False
1780957258.4250, 0.000315,False
1780957258.6428, 0.008079,False
1780957258.6477, 0.006132,False
1780957258.6525, 0.004229,False
1780957258.6570, 0.002032,False
1780957258.6618, 0.010039,False
1780957258.7452, 0.003343,False
1780957258.7521, 0.006548,False
1780957258.7568, 0.004123,False
1780957258.8650, 0.002314,False
1780957258.8734, 0.000436,False
1780957258.8801, 0.008296,False
1780957258.8849, 0.005908,False
1780957258.8897, 0.004180,False
1780957258.8941, 0.002211,False
1780957258.8985, 0.000415,False
1780957258.9032, 0.008544,False
1780957258.9085, 0.006520,False
1780957258.9140, 0.004496,False
1780957258.9185, 0.003096,False
1780957442.4499, 0.007176,False
1780957442.4551, 0.005471,False
1780957442.4598, 0.003306,False
1780957442.4648, 0.001693,False
1780957442.4696, 0.009777,False
1780957442.4741, 0.007410,False
1780957442.4790, 0.006194,False
1780957442.4845, 0.004311,False
1780957442.4896, 0.002551,False
1780957442.4947, 0.000696,False
1780957442.4996, 0.008559,False
1780957442.5041, 0.006828,False
1780957442.5355, 0.000146,False
1780957442.5423, 0.002650,False
1780957442.5467, 0.001015,False
1780957442.7909, 0.009121,False
1780957442.7979, 0.007045,False
1780957442.8030, 0.005282,False
1780957442.8076, 0.003734,False
1780957442.8121, 0.001462,False
1780957442.8167, 0.009433,False
1780957442.8217, 0.007697,False
1780957442.8261, 0.005709,False
1780957442.8302, 0.003752,False
1780957443.0470, 0.001412,False
1780957443.0527, 0.009615,False
1780957443.0582, 0.007489,False
1780957443.0626, 0.005515,False
1780957443.0670, 0.003721,False
1780957443.0716, 0.001299,False
1780957443.0764, 0.009314,False
1780957443.0810, 0.007700,False
1780957443.3070, 0.001932,False
1780957443.3139, 0.004065,False
1780957443.3186, 0.001776,False
1780957443.3232, 0.009919,False
1780957443.3276, 0.008171,False
1780957443.3322, 0.006229,False
1780957443.3370, 0.004338,False
1780957443.3414, 0.002751,False
1780957443.5737, 0.000807,False
1780957443.5783, 0.009004,False
1780957443.5836, 0.007187,False
1780957443.5890, 0.004840,False
1780957443.5943, 0.002893,False
1780957443.5989, 0.000885,False
1780957443.6052, 0.009320,False
1780957443.6097, 0.007624,False
1780957443.8272, 0.005400,False
1780957443.8318, 0.003645,False
1780957443.8372, 0.001514,False
1780957443.8421, 0.008967,False
1780957443.8466, 0.007519,False
1780957443.8518, 0.005048,False
1780957443.8566, 0.002614,False
1780957443.8609, 0.000777,False
1780957444.0747, 0.008512,False
1780957444.0789, 0.000080,False
1780957444.0857, 0.005004,False
1780957444.0903, 0.003092,False
1780957444.0948, 0.001198,False
1780957444.0997, 0.009597,False
1780957444.1044, 0.007835,False
1780957444.1087, 0.005842,False
1780957444.4408, 0.004170,False
1780957444.4454, 0.001646,False
1780957444.4499, 0.010003,False
1780957444.4542, 0.008033,False
1780957444.4585, 0.005979,False
1780957444.4631, 0.004126,False
1780957444.4681, 0.002114,False
1780957444.4729, 0.005849,False
1780957444.5942, 0.008068,False
1780957444.5988, 0.006470,False
1780957444.6036, 0.004858,False
1780957444.6083, 0.002521,False
1780957444.6130, 0.000217,False
1780957444.6181, 0.008362,False
1780957444.6224, 0.006185,False
1780957444.6268, 0.000142,False
1780957444.8596, 0.002392,False
1780957444.8644, 0.000727,False
1780957444.8692, 0.009019,False
1780957444.8735, 0.006730,False
1780957444.9661, 0.004792,False
1780957444.9728, 0.002512,False
1780957444.9778, 0.001001,False
1780957444.9824, 0.009282,False
1780957445.1217, 0.007432,False
1780957445.1268, 0.005087,False
1780957445.1311, 0.002807,False
1780957445.1359, 0.001024,False
1780957445.1404, 0.008741,False
1780957445.1447, 0.007213,False
1780957445.1488, 0.005060,False
1780957445.1534, 0.002995,False
1780957445.3922, 0.000970,False
1780957445.3967, 0.009083,False
1780957445.4014, 0.007357,False
1780957445.4058, 0.005614,False
1780957445.4102, 0.003862,False
1780957445.4145, 0.001699,False
1780957445.4187, 0.000110,False
1780957445.4253, 0.008246,False
1780957445.4295, 0.006709,False
1780957445.6443, 0.004661,False
1780957445.6493, 0.002764,False
1780957445.6543, 0.000587,False
1780957445.6587, 0.008987,False
1780957445.6630, 0.006745,False
1780957445.6673, 0.004619,False
1780957445.6719, 0.002479,False
1780957445.6766, 0.000209,False
1780957445.9057, 0.008285,False
1780957445.9108, 0.006414,False
1780957445.9166, 0.004673,False
1780957445.9222, 0.002653,False
1780957445.9267, 0.000855,False
1780957445.9309, 0.004416,False
1780957445.9373, 0.006900,False
1780957445.9417, 0.005100,False
1780957446.1571, 0.003402,False
1780957446.1616, 0.001540,False
1780957446.1660, 0.009658,False
1780957446.1703, 0.007393,False
1780957446.1747, 0.005550,False
1780957446.1800, 0.003534,False
1780957446.1846, 0.001740,False
1780957446.1891, 0.009910,False
1780957446.4124, 0.008475,False
1780957446.4171, 0.006607,False
1780957446.4221, 0.004657,False
1780957446.4269, 0.002771,False
1780957446.4320, 0.000926,False
1780957446.4374, 0.009039,False
1780957446.4426, 0.007287,False
1780957446.4472, 0.005498,False
1780957446.6762, 0.003212,False
1780957446.6808, 0.001447,False
1780957446.6856, 0.009342,False
1780957446.6900, 0.006972,False
1780957446.6945, 0.005067,False
1780957446.6994, 0.003259,False
1780957446.7040, 0.001434,False
1780957446.7082, 0.009983,False
1780957446.9283, 0.008396,False
1780957446.9335, 0.006423,False
1780957446.9387, 0.000129,False
1780957446.9453, 0.002018,False
1780957446.9506, 0.000237,False
1780957446.9557, 0.007897,False
1780957446.9601, 0.005927,False
1780957446.9646, 0.004043,False
1780957447.1852, 0.002150,False
1780957447.1905, 0.010099,False
1780957447.1962, 0.008048,False
1780957447.2012, 0.006250,False
1780957447.2057, 0.004460,False
1780957447.2107, 0.002396,False
1780957447.2151, 0.000699,False
1780957447.2195, 0.008823,False
1780957447.4475, 0.007001,False
1780957447.4533, 0.005162,False
1780957447.4584, 0.002956,False
1780957447.4634, 0.001102,False
1780957447.4682, 0.005224,False
1780957447.4749, 0.007415,False
1780957447.4792, 0.005672,False
1780957447.4837, 0.003660,False
1780957447.7061, 0.001878,False
1780957447.7108, 0.010026,False
1780957447.7152, 0.008460,False
1780957447.7197, 0.006541,False
1780957447.7237, 0.000569,False
1780957447.8248, 0.002687,False
1780957447.8303, 0.000555,False
1780957447.8360, 0.008533,False
1780957447.9602, 0.006513,False
1780957447.9647, 0.004649,False
1780957447.9700, 0.002730,False
1780957447.9748, 0.000890,False
1780957447.9794, 0.009335,False
1780957447.9846, 0.007178,False
1780957447.9896, 0.005446,False
1780957447.9940, 0.003435,False
1780957448.2022, 0.001543,False
1780957448.2074, 0.009947,False
1780957448.2128, 0.008198,False
1780957448.2179, 0.006009,False
1780957448.2227, 0.004135,False
1780957448.2282, 0.002256,False
1780957448.2350, 0.000519,False
1780957448.2392, 0.000071,False
1780957448.4594, 0.006914,False
1780957448.4642, 0.005469,False
1780957448.4687, 0.003490,False
1780957448.5718, 0.001131,False
1780957448.5766, 0.009624,False
1780957448.5814, 0.007671,False
1780957448.5870, 0.005870,False
1780957448.5914, 0.004117,False
1780957448.7251, 0.002372,False
1780957448.7299, 0.000477,False
1780957448.7353, 0.008593,False
1780957448.7399, 0.006608,False
1780957448.7443, 0.004687,False
1780957448.7489, 0.003108,False
1780957448.7535, 0.001264,False
1780957448.7577, 0.009308,False
1780957448.8585, 0.007108,False
1780957448.8632, 0.004758,False
1780957448.8686, 0.003075,False
1780957448.9831, 0.000995,False
1780957448.9914, 0.009323,False
1780957448.9999, 0.006973,False
1780957449.0057, 0.005333,False
1780957449.0128, 0.003458,False
1780957449.2366, 0.001477,False
1780957449.2419, 0.009669,False
1780957449.2475, 0.007414,False
1780957449.2523, 0.001783,False
1780957449.2601, 0.004194,False
1780957449.2653, 0.001715,False
1780957449.2703, 0.009927,False
1780957449.2751, 0.008020,False
1780957449.3917, 0.006300,False
1780957449.3971, 0.003799,False
1780957449.4021, 0.002219,False
1780957449.4071, 0.010024,False
1780957449.4128, 0.007872,False
1780957449.4187, 0.005846,False
1780957449.4230, 0.004061,False
1780957449.5000, 0.001809,False
1780957449.7552, 0.010044,False
1780957449.7599, 0.008203,False
1780957449.7649, 0.006296,False
1780957449.7695, 0.004472,False
1780957449.7738, 0.000139,False
1780957449.7804, 0.000459,False
1780957449.7856, 0.008598,False
1780957449.7900, 0.006349,False
1780957450.0046, 0.004877,False
1780957450.1151, 0.002445,False
1780957450.1196, 0.000566,False
1780957450.1246, 0.008901,False
1780957450.1292, 0.007253,False
1780957450.1338, 0.005504,False
1780957450.1383, 0.003527,False
1780957450.1426, 0.001693,False
1780957450.2685, 0.009803,False
1780957450.2743, 0.008167,False
1780957450.2792, 0.006238,False
1780957450.2837, 0.004416,False
1780957450.2880, 0.002536,False
1780957450.2924, 0.010091,False
1780957450.2968, 0.008374,False
1780957450.3011, 0.006484,False
1780957450.3053, 0.004993,False
1780957450.5145, 0.002999,False
1780957450.5198, 0.001118,False
1780957450.5251, 0.009335,False
1780957450.5312, 0.007709,False
1780957450.5370, 0.005671,False
1780957450.5420, 0.003827,False
1780957450.5472, 0.001946,False
1780957450.5525, 0.000221,False
1780957450.6721, 0.008328,False
1780957450.6765, 0.002022,False
1780957450.7913, 0.004185,False
1780957450.7960, 0.002177,False
1780957450.8010, 0.000255,False
1780957450.8054, 0.008403,False
1780957450.8099, 0.006090,False
1780957450.8143, 0.004202,False
1780957451.0392, 0.002257,False
1780957451.0444, 0.009926,False
1780957451.0504, 0.008391,False
1780957451.0561, 0.006641,False
1780957451.0606, 0.004467,False
1780957451.0652, 0.002551,False
1780957451.0699, 0.000630,False
1780957451.0744, 0.008716,False
1780957451.2903, 0.000068,False
1780957451.2973, 0.004887,False
1780957451.3016, 0.003290,False
1780957451.3060, 0.001314,False
1780957451.3103, 0.009458,False
1780957451.3147, 0.007852,False
1780957451.3190, 0.005849,False
1780957451.3234, 0.003844,False
1780957451.5350, 0.001877,False
1780957451.5405, 0.000224,False
1780957451.5464, 0.008326,False
1780957451.6364, 0.005826,False
1780957451.6411, 0.003982,False
1780957451.6457, 0.002312,False
1780957451.6505, 0.000236,False
1780957451.8054, 0.008459,False
1780957451.8114, 0.006666,False
1780957451.8166, 0.005340,False
1780957451.8211, 0.002994,False
1780957451.8255, 0.001165,False
1780957451.8301, 0.009283,False
1780957451.8344, 0.006944,False
1780957451.8388, 0.005396,False
1780957451.8430, 0.003417,False
1780957452.0576, 0.001547,False
1780957452.0622, 0.009760,False
1780957452.0670, 0.007501,False
1780957452.0719, 0.005690,False
1780957452.0764, 0.003622,False
1780957452.0811, 0.001922,False
1780957452.0860, 0.009883,False
1780957452.3144, 0.008323,False
1780957452.3187, 0.002502,False
1780957452.3260, 0.004268,False
1780957452.3309, 0.002561,False
1780957452.3356, 0.000470,False
1780957452.3402, 0.008876,False
1780957452.3448, 0.007041,False
1780957452.3492, 0.005292,False
1780957452.3534, 0.003799,False
1780957452.5673, 0.001878,False
1780957452.5720, 0.010028,False
1780957452.5765, 0.008231,False
1780957452.5810, 0.006855,False
1780957452.5856, 0.004622,False
1780957452.5898, 0.000145,False
1780957452.5962, 0.000636,False
1780957452.6008, 0.008660,False
1780957452.8398, 0.007142,False
1780957452.8443, 0.005104,False
1780957452.8489, 0.003869,False
1780957452.8536, 0.001924,False
1780957452.8580, 0.009695,False
1780957452.8624, 0.007311,False
1780957452.8693, 0.005458,False
1780957452.8736, 0.003246,False
1780957453.0906, 0.001231,False
1780957453.0966, 0.009057,False
1780957453.1027, 0.007198,False
1780957453.1073, 0.005442,False
1780957453.1119, 0.003529,False
1780957453.1165, 0.001747,False
1780957453.1208, 0.009907,False
1780957453.1251, 0.008267,False
1780957453.3487, 0.006265,False
1780957453.3533, 0.004119,False
1780957453.3584, 0.002672,False
1780957453.3636, 0.000551,False
1780957453.3687, 0.008666,False
1780957453.3738, 0.006907,False
1780957453.3790, 0.004550,False
1780957453.3840, 0.002334,False
1780957453.6056, 0.000194,False
1780957453.6112, 0.008322,False
1780957453.6172, 0.006326,False
1780957453.6228, 0.004737,False
1780957453.6280, 0.002862,False
1780957453.6335, 0.000883,False
1780957453.6378, 0.009293,False
1780957453.6422, 0.002986,False
1780957453.8744, 0.004818,False
1780957453.8790, 0.003016,False
1780957453.8844, 0.001158,False
1780957453.8889, 0.009314,False
1780957453.8934, 0.006924,False
1780957453.8980, 0.005285,False
1780957453.9023, 0.003207,False
1780957453.9066, 0.000857,False
1780957454.1362, 0.008635,False
1780957454.1438, 0.006238,False
1780957454.1500, 0.000111,False
1780957454.1576, 0.002535,False
1780957454.1620, 0.000458,False
1780957454.1672, 0.008088,False
1780957454.1717, 0.006203,False
1780957454.1760, 0.004413,False
1780957454.1806, 0.002439,False
1780957454.3988, 0.000602,False
1780957454.4035, 0.008644,False
1780957454.4080, 0.007024,False
1780957454.4124, 0.004662,False
1780957454.4171, 0.002735,False
1780957454.4216, 0.000199,False
1780957454.4264, 0.008884,False
1780957454.4308, 0.006912,False
1780957454.6553, 0.004662,False
1780957454.6600, 0.002791,False
1780957454.6657, 0.001086,False
1780957454.6702, 0.009199,False
1780957454.6747, 0.007310,False
1780957454.6793, 0.005711,False
1780957454.6839, 0.004181,False
1780957454.6882, 0.002269,False
1780957454.9212, 0.000417,False
1780957454.9259, 0.008723,False
1780957454.9306, 0.006923,False
1780957454.9350, 0.004579,False
1780957454.9393, 0.002779,False
1780957454.9437, 0.000763,False
1780957454.9487, 0.009121,False
1780957454.9535, 0.007177,False
1780957455.1590, 0.005094,False
1780957455.1640, 0.003731,False
1780957455.1687, 0.001888,False
1780957455.1730, 0.010037,False
1780957455.1773, 0.008167,False
1780957455.1818, 0.002329,False
1780957455.1886, 0.004509,False
1780957455.1928, 0.002424,False
1780957455.4315, 0.000605,False
1780957455.4364, 0.008733,False
1780957455.4410, 0.006507,False
1780957455.4454, 0.004515,False
1780957455.4497, 0.002532,False
1780957455.4540, 0.000788,False
1780957455.4595, 0.000069,False
1780957455.4675, 0.007213,False
1780957455.6861, 0.005215,False
1780957455.6910, 0.003017,False
1780957455.6957, 0.001453,False
1780957455.7011, 0.009435,False
1780957455.7055, 0.007637,False
1780957455.7100, 0.005770,False
1780957455.7153, 0.004001,False
1780957455.7200, 0.002296,False
1780957455.7244, 0.000324,False
1780957455.9525, 0.008613,False
1780957455.9570, 0.006572,False
1780957455.9615, 0.004764,False
1780957455.9664, 0.003201,False
1780957455.9708, 0.001195,False
1780957455.9751, 0.009165,False
1780957455.9800, 0.007101,False
1780957455.9857, 0.005261,False
1780957456.2087, 0.002956,False
1780957456.2139, 0.001032,False
1780957456.2187, 0.009195,False
1780957456.2232, 0.007009,False
1780957456.2277, 0.005150,False
1780957456.2326, 0.003325,False
1780957456.2372, 0.001517,False
1780957456.4636, 0.009478,False
1780957456.4685, 0.007474,False
1780957456.4730, 0.005669,False
1780957456.4774, 0.003885,False
1780957456.4818, 0.001798,False
1780957456.4865, 0.010131,False
1780957456.4912, 0.008249,False
1780957456.4955, 0.006338,False
1780957456.4999, 0.004545,False
1780957456.7193, 0.002235,False
1780957456.7237, 0.000350,False
1780957456.7281, 0.008721,False
1780957456.7326, 0.002604,False
1780957456.7390, 0.004516,False
1780957456.7434, 0.002771,False
1780957456.7483, 0.000958,False
1780957456.7527, 0.009107,False
1780957456.9891, 0.007369,False
1780957456.9936, 0.005154,False
1780957456.9982, 0.000066,False
1780957457.0049, 0.001149,False
1780957457.0092, 0.009395,False
1780957457.0146, 0.007533,False
1780957457.0199, 0.005386,False
1780957457.0243, 0.003619,False
1780957457.2422, 0.001374,False
1780957457.2476, 0.009552,False
1780957457.2521, 0.007675,False
1780957457.2564, 0.005778,False
1780957457.2606, 0.003845,False
1780957457.2652, 0.002089,False
1780957457.2699, 0.000251,False
1780957457.2743, 0.008418,False
1780957457.4997, 0.006666,False
1780957457.5047, 0.004277,False
1780957457.5092, 0.002300,False
1780957457.5135, 0.000688,False
1780957457.5185, 0.008356,False
1780957457.5237, 0.006696,False
1780957457.5285, 0.004862,False
1780957457.5330, 0.002928,False
1780957457.7472, 0.001025,False
1780957457.7516, 0.009131,False
1780957457.7559, 0.007287,False
1780957457.7606, 0.005603,False
1780957457.7652, 0.003650,False
1780957457.7697, 0.002018,False
1780957457.7740, 0.009989,False
1780957457.7787, 0.008502,False
1780957458.0200, 0.006294,False
1780957458.0245, 0.004762,False
1780957458.0291, 0.002596,False
1780957458.0336, 0.001065,False
1780957458.0380, 0.009228,False
1780957458.0424, 0.007004,False
1780957458.0484, 0.005110,False
1780957458.0539, 0.003203,False
1780957458.0583, 0.000781,False
1780957458.2725, 0.009113,False
1780957458.2768, 0.003514,False
1780957458.2850, 0.005615,False
1780957458.2896, 0.003806,False
1780957458.2940, 0.001923,False
1780957458.2992, 0.009992,False
1780957458.3034, 0.000133,False
1780957458.5313, 0.006510,False
1780957458.5361, 0.004578,False
1780957458.5408, 0.002869,False
1780957458.5453, 0.000297,False
1780957458.5496, 0.008672,False
1780957458.5540, 0.006845,False
1780957458.5599, 0.005342,False
1780957458.5666, 0.003576,False
1780957458.5713, 0.001862,False
1780957458.7893, 0.010036,False
1780957458.7942, 0.008275,False
1780957458.7994, 0.006016,False
1780957458.8039, 0.003875,False
1780957458.8084, 0.002195,False
1780957458.8136, 0.000375,False
1780957458.8186, 0.008390,False
1780957458.8230, 0.006482,False
1780957459.0550, 0.004869,False
1780957459.0602, 0.002705,False
1780957459.0648, 0.000785,False
1780957459.0695, 0.008946,False
1780957459.0738, 0.006989,False
1780957459.0782, 0.004829,False
1780957459.0830, 0.002374,False
1780957459.0875, 0.000676,False
1780957459.3066, 0.008857,False
1780957459.3116, 0.007073,False
1780957459.3164, 0.005345,False
1780957459.3209, 0.002972,False
1780957459.3255, 0.001075,False
1780957459.3307, 0.009398,False
1780957459.3359, 0.007578,False
1780957459.3406, 0.005804,False
1780957459.4553, 0.003250,False
1780957459.4602, 0.001422,False
1780957459.4652, 0.009571,False
1780957459.4710, 0.007459,False
1780957459.5617, 0.005478,False
1780957459.5665, 0.003643,False
1780957459.5713, 0.001671,False
1780957459.5758, 0.009897,False
1780957459.8198, 0.004311,False
1780957459.8265, 0.005938,False
1780957459.8314, 0.003986,False
1780957459.8356, 0.000140,False
1780957459.8423, 0.000415,False
1780957459.8474, 0.008591,False
1780957459.8521, 0.006804,False
1780957459.8568, 0.005011,False
1780957460.0832, 0.003175,False
1780957460.0879, 0.001311,False
1780957460.0924, 0.009567,False
1780957460.0975, 0.007619,False
1780957460.1022, 0.005869,False
1780957460.1065, 0.003730,False
1780957460.1111, 0.001322,False
1780957460.1160, 0.009554,False
1780957460.3383, 0.007670,False
1780957460.3435, 0.005900,False
1780957460.3492, 0.004530,False
1780957460.3538, 0.002228,False
1780957460.3581, 0.000253,False
1780957460.3627, 0.008319,False
1780957460.3676, 0.006850,False
1780957460.3721, 0.004906,False
1780957460.5811, 0.003003,False
1780957460.5858, 0.000860,False
1780957460.5903, 0.009018,False
1780957460.5948, 0.007177,False
1780957460.5991, 0.005205,False
1780957460.6033, 0.003548,False
1780957460.6077, 0.001638,False
1780957460.6119, 0.009890,False
1780957460.8367, 0.007553,False
1780957460.9549, 0.005684,False
1780957460.9597, 0.003538,False
1780957460.9666, 0.001883,False
1780957460.9713, 0.009896,False
1780957460.9756, 0.008064,False
1780957460.9811, 0.006442,False
1780957460.9856, 0.004538,False
1780957461.0863, 0.002749,False
1780957461.0920, 0.000518,False
1780957461.0975, 0.008753,False
1780957461.1020, 0.006896,False
1780957461.1064, 0.004995,False
1780957461.1112, 0.003322,False
1780957461.1161, 0.001314,False
1780957461.1205, 0.005461,False
1780957461.3544, 0.000182,False
1780957461.3617, 0.005597,False
1780957461.3667, 0.003729,False
1780957461.3712, 0.001646,False
1780957461.3757, 0.010126,False
1780957461.3808, 0.008253,False
1780957461.3853, 0.006424,False
1780957461.3897, 0.003934,False
1780957461.5974, 0.002247,False
1780957461.6020, 0.000585,False
1780957461.6064, 0.008846,False
1780957461.6110, 0.007391,False
1780957461.7126, 0.005548,False
1780957461.7191, 0.003352,False
1780957461.7239, 0.001336,False
1780957461.7284, 0.009634,False
1780957461.8561, 0.007888,False
1780957461.8606, 0.005867,False
1780957461.8658, 0.003526,False
1780957461.8707, 0.001859,False
1780957461.8753, 0.009852,False
1780957461.8811, 0.008277,False
1780957461.8857, 0.006329,False
1780957461.8905, 0.004175,False
1780957462.1149, 0.002149,False
1780957462.1194, 0.009857,False
1780957462.2231, 0.007743,False
1780957462.2283, 0.005885,False
1780957462.2328, 0.004304,False
1780957462.2373, 0.002543,False
1780957462.2417, 0.000212,False
1780957462.2464, 0.008356,False
1780957462.3573, 0.006781,False
1780957462.3628, 0.004927,False
1780957462.3679, 0.003026,False
1780957462.3724, 0.001125,False
1780957462.3769, 0.009223,False
1780957462.3821, 0.007334,False
1780957462.3865, 0.005231,False
1780957462.3910, 0.003381,False
1780957462.6323, 0.001163,False
1780957462.6376, 0.008712,False
1780957462.6434, 0.006792,False
1780957462.6494, 0.004920,False
1780957462.6546, 0.002950,False
1780957462.6598, 0.000076,False
1780957462.6661, 0.005187,False
1780957462.6727, 0.007843,False
1780957462.8785, 0.005620,False
1780957462.8832, 0.003645,False
1780957462.8878, 0.001931,False
1780957462.8922, 0.000191,False
1780957462.8969, 0.007692,False
1780957462.9012, 0.005915,False
1780957462.9054, 0.003529,False
1780957462.9096, 0.001574,False
1780957463.1494, 0.009291,False
1780957463.1540, 0.007421,False
1780957463.1583, 0.005651,False
1780957463.2525, 0.003663,False
1780957463.2573, 0.001565,False
1780957463.2623, 0.009890,False
1780957463.2666, 0.007745,False
1780957463.2709, 0.005610,False
1780957463.4048, 0.003947,False
1780957463.4103, 0.001584,False
1780957463.4159, 0.009764,False
1780957463.4219, 0.007377,False
1780957463.4263, 0.005634,False
1780957463.4319, 0.003631,False
1780957463.4365, 0.001982,False
1780957463.4406, 0.000245,False
1780957463.6443, 0.008308,False
1780957463.6490, 0.006110,False
1780957463.6535, 0.004345,False
1780957463.6583, 0.002448,False
1780957463.6630, 0.001013,False
1780957463.6675, 0.008626,False
1780957463.6722, 0.006847,False
1780957463.6768, 0.004976,False
1780957463.9094, 0.003246,False
1780957463.9142, 0.000812,False
1780957463.9198, 0.009276,False
1780957463.9245, 0.006858,False
1780957463.9295, 0.004820,False
1780957463.9343, 0.003170,False
1780957463.9389, 0.001247,False
1780957463.9433, 0.009476,False
1780957464.1676, 0.007793,False
1780957464.1722, 0.005884,False
1780957464.1763, 0.000070,False
1780957464.1844, 0.001729,False
1780957464.1889, 0.009530,False
1780957464.1933, 0.003794,False
1780957464.2004, 0.005420,False
1780957464.2048, 0.003656,False
1780957464.4228, 0.001714,False
1780957464.4279, 0.009810,False
1780957464.4324, 0.007488,False
1780957464.4370, 0.005676,False
1780957464.4415, 0.004382,False
1780957464.4460, 0.002489,False
1780957464.4508, 0.010126,False
1780957464.4550, 0.008226,False
1780957464.6787, 0.006129,False
1780957464.6834, 0.003809,False
1780957464.6886, 0.002088,False
1780957464.6940, 0.009931,False
1780957464.6985, 0.007999,False
1780957464.7031, 0.005976,False
1780957464.7075, 0.004300,False
1780957464.7120, 0.002485,False
1780957464.9415, 0.000332,False
1780957464.9468, 0.008569,False
1780957464.9514, 0.006840,False
1780957464.9559, 0.005029,False
1780957464.9608, 0.003016,False
1780957464.9653, 0.000857,False
1780957464.9698, 0.009004,False
1780957464.9741, 0.006788,False
1780957465.1944, 0.005446,False
1780957465.1989, 0.003300,False
1780957465.2033, 0.001794,False
1780957465.2078, 0.009997,False
1780957465.2125, 0.007961,False
1780957465.2170, 0.006404,False
1780957465.2216, 0.003919,False
1780957465.2262, 0.002001,False
1780957465.4661, 0.009781,False
1780957465.4750, 0.007700,False
1780957465.4804, 0.005852,False
1780957465.4853, 0.004065,False
1780957465.4897, 0.002171,False
1780957465.4942, 0.010045,False
1780957465.4988, 0.008286,False
1780957465.5028, 0.000145,False
1780957465.5092, 0.004359,False
1780957465.7302, 0.002485,False
1780957465.7357, 0.010100,False
1780957465.7409, 0.008310,False
1780957465.7451, 0.001813,False
1780957465.7530, 0.004311,False
1780957465.7584, 0.001836,False
1780957465.7631, 0.009944,False
1780957465.7675, 0.008224,False
1780957465.9925, 0.006507,False
1780957465.9977, 0.004687,False
1780957466.0024, 0.002530,False
1780957466.0068, 0.000935,False
1780957466.0118, 0.009044,False
1780957466.1071, 0.007306,False
1780957466.1129, 0.005746,False
1780957466.1172, 0.003832,False
1780957466.2473, 0.002044,False
1780957466.2531, 0.010014,False
1780957466.2576, 0.008223,False
1780957466.2627, 0.006438,False
1780957466.2674, 0.004697,False
1780957466.2720, 0.002641,False
1780957466.2773, 0.001005,False
1780957466.2817, 0.008940,False
1780957466.5039, 0.007276,False
1780957466.5085, 0.005221,False
1780957466.5147, 0.002995,False
1780957466.5192, 0.001298,False
1780957466.5235, 0.009326,False
1780957466.5283, 0.007303,False
1780957466.5328, 0.005413,False
1780957466.5371, 0.003473,False
1780957466.6408, 0.001063,False
1780957466.6461, 0.009098,False
1780957466.6506, 0.007065,False
1780957466.6550, 0.005249,False
1780957466.6596, 0.003329,False
1780957466.6639, 0.001510,False
1780957466.6684, 0.010005,False
1780957466.7409, 0.008282,False
1780957467.0111, 0.006710,False
1780957467.0165, 0.004932,False
1780957467.0217, 0.002556,False
1780957467.0269, 0.000135,False
1780957467.0340, 0.008866,False
1780957467.0386, 0.006764,False
1780957467.0436, 0.005022,False
1780957467.0482, 0.002798,False
1780957467.2637, 0.000584,False
1780957467.2683, 0.008601,False
1780957467.2724, 0.002658,False
1780957467.2797, 0.004682,False
1780957467.2843, 0.002976,False
1780957467.2887, 0.001070,False
1780957467.2939, 0.009333,False
1780957467.2984, 0.006983,False
1780957467.5384, 0.005308,False
1780957467.5438, 0.003687,False
1780957467.5489, 0.001940,False
1780957467.5535, 0.009949,False
1780957467.5581, 0.008347,False
1780957467.5632, 0.006417,False
1780957467.5678, 0.004909,False
1780957467.5724, 0.002812,False
1780957467.5772, 0.000778,False
1780957467.7954, 0.008697,False
1780957467.8004, 0.006633,False
1780957467.8048, 0.004966,False
1780957467.8093, 0.003092,False
1780957467.8136, 0.000941,False
1780957467.8186, 0.009121,False
1780957467.8232, 0.006650,False
1780957467.8276, 0.004838,False
1780957468.0445, 0.003632,False
1780957468.0493, 0.001232,False
1780957468.0542, 0.009435,False
1780957468.0595, 0.007605,False
1780957468.0643, 0.005607,False
1780957468.0692, 0.003481,False
1780957468.0737, 0.001693,False
1780957468.0785, 0.009748,False
1780957468.3000, 0.007641,False
1780957468.3048, 0.005549,False
1780957468.3096, 0.003449,False
1780957468.3142, 0.001507,False
1780957468.3187, 0.009392,False
1780957468.3234, 0.007251,False
1780957468.3276, 0.005566,False
1780957468.3998, 0.000066,False
1780957468.5699, 0.001634,False
1780957468.5746, 0.010055,False
1780957468.5817, 0.008242,False
1780957468.5862, 0.005978,False
1780957468.5907, 0.004083,False
1780957468.5961, 0.002268,False
1780957468.6004, 0.009930,False
1780957468.6050, 0.008237,False
1780957468.8273, 0.002342,False
1780957468.8342, 0.005156,False
1780957468.8388, 0.002993,False
1780957468.8431, 0.001167,False
1780957468.8477, 0.009218,False
1780957468.8523, 0.007293,False
1780957468.8567, 0.005743,False
1780957468.8610, 0.003967,False
1780957469.0836, 0.002496,False
1780957469.0893, 0.000726,False
1780957469.0959, 0.009001,False
1780957469.1016, 0.007023,False
1780957469.1070, 0.005582,False
1780957469.1124, 0.003719,False
1780957469.1169, 0.002436,False
1780957469.1213, 0.001022,False
1780957469.3324, 0.009485,False
1780957469.3370, 0.007879,False
1780957469.3415, 0.005891,False
1780957469.3464, 0.004145,False
1780957469.3509, 0.002774,False
1780957469.3556, 0.000592,False
1780957469.3609, 0.009181,False
1780957469.3654, 0.007701,False
1780957469.5856, 0.005418,False
1780957469.5908, 0.003629,False
1780957469.5959, 0.002112,False
1780957469.6007, 0.010184,False
1780957469.6051, 0.008924,False
1780957469.6111, 0.007440,False
1780957469.6162, 0.006078,False
1780957469.6205, 0.004451,False
1780957469.8433, 0.002255,False
1780957469.8480, 0.000548,False
1780957469.8526, 0.009114,False
1780957469.8571, 0.007537,False
1780957469.8614, 0.000130,False
1780957469.8683, 0.004152,False
1780957469.8735, 0.002572,False
1780957469.8785, 0.000581,False
1780957470.0949, 0.009108,False
1780957470.1004, 0.007631,False
1780957470.1060, 0.006194,False
1780957470.1111, 0.004310,False
1780957470.2019, 0.002595,False
1780957470.2067, 0.001159,False
1780957470.2136, 0.009437,False
1780957470.2184, 0.008040,False
1780957470.3486, 0.006427,False
1780957470.3544, 0.004770,False
1780957470.3599, 0.002882,False
1780957470.3646, 0.001279,False
1780957470.3691, 0.009509,False
1780957470.3735, 0.007485,False
1780957470.3786, 0.005836,False
1780957470.3833, 0.003937,False
1780957470.3876, 0.002564,False
1780957470.6203, 0.000807,False
1780957470.6258, 0.009148,False
1780957470.6310, 0.007329,False
1780957470.6354, 0.005678,False
1780957470.6399, 0.004665,False
1780957470.6448, 0.002692,False
1780957470.6491, 0.000812,False
1780957470.6534, 0.008968,False
1780957470.8784, 0.007158,False
1780957470.8830, 0.005461,False
1780957470.8874, 0.002874,False
1780957470.8918, 0.001121,False
1780957470.8963, 0.009444,False
1780957470.9010, 0.007143,False
1780957470.9052, 0.001360,False
1780957470.9115, 0.003622,False
1780957471.1315, 0.001873,False
1780957471.1361, 0.009903,False
1780957471.1407, 0.008109,False
1780957471.1455, 0.006346,False
1780957471.1501, 0.004082,False
1780957471.1546, 0.002585,False
1780957471.1593, 0.000776,False
1780957471.1638, 0.008468,False
1780957471.4014, 0.000118,False
1780957471.4085, 0.004851,False
1780957471.4130, 0.002967,False
1780957471.4173, 0.001070,False
1780957471.4219, 0.009392,False
1780957471.4278, 0.007620,False
1780957471.4341, 0.005867,False
1780957471.4387, 0.003776,False
1780957471.6528, 0.001950,False
1780957471.6587, 0.009706,False
1780957471.6637, 0.007403,False
1780957471.6680, 0.005485,False
1780957471.6725, 0.003617,False
1780957471.6770, 0.001802,False
1780957471.6817, 0.009756,False
1780957471.6859, 0.007687,False
1780957471.8963, 0.005941,False
1780957471.9009, 0.004068,False
1780957471.9058, 0.001786,False
1780957471.9104, 0.009417,False
1780957471.9149, 0.007695,False
1780957471.9198, 0.005827,False
1780957471.9245, 0.003873,False
1780957471.9288, 0.002128,False
1780957472.1483, 0.009736,False
1780957472.1532, 0.008035,False
1780957472.1581, 0.006502,False
1780957472.1626, 0.003556,False
1780957472.1670, 0.002893,False
1780957472.1714, 0.000909,False
1780957472.1765, 0.009122,False
1780957472.1811, 0.007368,False
1780957472.3988, 0.005522,False
1780957472.4033, 0.003533,False
1780957472.4081, 0.001637,False
1780957472.4126, 0.009639,False
1780957472.5128, 0.008173,False
1780957472.5175, 0.002458,False
1780957472.5246, 0.004551,False
1780957472.5292, 0.002478,False
1780957472.6539, 0.000952,False
1780957472.6595, 0.009071,False
1780957472.6643, 0.007209,False
1780957472.6689, 0.005446,False
1780957472.6734, 0.003490,False
1780957472.6785, 0.000069,False
1780957472.6856, 0.009357,False
1780957472.6900, 0.007359,False
1780957472.9087, 0.005599,False
1780957472.9150, 0.004084,False
1780957472.9210, 0.002070,False
1780957472.9274, 0.000360,False
1780957472.9320, 0.008387,False
1780957472.9367, 0.006807,False
1780957472.9410, 0.005005,False
1780957472.9453, 0.003056,False
1780957473.1683, 0.001149,False
1780957473.1748, 0.008815,False
1780957473.1809, 0.006515,False
1780957473.1855, 0.003791,False
1780957473.1899, 0.002533,False
1780957473.1955, 0.000388,False
1780957473.2000, 0.008640,False
1780957473.2045, 0.006705,False
1780957473.4191, 0.005172,False
1780957473.4240, 0.003602,False
1780957473.4285, 0.001856,False
1780957473.4329, 0.009588,False
1780957473.4375, 0.007790,False
1780957473.4426, 0.005344,False
1780957473.4472, 0.003461,False
1780957473.4518, 0.001634,False
1780957473.6833, 0.009386,False
1780957473.6881, 0.007504,False
1780957473.6935, 0.005565,False
1780957473.6982, 0.003285,False
1780957473.7029, 0.001343,False
1780957473.7079, 0.009889,False
1780957473.7128, 0.008079,False
1780957473.7172, 0.006416,False
1780957473.9405, 0.004933,False
1780957473.9453, 0.003017,False
1780957473.9497, 0.001226,False
1780957473.9540, 0.009399,False
1780957473.9581, 0.003870,False
1780957473.9649, 0.006046,False
1780957473.9692, 0.004484,False
1780957473.9735, 0.002849,False
1780957474.1952, 0.000916,False
1780957474.1998, 0.009155,False
1780957474.2043, 0.000140,False
1780957474.2114, 0.005471,False
1780957474.2161, 0.003534,False
1780957474.2206, 0.001657,False
1780957474.2257, 0.009533,False
1780957474.2304, 0.007791,False
1780957474.4481, 0.005888,False
1780957474.4525, 0.004212,False
1780957474.4572, 0.002211,False
1780957474.4618, 0.010196,False
1780957474.4665, 0.008140,False
1780957474.4708, 0.005987,False
1780957474.4758, 0.003893,False
1780957474.4800, 0.001625,False
1780957474.7180, 0.009757,False
1780957474.7230, 0.007898,False
1780957474.7290, 0.005860,False
1780957474.7334, 0.004414,False
1780957474.7376, 0.001979,False
1780957474.7422, 0.000193,False
1780957474.7466, 0.008324,False
1780957474.7509, 0.006031,False
1780957474.9614, 0.004205,False
1780957474.9659, 0.002822,False
1780957474.9704, 0.000991,False
1780957474.9747, 0.009198,False
1780957474.9793, 0.007476,False
1780957474.9846, 0.005689,False
1780957474.9897, 0.003741,False
1780957474.9941, 0.001574,False
1780957475.2117, 0.009853,False
1780957475.2171, 0.008264,False
1780957475.2226, 0.006178,False
1780957475.2277, 0.003768,False
1780957475.2330, 0.001553,False
1780957475.2395, 0.009982,False
1780957475.2459, 0.008170,False
1780957475.2505, 0.006420,False
1780957475.4803, 0.004537,False
1780957475.4851, 0.002850,False
1780957475.4898, 0.000726,False
1780957475.4943, 0.005535,False
1780957475.5007, 0.006645,False
1780957475.5052, 0.004854,False
1780957475.5101, 0.002719,False
1780957475.5142, 0.000111,False
1780957475.7333, 0.009174,False
1780957475.7385, 0.007419,False
1780957475.7435, 0.005442,False
1780957475.7478, 0.000534,False
1780957475.7543, 0.001595,False
1780957475.7594, 0.009709,False
1780957475.7640, 0.007637,False
1780957475.7683, 0.005329,False
1780957475.9764, 0.003001,False
1780957475.9817, 0.001201,False
1780957475.9871, 0.009309,False
1780957475.9924, 0.007324,False
1780957475.9979, 0.005762,False
1780957476.0033, 0.003461,False
1780957476.0090, 0.001527,False
1780957476.0137, 0.009768,False
1780957476.2342, 0.008004,False
1780957476.2392, 0.005957,False
1780957476.2436, 0.004008,False
1780957476.2482, 0.001763,False
1780957476.2529, 0.009860,False
1780957476.2582, 0.008146,False
1780957476.2629, 0.006020,False
1780957476.2671, 0.004205,False
1780957476.4933, 0.002288,False
1780957476.4989, 0.000355,False
1780957476.5036, 0.008468,False
1780957476.5086, 0.006806,False
1780957476.5986, 0.005499,False
1780957476.6032, 0.003825,False
1780957476.6086, 0.001550,False
1780957476.6130, 0.009548,False
1780957476.7505, 0.007847,False
1780957476.7554, 0.006031,False
1780957476.7605, 0.004173,False
1780957476.7652, 0.001703,False
1780957476.7699, 0.009951,False
1780957476.7749, 0.008508,False
1780957476.7800, 0.007110,False
1780957476.7843, 0.005109,False
1780957477.0108, 0.003491,False
1780957477.0154, 0.001702,False
1780957477.0202, 0.006719,False
1780957477.0266, 0.007826,False
1780957477.0308, 0.000132,False
1780957477.0374, 0.004913,False
1780957477.0419, 0.002864,False
1780957477.0464, 0.001114,False
1780957477.2674, 0.009433,False
1780957477.2739, 0.007526,False
1780957477.2786, 0.002702,False
1780957477.3826, 0.004120,False
1780957477.3874, 0.002517,False
1780957477.3925, 0.000503,False
1780957477.3970, 0.008947,False
1780957477.4017, 0.007290,False
1780957477.5158, 0.005713,False
1780957477.5205, 0.004121,False
1780957477.5253, 0.002327,False
1780957477.5297, 0.000458,False
1780957477.5340, 0.008810,False
1780957477.5385, 0.007444,False
1780957477.5429, 0.005898,False
1780957477.5475, 0.004466,False
1780957477.7791, 0.002527,False
1780957477.7857, 0.001079,False
1780957477.7907, 0.009539,False
1780957477.7957, 0.007721,False
1780957477.8000, 0.006028,False
1780957477.8043, 0.004098,False
1780957477.8092, 0.002595,False
1780957477.8138, 0.001288,False
1780957478.0409, 0.009724,False
1780957478.0457, 0.007885,False
1780957478.0504, 0.006298,False
1780957478.0549, 0.004688,False
1780957478.0604, 0.003245,False
1780957478.0651, 0.001718,False
1780957478.0698, 0.009932,False
1780957478.0749, 0.008265,False
1780957478.0792, 0.006748,False
1780957478.2983, 0.004813,False
1780957478.3031, 0.002990,False
1780957478.3081, 0.001141,False
1780957478.3127, 0.009601,False
1780957478.3173, 0.007893,False
1780957478.3220, 0.006791,False
1780957478.3268, 0.004988,False
1780957478.3313, 0.003675,False
1780957478.5654, 0.000121,False
1780957478.5725, 0.000644,False
1780957478.5772, 0.008674,False
1780957478.5819, 0.006997,False
1780957478.5865, 0.005664,False
1780957478.5923, 0.003458,False
1780957478.5969, 0.001431,False
1780957478.6013, 0.009749,False
1780957478.8167, 0.008368,False
1780957478.8215, 0.006368,False
1780957478.8267, 0.004391,False
1780957478.8312, 0.002528,False
1780957478.8358, 0.000329,False
1780957478.8415, 0.008518,False
1780957478.8469, 0.006548,False
1780957478.8513, 0.004570,False
1780957479.0503, 0.002567,False
1780957479.0577, 0.000931,False
1780957479.0650, 0.008867,False
1780957479.0722, 0.006597,False
1780957479.0797, 0.004112,False
1780957479.0866, 0.002457,False
1780957479.0927, 0.010115,False
1780957479.0990, 0.008143,False
1780957479.1051, 0.003504,False
1780957479.1140, 0.004773,False
1780957479.1195, 0.002925,False
1780957503.5777, 0.003426,False
1780957503.5832, 0.001565,False
1780957503.5880, 0.009681,False
1780957503.6711, 0.007733,False
1780957503.6762, 0.005848,False
1780957503.6811, 0.004030,False
1780957503.6860, 0.001975,False
1780957503.6904, 0.000201,False
1780957503.6949, 0.008151,False
1780957503.7006, 0.005918,False
1780957503.7053, 0.000137,False
1780957503.7121, 0.002138,False
1780957503.7175, 0.000405,False
1780957503.7221, 0.008686,False
1780957503.7268, 0.006453,False
1780957503.7325, 0.005016,False
1780957503.9388, 0.003098,False
1780957503.9435, 0.000937,False
1780957503.9481, 0.008758,False
1780957503.9538, 0.007331,False
1780957503.9584, 0.005088,False
1780957503.9630, 0.003261,False
1780957503.9678, 0.001174,False
1780957503.9726, 0.008916,False
1780957503.9768, 0.007160,False
1780957504.1874, 0.005227,False
1780957504.1925, 0.003404,False
1780957504.1971, 0.001609,False
1780957504.2021, 0.009819,False
1780957504.2066, 0.007608,False
1780957504.2111, 0.005435,False
1780957504.2182, 0.003361,False
1780957504.2228, 0.001178,False
1780957504.4560, 0.009402,False
1780957504.4606, 0.007298,False
1780957504.4664, 0.005099,False
1780957504.4709, 0.003276,False
1780957504.4756, 0.001334,False
1780957504.4804, 0.009482,False
1780957504.4850, 0.007612,False
1780957504.4895, 0.005919,False
1780957504.7039, 0.004215,False
1780957504.7087, 0.002543,False
1780957504.7136, 0.000603,False
1780957504.7184, 0.008911,False
1780957504.7228, 0.006597,False
1780957504.7273, 0.004707,False
1780957504.7325, 0.003230,False
1780957504.7377, 0.000937,False
1780957504.9587, 0.008649,False
1780957504.9638, 0.006856,False
1780957504.9691, 0.004867,False
1780957504.9737, 0.002866,False
1780957504.9784, 0.001288,False
1780957504.9839, 0.009564,False
1780957504.9883, 0.000111,False
1780957504.9950, 0.005913,False
1780957505.2154, 0.004249,False
1780957505.2203, 0.002356,False
1780957505.2252, 0.000256,False
1780957505.2299, 0.008480,False
1780957505.2344, 0.006881,False
1780957505.2388, 0.004865,False
1780957505.2432, 0.003063,False
1780957505.2493, 0.001016,False
1780957505.4799, 0.009202,False
1780957505.4865, 0.007255,False
1780957505.4912, 0.004999,False
1780957505.4958, 0.003257,False
1780957505.5007, 0.001312,False
1780957505.5053, 0.009230,False
1780957505.5098, 0.007133,False
1780957505.5140, 0.005226,False
1780957505.7421, 0.003288,False
1780957505.7481, 0.001238,False
1780957505.7528, 0.009563,False
1780957505.7573, 0.007875,False
1780957505.7615, 0.005921,False
1780957505.7686, 0.003970,False
1780957505.7732, 0.002156,False
1780957505.7774, 0.000376,False
1780957505.9919, 0.008169,False
1780957505.9969, 0.006064,False
1780957506.0022, 0.004185,False
1780957506.0069, 0.002502,False
1780957506.0110, 0.000423,False
1780957506.0175, 0.008131,False
1780957506.0220, 0.006362,False
1780957506.0264, 0.004450,False
1780957506.2290, 0.002759,False
1780957506.2347, 0.000480,False
1780957506.2394, 0.008660,False
1780957506.2446, 0.006396,False
1780957506.2496, 0.004892,False
1780957506.2547, 0.003157,False
1780957506.2594, 0.001297,False
1780957506.2652, 0.009612,False
1780957506.4957, 0.007656,False
1780957506.5015, 0.005350,False
1780957506.5068, 0.003220,False
1780957506.5111, 0.000153,False
1780957506.5190, 0.008921,False
1780957506.5239, 0.007247,False
1780957506.5284, 0.005159,False
1780957506.5330, 0.003174,False
1780957506.7419, 0.001196,False
1780957506.7468, 0.009864,False
1780957506.7519, 0.008114,False
1780957506.7566, 0.006120,False
1780957506.7613, 0.004229,False
1780957506.7666, 0.001987,False
1780957506.7715, 0.000215,False
1780957506.7758, 0.008101,False
1780957507.1397, 0.006508,False
1780957507.1442, 0.004389,False
1780957507.1500, 0.002450,False
1780957507.1554, 0.000337,False
1780957507.1606, 0.008749,False
1780957507.1660, 0.007007,False
1780957507.1706, 0.004966,False
1780957507.1750, 0.003338,False
1780957507.1791, 0.001326,False
1780957507.2709, 0.009631,False
1780957507.2755, 0.007640,False
1780957507.2799, 0.006326,False
1780957507.2867, 0.004442,False
1780957507.2915, 0.002908,False
1780957507.2959, 0.001094,False
1780957507.3006, 0.008843,False
1780957507.5342, 0.006844,False
1780957507.5411, 0.005138,False
1780957507.5458, 0.003266,False
1780957507.5513, 0.001354,False
1780957507.5585, 0.009524,False
1780957507.5634, 0.007917,False
1780957507.5679, 0.006155,False
1780957507.5721, 0.004314,False
1780957507.5764, 0.002476,False
1780957507.6724, 0.000529,False
1780957507.6774, 0.008762,False
1780957507.6820, 0.006492,False
1780957507.7865, 0.004454,False
1780957507.7917, 0.002340,False
1780957507.7966, 0.000339,False
1780957507.8014, 0.008049,False
1780957507.8059, 0.000146,False
1780957508.0499, 0.004484,False
1780957508.0546, 0.002723,False
1780957508.0593, 0.000883,False
1780957508.0642, 0.009211,False
1780957508.0688, 0.007388,False
1780957508.0732, 0.005076,False
1780957508.0778, 0.003387,False
1780957508.0824, 0.001881,False
1780957508.3045, 0.009829,False
1780957508.3094, 0.008276,False
1780957508.3147, 0.006248,False
1780957508.3199, 0.003895,False
1780957508.3247, 0.002196,False
1780957508.3295, 0.000466,False
1780957508.3347, 0.008169,False
1780957508.3391, 0.006253,False
1780957508.5524, 0.004341,False
1780957508.5571, 0.002106,False
1780957508.5617, 0.000818,False
1780957508.5663, 0.008838,False
1780957508.5708, 0.007092,False
1780957508.5751, 0.005167,False
1780957508.5798, 0.003395,False
1780957508.5843, 0.001161,False
1780957508.8108, 0.009027,False
1780957508.8154, 0.007205,False
1780957508.8220, 0.005601,False
1780957508.8264, 0.003699,False
1780957508.8310, 0.001722,False
1780957508.8354, 0.009671,False
1780957508.8397, 0.007531,False
1780957508.8441, 0.005518,False
1780957509.0700, 0.003759,False
1780957509.0760, 0.001268,False
1780957509.0840, 0.009520,False
1780957509.0884, 0.007799,False
1780957509.0926, 0.005437,False
1780957509.0972, 0.003548,False
1780957509.1020, 0.001470,False
1780957509.1066, 0.009682,False
1780957509.3334, 0.007907,False
1780957509.3385, 0.006030,False
1780957509.3440, 0.004079,False
1780957509.3492, 0.001619,False
1780957509.3536, 0.000108,False
1780957509.3609, 0.008262,False
1780957509.3659, 0.006217,False
1780957509.3704, 0.003842,False
1780957509.5742, 0.001718,False
1780957509.5790, 0.009933,False
1780957509.5843, 0.008254,False
1780957509.5891, 0.006347,False
1780957509.5938, 0.004330,False
1780957509.6002, 0.002284,False
1780957509.6047, 0.000271,False
1780957509.6089, 0.007987,False
1780957509.8369, 0.006035,False
1780957509.8417, 0.004004,False
1780957509.8464, 0.001858,False
1780957509.8508, 0.010091,False
1780957509.8552, 0.008448,False
1780957509.8597, 0.006476,False
1780957509.8641, 0.004669,False
1780957509.8685, 0.002643,False
1780957510.0843, 0.000482,False
1780957510.1995, 0.008720,False
1780957510.2052, 0.006682,False
1780957510.2100, 0.004381,False
1780957510.2151, 0.002921,False
1780957510.2195, 0.001274,False
1780957510.2239, 0.009469,False
1780957510.2293, 0.007801,False
1780957510.3304, 0.006090,False
1780957510.3390, 0.004276,False
1780957510.3447, 0.001967,False
1780957510.3497, 0.010149,False
1780957510.3542, 0.008283,False
1780957510.3587, 0.005960,False
1780957510.3638, 0.003957,False
1780957510.3684, 0.002234,False
1780957510.6031, 0.000204,False
1780957510.6108, 0.008435,False
1780957510.6156, 0.006834,False
1780957510.6202, 0.005080,False
1780957510.6247, 0.003165,False
1780957510.6294, 0.001384,False
1780957510.6340, 0.009457,False
1780957510.6383, 0.007758,False
1780957510.8524, 0.005907,False
1780957510.8569, 0.000102,False
1780957510.8637, 0.002190,False
1780957510.8680, 0.009835,False
1780957510.8726, 0.008032,False
1780957510.8771, 0.006410,False
1780957510.8815, 0.004301,False
1780957510.8858, 0.002335,False
1780957511.1022, 0.000329,False
1780957511.1069, 0.008374,False
1780957511.1117, 0.006605,False
1780957511.1167, 0.004798,False
1780957511.1215, 0.002984,False
1780957511.1260, 0.000622,False
1780957511.1307, 0.008798,False
1780957511.3669, 0.006810,False
1780957511.3758, 0.005150,False
1780957511.3806, 0.003186,False
1780957511.3855, 0.001090,False
1780957511.3902, 0.009067,False
1780957511.3949, 0.007067,False
1780957511.3994, 0.005255,False
1780957511.4039, 0.003525,False
1780957511.4081, 0.001447,False
1780957511.6128, 0.009681,False
1780957511.6175, 0.007495,False
1780957511.6219, 0.005945,False
1780957511.6265, 0.004129,False
1780957511.6309, 0.002160,False
1780957511.6352, 0.010058,False
1780957511.6397, 0.008214,False
1780957511.6438, 0.006550,False
1780957511.8832, 0.004679,False
1780957511.8879, 0.002836,False
1780957511.8923, 0.000922,False
1780957511.8975, 0.008524,False
1780957511.9019, 0.006862,False
1780957511.9064, 0.005089,False
1780957511.9110, 0.003168,False
1780957511.9154, 0.001127,False
1780957512.1434, 0.009603,False
1780957512.1481, 0.007614,False
1780957512.1527, 0.005993,False
1780957512.1572, 0.004122,False
1780957512.1616, 0.002352,False
1780957512.1661, 0.010112,False
1780957512.1708, 0.000135,False
1780957512.1772, 0.006374,False
1780957512.3917, 0.004506,False
1780957512.3969, 0.003120,False
1780957512.4024, 0.001249,False
1780957512.4070, 0.009502,False
1780957512.4118, 0.007959,False
1780957512.4186, 0.005979,False
1780957512.4231, 0.004150,False
1780957512.4276, 0.002336,False
1780957512.6643, 0.000408,False
1780957512.6691, 0.008450,False
1780957512.6741, 0.006929,False
1780957512.6790, 0.005053,False
1780957512.6840, 0.003211,False
1780957512.6887, 0.001349,False
1780957512.6929, 0.009354,False
1780957512.6973, 0.007478,False
1780957512.9068, 0.005903,False
1780957512.9117, 0.003962,False
1780957512.9165, 0.002066,False
1780957512.9211, 0.000400,False
1780957512.9256, 0.008560,False
1780957512.9303, 0.006620,False
1780957512.9347, 0.004513,False
1780957512.9392, 0.002420,False
1780957512.9435, 0.000691,False
1780957513.1707, 0.008413,False
1780957513.1754, 0.006556,False
1780957513.1804, 0.004647,False
1780957513.1851, 0.002462,False
1780957513.1897, 0.000254,False
1780957513.1942, 0.008322,False
1780957513.2009, 0.006649,False
1780957513.4379, 0.004860,False
1780957513.4434, 0.002739,False
1780957513.4490, 0.001039,False
1780957513.4560, 0.009249,False
1780957513.4616, 0.007420,False
1780957513.4665, 0.005238,False
1780957513.4708, 0.003251,False
1780957513.4776, 0.001662,False
1780957513.6807, 0.009781,False
1780957513.6873, 0.007938,False
1780957513.6930, 0.006232,False
1780957513.6981, 0.000120,False
1780957513.7057, 0.001823,False
1780957513.7102, 0.009900,False
1780957513.7146, 0.008309,False
1780957513.7189, 0.006414,False
1780957513.7231, 0.004565,False
1780957513.9345, 0.002904,False
1780957513.9391, 0.000932,False
1780957513.9437, 0.009189,False
1780957513.9481, 0.007274,False
1780957513.9526, 0.005061,False
1780957513.9571, 0.003134,False
1780957513.9626, 0.001402,False
1780957514.2010, 0.009567,False
1780957514.2074, 0.007654,False
1780957514.2124, 0.005886,False
1780957514.2168, 0.004572,False
1780957514.2210, 0.002842,False
1780957514.2254, 0.000902,False
1780957514.2302, 0.008806,False
1780957514.2345, 0.007206,False
1780957514.2387, 0.005132,False
1780957514.4544, 0.003173,False
1780957514.4592, 0.001450,False
1780957514.4642, 0.009543,False
1780957514.4689, 0.007546,False
1780957514.4732, 0.005894,False
1780957514.4781, 0.004135,False
1780957514.4828, 0.002310,False
1780957514.4872, 0.000578,False
1780957514.7134, 0.008694,False
1780957514.7204, 0.006402,False
1780957514.7248, 0.004658,False
1780957514.7293, 0.002700,False
1780957514.7338, 0.000824,False
1780957514.7385, 0.009024,False
1780957514.7429, 0.007101,False
1780957514.7473, 0.005528,False
1780957514.9662, 0.003519,False
1780957514.9707, 0.001213,False
1780957514.9754, 0.009487,False
1780957514.9804, 0.007710,False
1780957514.9847, 0.005693,False
1780957514.9913, 0.003504,False
1780957514.9962, 0.001272,False
1780957515.0003, 0.000107,False
1780957515.3311, 0.007543,False
1780957515.3357, 0.005752,False
1780957515.3402, 0.003826,False
1780957515.3450, 0.001961,False
1780957515.3495, 0.010057,False
1780957515.3540, 0.008238,False
1780957515.3584, 0.006935,False
1780957515.3639, 0.004868,False
1780957515.4880, 0.002980,False
1780957515.4927, 0.001056,False
1780957515.4976, 0.009396,False
1780957515.5020, 0.007452,False
1780957515.5063, 0.005390,False
1780957515.5107, 0.003800,False
1780957515.5153, 0.001785,False
1780957515.5196, 0.009551,False
1780957515.7465, 0.007800,False
1780957515.7510, 0.006131,False
1780957515.7555, 0.004366,False
1780957515.7602, 0.002124,False
1780957515.7652, 0.010072,False
1780957515.7703, 0.008369,False
1780957515.7748, 0.006098,False
1780957515.7791, 0.004275,False
1780957515.9976, 0.002242,False
1780957516.0025, 0.009885,False
1780957516.0068, 0.008090,False
1780957516.0114, 0.006149,False
1780957516.0161, 0.004480,False
1780957516.0205, 0.002690,False
1780957516.0255, 0.001005,False
1780957516.0305, 0.008751,False
1780957516.2687, 0.006253,False
1780957516.2732, 0.004671,False
1780957516.2783, 0.002803,False
1780957516.2828, 0.000790,False
1780957516.2872, 0.008979,False
1780957516.2916, 0.007079,False
1780957516.2969, 0.005314,False
1780957516.3019, 0.002769,False
1780957516.5160, 0.001540,False
1780957516.5231, 0.009825,False
1780957516.5285, 0.007553,False
1780957516.5337, 0.005327,False
1780957516.5401, 0.000132,False
1780957516.5478, 0.002112,False
1780957516.5523, 0.000447,False
1780957516.5567, 0.008400,False
1780957516.7675, 0.006653,False
1780957516.7730, 0.004945,False
1780957516.8793, 0.003465,False
1780957516.8844, 0.001042,False
1780957516.8921, 0.009364,False
1780957516.8969, 0.007143,False
1780957516.9018, 0.005345,False
1780957516.9064, 0.003625,False
1780957516.9118, 0.001734,False
1780957517.0395, 0.009957,False
1780957517.0450, 0.008004,False
1780957517.0499, 0.005996,False
1780957517.0550, 0.004357,False
1780957517.0601, 0.002944,False
1780957517.0645, 0.000849,False
1780957517.0689, 0.009348,False
1780957517.2966, 0.007130,False
1780957517.3024, 0.005167,False
1780957517.3070, 0.003210,False
1780957517.3117, 0.000980,False
1780957517.3164, 0.009124,False
1780957517.3209, 0.007209,False
1780957517.3254, 0.004924,False
1780957517.3311, 0.003297,False
1780957517.3356, 0.001868,False
1780957517.5589, 0.010034,False
1780957517.5639, 0.007628,False
1780957517.5689, 0.006171,False
1780957517.5743, 0.004467,False
1780957517.5796, 0.002898,False
1780957517.5852, 0.000697,False
1780957517.5897, 0.008746,False
1780957517.5948, 0.006929,False
1780957517.8009, 0.004994,False
1780957517.8056, 0.003264,False
1780957517.8105, 0.001864,False
1780957517.8151, 0.010002,False
1780957517.8195, 0.007655,False
1780957517.8240, 0.005992,False
1780957517.8288, 0.004127,False
1780957517.8333, 0.002106,False
1780957517.9496, 0.000113,False
1780957517.9568, 0.008037,False
1780957518.0629, 0.006437,False
1780957518.0687, 0.004827,False
1780957518.0735, 0.002866,False
1780957518.0783, 0.001369,False
1780957518.0828, 0.009530,False
1780957518.0872, 0.008037,False
1780957518.2181, 0.006009,False
1780957518.2225, 0.003996,False
1780957518.2298, 0.002330,False
1780957518.2343, 0.000524,False
1780957518.3290, 0.008687,False
1780957518.3346, 0.006364,False
1780957518.3395, 0.004664,False
1780957518.3455, 0.002665,False
1780957518.4878, 0.000792,False
1780957518.4927, 0.008959,False
1780957518.4977, 0.007250,False
1780957518.6048, 0.005373,False
1780957518.6095, 0.004267,False
1780957518.6150, 0.001716,False
1780957518.6204, 0.009542,False
1780957518.6261, 0.007830,False
1780957518.6308, 0.005765,False
1780957518.7363, 0.003605,False
1780957518.7411, 0.001449,False
1780957518.7458, 0.009700,False
1780957518.8552, 0.007580,False
1780957518.8599, 0.005680,False
1780957518.8644, 0.003401,False
1780957518.8691, 0.000940,False
1780957518.9964, 0.009084,False
1780957519.0026, 0.007530,False
1780957519.1162, 0.005752,False
1780957519.1214, 0.004330,False
1780957519.1267, 0.002165,False
1780957519.1326, 0.010239,False
1780957519.1375, 0.008494,False
1780957519.1426, 0.006604,False
1780957519.1480, 0.004717,False
1780957519.3694, 0.002280,False
1780957519.3747, 0.010077,False
1780957519.3800, 0.007692,False
1780957519.3844, 0.005740,False
1780957519.3888, 0.000123,False
1780957519.3962, 0.002295,False
1780957519.4007, 0.000367,False
1780957519.6141, 0.008005,False
1780957519.6239, 0.006053,False
1780957519.6288, 0.004187,False
1780957519.6338, 0.002690,False
1780957519.6381, 0.000513,False
1780957519.6424, 0.008521,False
1780957519.6480, 0.006812,False
1780957519.6527, 0.004759,False
1780957519.6571, 0.002795,False
1780957519.8857, 0.000983,False
1780957519.8913, 0.009110,False
1780957519.8976, 0.007203,False
1780957519.9030, 0.004907,False
1780957519.9086, 0.003245,False
1780957519.9131, 0.001124,False
1780957519.9177, 0.009405,False
1780957519.9221, 0.007271,False
1780957520.1336, 0.005863,False
1780957520.1383, 0.003804,False
1780957520.1433, 0.001520,False
1780957520.1486, 0.009843,False
1780957520.1532, 0.007954,False
1780957520.1578, 0.005888,False
1780957520.1632, 0.003608,False
1780957520.1677, 0.001565,False
1780957520.4004, 0.009692,False
1780957520.4048, 0.007851,False
1780957520.4096, 0.006222,False
1780957520.4144, 0.004525,False
1780957520.4191, 0.002320,False
1780957520.4240, 0.000449,False
1780957520.4289, 0.008173,False
1780957520.4336, 0.006587,False
1780957520.6530, 0.004860,False
1780957520.6584, 0.002473,False
1780957520.6636, 0.000466,False
1780957520.6683, 0.008657,False
1780957520.6727, 0.006408,False
1780957520.6778, 0.004390,False
1780957520.6822, 0.002076,False
1780957520.6867, 0.009938,False
1780957520.8973, 0.008313,False
1780957520.9018, 0.000165,False
1780957520.9084, 0.004267,False
1780957520.9129, 0.002506,False
1780957520.9177, 0.000766,False
1780957520.9223, 0.008713,False
1780957520.9267, 0.006637,False
1780957520.9331, 0.004987,False
1780957521.1468, 0.003059,False
1780957521.1517, 0.001351,False
1780957521.1565, 0.009244,False
1780957521.1612, 0.007422,False
1780957521.1657, 0.005702,False
1780957521.1700, 0.004251,False
1780957521.1744, 0.002202,False
1780957521.1822, 0.000412,False
1780957521.4168, 0.008219,False
1780957521.4219, 0.006653,False
1780957521.4270, 0.004686,False
1780957521.4315, 0.003062,False
1780957521.4358, 0.001174,False
1780957521.4402, 0.008833,False
1780957521.4451, 0.006920,False
1780957521.4496, 0.004664,False
1780957521.6693, 0.002897,False
1780957521.6745, 0.000978,False
1780957521.6793, 0.009184,False
1780957521.6837, 0.006945,False
1780957521.6882, 0.005114,False
1780957521.6929, 0.003131,False
1780957521.6977, 0.001296,False
1780957521.9128, 0.009583,False
1780957521.9193, 0.007825,False
1780957521.9242, 0.006056,False
1780957521.9296, 0.003994,False
1780957521.9353, 0.002002,False
1780957521.9399, 0.010233,False
1780957521.9445, 0.008589,False
1780957521.9491, 0.006760,False
1780957522.1595, 0.004565,False
1780957522.1661, 0.002339,False
1780957522.1706, 0.000481,False
1780957522.1749, 0.008590,False
1780957522.1796, 0.006286,False
1780957522.1840, 0.004437,False
1780957522.1886, 0.002486,False
1780957522.1941, 0.000115,False
1780957522.4322, 0.008806,False
1780957522.4370, 0.007028,False
1780957522.4416, 0.005202,False
1780957522.4462, 0.003089,False
1780957522.4509, 0.001224,False
1780957522.4552, 0.009545,False
1780957522.4602, 0.007574,False
1780957522.4651, 0.005774,False
1780957522.4694, 0.003459,False
1780957522.7023, 0.001520,False
1780957522.7070, 0.009573,False
1780957522.7121, 0.007503,False
1780957522.7169, 0.006011,False
1780957522.7216, 0.004209,False
1780957522.7260, 0.002558,False
1780957522.7335, 0.000943,False
1780957522.7382, 0.008875,False
1780957522.9525, 0.007090,False
1780957522.9573, 0.005224,False
1780957522.9631, 0.003429,False
1780957522.9677, 0.001534,False
1780957522.9722, 0.009773,False
1780957522.9778, 0.007843,False
1780957522.9823, 0.005907,False
1780957522.9868, 0.004472,False
1780957523.2172, 0.002526,False
1780957523.2219, 0.000868,False
1780957523.2270, 0.009051,False
1780957523.2323, 0.007092,False
1780957523.2370, 0.005254,False
1780957523.2416, 0.003352,False
1780957523.2471, 0.001514,False
1780957523.2515, 0.009269,False
1780957523.4789, 0.007043,False
1780957523.4835, 0.005029,False
1780957523.4882, 0.003221,False
1780957523.4943, 0.001392,False
1780957523.4993, 0.009208,False
1780957523.5037, 0.007369,False
1780957523.5084, 0.005806,False
1780957523.5150, 0.003757,False
1780957523.5195, 0.001838,False
1780957523.7484, 0.010060,False
1780957523.7531, 0.008133,False
1780957523.7575, 0.000062,False
1780957523.7643, 0.004380,False
1780957523.7688, 0.002568,False
1780957523.7732, 0.000727,False
1780957523.7784, 0.009073,False
1780957523.7830, 0.007061,False
1780957523.9968, 0.005012,False
1780957524.0016, 0.003321,False
1780957524.0060, 0.001469,False
1780957524.0124, 0.009488,False
1780957524.0191, 0.007858,False
1780957524.0235, 0.005403,False
1780957524.0287, 0.004020,False
1780957524.0330, 0.002079,False
1780957524.2560, 0.000371,False
1780957524.2611, 0.007724,False
1780957524.2657, 0.005952,False
1780957524.2698, 0.004361,False
1780957524.2773, 0.002203,False
1780957524.2825, 0.000209,False
1780957524.2870, 0.008433,False
1780957524.2927, 0.006459,False
1780957524.5302, 0.004733,False
1780957524.5351, 0.002833,False
1780957524.5397, 0.001157,False
1780957524.5455, 0.009313,False
1780957524.5503, 0.007525,False
1780957524.5549, 0.005785,False
1780957524.5612, 0.003726,False
1780957524.5658, 0.001633,False
1780957524.7980, 0.009910,False
1780957524.8056, 0.008019,False
1780957524.8117, 0.006338,False
1780957524.8165, 0.004494,False
1780957524.8210, 0.002445,False
1780957524.8265, 0.000635,False
1780957524.8331, 0.008737,False
1780957524.8379, 0.006915,False
1780957524.8433, 0.004493,False
1780957525.0464, 0.002815,False
1780957525.0512, 0.001151,False
1780957525.0562, 0.009362,False
1780957525.0614, 0.007043,False
1780957525.0665, 0.005163,False
1780957525.0711, 0.003373,False
1780957525.0756, 0.000076,False
1780957525.0823, 0.009291,False
1780957525.3170, 0.007268,False
1780957525.3217, 0.005414,False
1780957525.3286, 0.003651,False
1780957525.3341, 0.001136,False
1780957525.3386, 0.009298,False
1780957525.3433, 0.006959,False
1780957525.3477, 0.005318,False
1780957525.3520, 0.003792,False
1780957525.5633, 0.001868,False
1780957525.5681, 0.009949,False
1780957525.5765, 0.008267,False
1780957525.5816, 0.006119,False
1780957525.5864, 0.004271,False
1780957525.5916, 0.002549,False
1780957525.5963, 0.000726,False
1780957525.6007, 0.008919,False
1780957525.8334, 0.007208,False
1780957525.8378, 0.005311,False
1780957525.8454, 0.003558,False
1780957525.8499, 0.001293,False
1780957525.8543, 0.009490,False
1780957525.8598, 0.007691,False
1780957525.8654, 0.005924,False
1780957525.8698, 0.003896,False
1780957525.9673, 0.001989,False
1780957525.9718, 0.000248,False
1780957525.9791, 0.007837,False
1780957525.9837, 0.005883,False
1780957526.0768, 0.004007,False
1780957526.0818, 0.001860,False
1780957526.0866, 0.010105,False
1780957526.0910, 0.008288,False
1780957526.3415, 0.006672,False
1780957526.3464, 0.004567,False
1780957526.3520, 0.002868,False
1780957526.3574, 0.001093,False
1780957526.3623, 0.009205,False
1780957526.3667, 0.007383,False
1780957526.3713, 0.005566,False
1780957526.3772, 0.003964,False
1780957526.5942, 0.002283,False
1780957526.5998, 0.000338,False
1780957526.6048, 0.008415,False
1780957526.6097, 0.000140,False
1780957526.6165, 0.004832,False
1780957526.6210, 0.002796,False
1780957526.6262, 0.000547,False
1780957526.6306, 0.008136,False
1780957526.8667, 0.005764,False
1780957526.8713, 0.004023,False
1780957526.8764, 0.002216,False
1780957526.8812, 0.000837,False
1780957526.8859, 0.008769,False
1780957526.8907, 0.006856,False
1780957526.8961, 0.005119,False
1780957526.9007, 0.003057,False
1780957526.9051, 0.001324,False
1780957527.1113, 0.009145,False
1780957527.1161, 0.006822,False
1780957527.1215, 0.004783,False
1780957527.1274, 0.002987,False
1780957527.1319, 0.000642,False
1780957527.1366, 0.008694,False
1780957527.1422, 0.006933,False
1780957527.2631, 0.005146,False
1780957527.2718, 0.002873,False
1780957527.2766, 0.001116,False
1780957527.2811, 0.009430,False
1780957527.3727, 0.007783,False
1780957527.3820, 0.005770,False
1780957527.3872, 0.004024,False
1780957527.3921, 0.002114,False
1780957527.3969, 0.000168,False
1780957527.6318, 0.007819,False
1780957527.6365, 0.006329,False
1780957527.6419, 0.004377,False
1780957527.6464, 0.002674,False
1780957527.6507, 0.000793,False
1780957527.6551, 0.009353,False
1780957527.6604, 0.007497,False
1780957527.6650, 0.005504,False
1780957527.7630, 0.003199,False
1780957527.7678, 0.001495,False
1780957527.7723, 0.009203,False
1780957527.7777, 0.007423,False
1780957527.7822, 0.005544,False
1780957527.7866, 0.004006,False
1780957527.7912, 0.001631,False
1780957527.8815, 0.000128,False
1780957528.1281, 0.007539,False
1780957528.1331, 0.005553,False
1780957528.1376, 0.003752,False
1780957528.1421, 0.001839,False
1780957528.1467, 0.009993,False
1780957528.1510, 0.008118,False
1780957528.1553, 0.006292,False
1780957528.3951, 0.004011,False
1780957528.4010, 0.002225,False
1780957528.4063, 0.010029,False
1780957528.4118, 0.007992,False
1780957528.4167, 0.006138,False
1780957528.4213, 0.003960,False
1780957528.4267, 0.002196,False
1780957528.4314, 0.000393,False
1780957528.4360, 0.008395,False
1780957528.6632, 0.006781,False
1780957528.6713, 0.004698,False
1780957528.6780, 0.002942,False
1780957528.6837, 0.001087,False
1780957528.6892, 0.009312,False
1780957528.6947, 0.007295,False
1780957528.6992, 0.004954,False
1780957528.7056, 0.003030,False
1780957528.9121, 0.001199,False
1780957528.9169, 0.009292,False
1780957528.9217, 0.007113,False
1780957528.9272, 0.005174,False
1780957528.9320, 0.003298,False
1780957528.9367, 0.001454,False
1780957528.9429, 0.009657,False
1780957528.9490, 0.007763,False
1780957529.1780, 0.005769,False
1780957529.1825, 0.003553,False
1780957529.1875, 0.001713,False
1780957529.1920, 0.009659,False
1780957529.1964, 0.007836,False
1780957529.2010, 0.006437,False
1780957529.2058, 0.004781,False
1780957529.2107, 0.002774,False
1780957529.4274, 0.000862,False
1780957529.4319, 0.009117,False
1780957529.4364, 0.007329,False
1780957529.4414, 0.005549,False
1780957529.4457, 0.000119,False
1780957529.4525, 0.001543,False
1780957529.4574, 0.009770,False
1780957529.4621, 0.007344,False
1780957529.6787, 0.005554,False
1780957529.6833, 0.003683,False
1780957529.6877, 0.001721,False
1780957529.6924, 0.009913,False
1780957529.6970, 0.007533,False
1780957529.7015, 0.005689,False
1780957529.7060, 0.003816,False
1780957529.7104, 0.001998,False
1780957529.9439, 0.000323,False
1780957529.9486, 0.008484,False
1780957529.9530, 0.006817,False
1780957529.9582, 0.004528,False
1780957529.9631, 0.002596,False
1780957529.9677, 0.000848,False
1780957529.9726, 0.008923,False
1780957529.9789, 0.006429,False
1780957530.1931, 0.004720,False
1780957530.1985, 0.002877,False
1780957530.2033, 0.001069,False
1780957530.2082, 0.009475,False
1780957530.2128, 0.007410,False
1780957530.2170, 0.005646,False
1780957530.2235, 0.004020,False
1780957530.2277, 0.002098,False
1780957530.4437, 0.000186,False
1780957530.4487, 0.008416,False
1780957530.4533, 0.006752,False
1780957530.4581, 0.004694,False
1780957530.4627, 0.002959,False
1780957530.4668, 0.001116,False
1780957530.4734, 0.009261,False
1780957530.4784, 0.007540,False
1780957530.6963, 0.005812,False
1780957530.7013, 0.003524,False
1780957530.7064, 0.001621,False
1780957530.7109, 0.009870,False
1780957530.7155, 0.007967,False
1780957530.7201, 0.005641,False
1780957530.7256, 0.003790,False
1780957530.7302, 0.001902,False
1780957530.9629, 0.010153,False
1780957530.9677, 0.000094,False
1780957530.9756, 0.006320,False
1780957530.9824, 0.004124,False
1780957530.9886, 0.002427,False
1780957530.9941, 0.000776,False
1780957530.9987, 0.008815,False
1780957531.0031, 0.006558,False
1780957531.2139, 0.004600,False
1780957531.2186, 0.002649,False
1780957531.2233, 0.000745,False
1780957531.2287, 0.008475,False
1780957531.2334, 0.006532,False
1780957531.2379, 0.004355,False
1780957531.2426, 0.002474,False
1780957531.2471, 0.000705,False
1780957531.4792, 0.008924,False
1780957531.4841, 0.007216,False
1780957531.4885, 0.005381,False
1780957531.4950, 0.003615,False
1780957531.5000, 0.001732,False
1780957531.5051, 0.009910,False
1780957531.5115, 0.007587,False
1780957531.5164, 0.005714,False
1780957531.5208, 0.003899,False
1780957531.7472, 0.002120,False
1780957531.7520, 0.009898,False
1780957531.7577, 0.008069,False
1780957531.7653, 0.006254,False
1780957531.7730, 0.004382,False
1780957531.7784, 0.002826,False
1780957531.7831, 0.001035,False
1780957531.7876, 0.009372,False
1780957531.9960, 0.007087,False
1780957532.0011, 0.005765,False
1780957532.0065, 0.003846,False
1780957532.0110, 0.002077,False
1780957532.0178, 0.010133,False
1780957532.0228, 0.008411,False
1780957532.0279, 0.006073,False
1780957532.0326, 0.003764,False
1780957532.2465, 0.001979,False
1780957532.2513, 0.009718,False
1780957532.2562, 0.007480,False
1780957532.2618, 0.005682,False
1780957532.2665, 0.003708,False
1780957532.2707, 0.000111,False
1780957532.2790, 0.010061,False
1780957532.2836, 0.008266,False
1780957532.5301, 0.006401,False
1780957532.5351, 0.004131,False
1780957532.5403, 0.002321,False
1780957532.5455, 0.010065,False
1780957532.5501, 0.008313,False
1780957532.5555, 0.006357,False
1780957532.5608, 0.004112,False
1780957532.5654, 0.002231,False
1780957532.7818, 0.000242,False
1780957532.8122, 0.008502,False
1780957532.8170, 0.006624,False
1780957532.8216, 0.004891,False
1780957532.8260, 0.002980,False
1780957532.8304, 0.001157,False
1780957532.8349, 0.009156,False
1780957532.8398, 0.006888,False
1780957533.0261, 0.005338,False
1780957533.0338, 0.003286,False
1780957533.0398, 0.001625,False
1780957533.0451, 0.009290,False
1780957533.0499, 0.007163,False
1780957533.0546, 0.005135,False
1780957533.0593, 0.003159,False
1780957533.0642, 0.001543,False
1780957533.2826, 0.009861,False
1780957533.2881, 0.008068,False
1780957533.2925, 0.006319,False
1780957533.2989, 0.004475,False
1780957533.3033, 0.003194,False
1780957533.3087, 0.001070,False
1780957533.3136, 0.009194,False
1780957533.3182, 0.006896,False
1780957533.5406, 0.004919,False
1780957533.5453, 0.003302,False
1780957533.5497, 0.001262,False
1780957533.5575, 0.009517,False
1780957533.5621, 0.007840,False
1780957533.5667, 0.006000,False
1780957533.5716, 0.003946,False
1780957533.5762, 0.001656,False
1780957533.7915, 0.009657,False
1780957533.7963, 0.007536,False
1780957533.8007, 0.000132,False
1780957533.8081, 0.003641,False
1780957533.8128, 0.001746,False
1780957533.8173, 0.009881,False
1780957533.8226, 0.008111,False
1780957533.8274, 0.006154,False
1780957534.0581, 0.003941,False
1780957534.0633, 0.002238,False
1780957534.0678, 0.009936,False
1780957534.0726, 0.008213,False
1780957534.0781, 0.006124,False
1780957534.0829, 0.004047,False
1780957534.0873, 0.002082,False
1780957534.0920, 0.000269,False
1780957534.3114, 0.008594,False
1780957534.3164, 0.006441,False
1780957534.3213, 0.004730,False
1780957534.3258, 0.002338,False
1780957534.3305, 0.000435,False
1780957534.3352, 0.008445,False
1780957534.3399, 0.006090,False
1780957534.3443, 0.004256,False
1780957534.5732, 0.002267,False
1780957534.5786, 0.000638,False
1780957534.5851, 0.008786,False
1780957534.5904, 0.006561,False
1780957534.5952, 0.004626,False
1780957534.5997, 0.002741,False
1780957534.6047, 0.000836,False
1780957534.6092, 0.009054,False
1780957534.8307, 0.006973,False
1780957534.8353, 0.004997,False
1780957534.8427, 0.002772,False
1780957534.8473, 0.000887,False
1780957534.8519, 0.009127,False
1780957534.8568, 0.006999,False
1780957534.8614, 0.005282,False
1780957534.8659, 0.003136,False
1780957535.0811, 0.001284,False
1780957535.0862, 0.009416,False
1780957535.0931, 0.007145,False
1780957535.0979, 0.005368,False
1780957535.1024, 0.003540,False
1780957535.1079, 0.001382,False
1780957535.1127, 0.009287,False
1780957535.1171, 0.000147,False
1780957535.3236, 0.005278,False
1780957535.3289, 0.002920,False
1780957535.3341, 0.000616,False
1780957535.3394, 0.008660,False
1780957535.3438, 0.006330,False
1780957535.3483, 0.005111,False
1780957535.3527, 0.003122,False
1780957535.3572, 0.000596,False
1780957535.5782, 0.009074,False
1780957535.5835, 0.007377,False
1780957535.5885, 0.005379,False
1780957535.5933, 0.003230,False
1780957535.5985, 0.001763,False
1780957535.6037, 0.009752,False
1780957535.6085, 0.007819,False
1780957535.6132, 0.005714,False
1780957535.8446, 0.003761,False
1780957535.8497, 0.001715,False
1780957535.8542, 0.009332,False
1780957535.8586, 0.007121,False
1780957535.8631, 0.005303,False
1780957535.8675, 0.003090,False
1780957535.8720, 0.001109,False
1780957535.8768, 0.009070,False
1780957536.0956, 0.007003,False
1780957536.1024, 0.005037,False
1780957536.1080, 0.003365,False
1780957536.1129, 0.001564,False
1780957536.1177, 0.009750,False
1780957536.1236, 0.007924,False
1780957536.1288, 0.005513,False
1780957536.1332, 0.003754,False
1780957536.3416, 0.001845,False
1780957536.3489, 0.000251,False
1780957536.3538, 0.008123,False
1780957536.3583, 0.005808,False
1780957536.3629, 0.004314,False
1780957536.3676, 0.001965,False
1780957536.3726, 0.000189,False
1780957536.5820, 0.008622,False
1780957536.5885, 0.006738,False
1780957536.5940, 0.005026,False
1780957536.5992, 0.003120,False
1780957536.6044, 0.001296,False
1780957536.6087, 0.000087,False
1780957536.6152, 0.007849,False
1780957536.6200, 0.005442,False
1780957536.8575, 0.003783,False
1780957536.8639, 0.002010,False
1780957536.8684, 0.000573,False
1780957536.8736, 0.008239,False
1780957536.8781, 0.005794,False
1780957536.8825, 0.004045,False
1780957536.8873, 0.002131,False
1780957536.8921, 0.000224,False
1780957536.8964, 0.008490,False
1780957537.1086, 0.006874,False
1780957537.1132, 0.005177,False
1780957537.1177, 0.003092,False
1780957537.1234, 0.000829,False
1780957537.1285, 0.008997,False
1780957537.1331, 0.007200,False
1780957537.1387, 0.005409,False
1780957537.1432, 0.003517,False
1780957537.3621, 0.001812,False
1780957537.3668, 0.009785,False
1780957537.3718, 0.007518,False
1780957537.3764, 0.005551,False
1780957537.3809, 0.003801,False
1780957537.3854, 0.002259,False
1780957537.3901, 0.000396,False
1780957537.3947, 0.008878,False
1780957537.6123, 0.006755,False
1780957537.7303, 0.004871,False
1780957537.7357, 0.003014,False
1780957537.7413, 0.001093,False
1780957537.7459, 0.009298,False
1780957537.7505, 0.006990,False
1780957537.7557, 0.005173,False
1780957537.7599, 0.003084,False
1780957537.8956, 0.001198,False
1780957537.9004, 0.009295,False
1780957537.9055, 0.007560,False
1780957537.9101, 0.005580,False
1780957537.9146, 0.003754,False
1780957537.9192, 0.001905,False
1780957537.9257, 0.009585,False
1780957537.9304, 0.008303,False
1780957538.1471, 0.005959,False
1780957538.1519, 0.000144,False
1780957538.1590, 0.002381,False
1780957538.1638, 0.000602,False
1780957538.1684, 0.008473,False
1780957538.1740, 0.006547,False
1780957538.1787, 0.004707,False
1780957538.1831, 0.002715,False
1780957538.4097, 0.000889,False
1780957538.4147, 0.008962,False
1780957538.4194, 0.007236,False
1780957538.4246, 0.005336,False
1780957538.4291, 0.003649,False
1780957538.4338, 0.001900,False
1780957538.4387, 0.009829,False
1780957538.4430, 0.007588,False
1780957538.6418, 0.005707,False
1780957538.6468, 0.004180,False
1780957538.6513, 0.002246,False
1780957538.6562, 0.009958,False
1780957538.6615, 0.008121,False
1780957538.6668, 0.006139,False
1780957538.6724, 0.004374,False
1780957538.6769, 0.002636,False
1780957538.9110, 0.000681,False
1780957538.9158, 0.008897,False
1780957538.9207, 0.006859,False
1780957538.9250, 0.005290,False
1780957538.9294, 0.003655,False
1780957538.9339, 0.001183,False
1780957538.9382, 0.009424,False
1780957538.9456, 0.007272,False
1780957539.2737, 0.005395,False
1780957539.2789, 0.003407,False
1780957539.2834, 0.001528,False
1780957539.2881, 0.009744,False
1780957539.2927, 0.007848,False
1780957539.2973, 0.006099,False
1780957539.3024, 0.004244,False
1780957539.3099, 0.002487,False
1780957539.4227, 0.000860,False
1780957539.4274, 0.009463,False
1780957539.4319, 0.007545,False
1780957539.4371, 0.005643,False
1780957539.4418, 0.003898,False
1780957539.4464, 0.001979,False
1780957539.4507, 0.000054,False
1780957539.4572, 0.008569,False
1780957539.6625, 0.006885,False
1780957539.6678, 0.004762,False
1780957539.6728, 0.002790,False
1780957539.6777, 0.000407,False
1780957539.6825, 0.008268,False
1780957539.6874, 0.006061,False
1780957539.6929, 0.004283,False
1780957539.6975, 0.002295,False
1780957539.9459, 0.009921,False
1780957539.9506, 0.008078,False
1780957539.9561, 0.006311,False
1780957539.9605, 0.004584,False
1780957539.9649, 0.002577,False
1780957539.9700, 0.000568,False
1780957539.9750, 0.008401,False
1780957539.9796, 0.006265,False
1780957540.1764, 0.004696,False
1780957540.1837, 0.003065,False
1780957540.1890, 0.000928,False
1780957540.1936, 0.009011,False
1780957540.1981, 0.006917,False
1780957540.2028, 0.004880,False
1780957540.2077, 0.002947,False
1780957540.2123, 0.001213,False
1780957540.4586, 0.009483,False
1780957540.4634, 0.008002,False
1780957540.4683, 0.005898,False
1780957540.4727, 0.004315,False
1780957540.4772, 0.002023,False
1780957540.4820, 0.000266,False
1780957540.4866, 0.008503,False
1780957540.4911, 0.006761,False
1780957540.4954, 0.004941,False
1780957540.7222, 0.002480,False
1780957540.7272, 0.010161,False
1780957540.7319, 0.008478,False
1780957540.7371, 0.006495,False
1780957540.7415, 0.004401,False
1780957540.7482, 0.002331,False
1780957540.7542, 0.000582,False
1780957540.7587, 0.008947,False
1780957540.9758, 0.006974,False
1780957540.9806, 0.005215,False
1780957540.9852, 0.000061,False
1780957540.9925, 0.001490,False
1780957540.9974, 0.009581,False
1780957541.0022, 0.007840,False
1780957541.0071, 0.005683,False
1780957541.0117, 0.003605,False
1780957541.2275, 0.002098,False
1780957541.2325, 0.010006,False
1780957541.2373, 0.007929,False
1780957541.2424, 0.005945,False
1780957541.2470, 0.004289,False
1780957541.2517, 0.002272,False
1780957541.2564, 0.000441,False
1780957541.4833, 0.008555,False
1780957541.4891, 0.006619,False
1780957541.4939, 0.005006,False
1780957541.4983, 0.003363,False
1780957541.5027, 0.001193,False
1780957541.5073, 0.009323,False
1780957541.5121, 0.007077,False
1780957541.5165, 0.005114,False
1780957541.5209, 0.003145,False
1780957541.7432, 0.001438,False
1780957541.7481, 0.009360,False
1780957541.7539, 0.007569,False
1780957541.7584, 0.005799,False
1780957541.7630, 0.003392,False
1780957541.7679, 0.001543,False
1780957541.7730, 0.009760,False
1780957541.7775, 0.007595,False
1780957542.0109, 0.005798,False
1780957542.0157, 0.003531,False
1780957542.0239, 0.001945,False
1780957542.0324, 0.009835,False
1780957542.0437, 0.007588,False
1780957542.0492, 0.005679,False
1780957542.0552, 0.003701,False
1780957542.0603, 0.001888,False
1780957542.2472, 0.010095,False
1780957542.2523, 0.008365,False
1780957542.2572, 0.006418,False
1780957542.2648, 0.004336,False
1780957542.2737, 0.002373,False
1780957542.2785, 0.000583,False
1780957542.2830, 0.008738,False
1780957542.2878, 0.000141,False
1780957542.5044, 0.004763,False
1780957542.5101, 0.002758,False
1780957542.5147, 0.000808,False
1780957542.5197, 0.008998,False
1780957542.5258, 0.007219,False
1780957542.5329, 0.005228,False
1780957542.5381, 0.003626,False
1780957542.5426, 0.001559,False
1780957542.7582, 0.009676,False
1780957542.7638, 0.007878,False
1780957542.7709, 0.005585,False
1780957542.7768, 0.003729,False
1780957542.7821, 0.002319,False
1780957542.7892, 0.000388,False
1780957542.7939, 0.008700,False
1780957542.7985, 0.006813,False
1780957543.0225, 0.004945,False
1780957543.0273, 0.003221,False
1780957543.0320, 0.001419,False
1780957543.0370, 0.009636,False
1780957543.0415, 0.007610,False
1780957543.0461, 0.005847,False
1780957543.0509, 0.003663,False
1780957543.0559, 0.001762,False
1780957543.2888, 0.009862,False
1780957543.2939, 0.007650,False
1780957543.2984, 0.005784,False
1780957543.3040, 0.003980,False
1780957543.3086, 0.002071,False
1780957543.3132, 0.000398,False
1780957543.3181, 0.008607,False
1780957543.3246, 0.006667,False
1780957543.5346, 0.004880,False
1780957543.5397, 0.002860,False
1780957543.5444, 0.001135,False
1780957543.5493, 0.009487,False
1780957543.5542, 0.007711,False
1780957543.5590, 0.005775,False
1780957543.5637, 0.003378,False
1780957543.5686, 0.001689,False
1780957543.7940, 0.009369,False
1780957543.7986, 0.007036,False
1780957543.8038, 0.005201,False
1780957543.8116, 0.003537,False
1780957543.8159, 0.000135,False
1780957543.8243, 0.009526,False
1780957543.8287, 0.007827,False
1780957543.8337, 0.006158,False
1780957544.0560, 0.004790,False
1780957544.0609, 0.002416,False
1780957544.0654, 0.000447,False
1780957544.0719, 0.008712,False
1780957544.0762, 0.006516,False
1780957544.0806, 0.004512,False
1780957544.0855, 0.002977,False
1780957544.0904, 0.001261,False
1780957544.3046, 0.009189,False
1780957544.3094, 0.006949,False
1780957544.3141, 0.005171,False
1780957544.3191, 0.003159,False
1780957544.3242, 0.000860,False
1780957544.3298, 0.008994,False
1780957544.3360, 0.006655,False
1780957544.3443, 0.004948,False
1780957544.5554, 0.003305,False
1780957544.5609, 0.001437,False
1780957544.5661, 0.009515,False
1780957544.5710, 0.007305,False
1780957544.5762, 0.005479,False
1780957544.5809, 0.003517,False
1780957544.5864, 0.001780,False
1780957544.5908, 0.009884,False
1780957544.8399, 0.008199,False
1780957544.8450, 0.006165,False
1780957544.8498, 0.003814,False
1780957544.8549, 0.001876,False
1780957544.8596, 0.000333,False
1780957544.8639, 0.008515,False
1780957544.8687, 0.006713,False
1780957544.8735, 0.004963,False
1780957544.8781, 0.002990,False
1780957545.0725, 0.000939,False
1780957545.0777, 0.009239,False
1780957545.0820, 0.007143,False
1780957545.0867, 0.005180,False
1780957545.0917, 0.003370,False
1780957545.0964, 0.001376,False
1780957545.1014, 0.009706,False
1780957545.1060, 0.007998,False
1780957545.3418, 0.000132,False
1780957545.3497, 0.003917,False
1780957545.3552, 0.002062,False
1780957545.3601, 0.000243,False
1780957545.3649, 0.008160,False
1780957545.3702, 0.006120,False
1780957545.3755, 0.004222,False
1780957545.3800, 0.002201,False
1780957545.5923, 0.009907,False
1780957545.5978, 0.008223,False
1780957545.6026, 0.006115,False
1780957545.6070, 0.004113,False
1780957545.6113, 0.001768,False
1780957545.6158, 0.010068,False
1780957545.6203, 0.008122,False
1780957545.8411, 0.005814,False
1780957545.8460, 0.004115,False
1780957545.8510, 0.002207,False
1780957545.8562, 0.000305,False
1780957545.9585, 0.008364,False
1780957545.9633, 0.006527,False
1780957545.9680, 0.004991,False
1780957545.9738, 0.002873,False
1780957545.9788, 0.001330,False
1780957546.1057, 0.009403,False
1780957546.1104, 0.007564,False
1780957546.1149, 0.005482,False
1780957546.1203, 0.003463,False
1780957546.1249, 0.001371,False
1780957546.1297, 0.009318,False
1780957546.1349, 0.007420,False
1780957546.1395, 0.005577,False
1780957546.3768, 0.003854,False
1780957546.3816, 0.001988,False
1780957546.3869, 0.000215,False
1780957546.3959, 0.008149,False
1780957546.4010, 0.006625,False
1780957546.4100, 0.004273,False
1780957546.4190, 0.002232,False
1780957546.4267, 0.000403,False
1780957546.6372, 0.008688,False
1780957546.6420, 0.007019,False
1780957546.6466, 0.005051,False
1780957546.6510, 0.003197,False
1780957546.6554, 0.001502,False
1780957546.6595, 0.000121,False
1780957546.6661, 0.007547,False
1780957546.6707, 0.005529,False
1780957546.8920, 0.003789,False
1780957546.8968, 0.001961,False
1780957546.9023, 0.010153,False
1780957546.9069, 0.008310,False
1780957546.9113, 0.006355,False
1780957546.9159, 0.004597,False
1780957546.9211, 0.002703,False
1780957546.9255, 0.000294,False
1780957547.1535, 0.008304,False
1780957547.1617, 0.006500,False
1780957547.1696, 0.004687,False
1780957547.1740, 0.003015,False
1780957547.1786, 0.001499,False
1780957547.1836, 0.009960,False
1780957547.1886, 0.008541,False
1780957547.1933, 0.006745,False
1780957547.4005, 0.005305,False
1780957547.4064, 0.003630,False
1780957547.4112, 0.001701,False
1780957547.4157, 0.009975,False
1780957547.4203, 0.007753,False
1780957547.4251, 0.006068,False
1780957547.4298, 0.004821,False
1780957547.4349, 0.003204,False
1780957547.4405, 0.001903,False
1780957547.6611, 0.010038,False
1780957547.6666, 0.008120,False
1780957547.6713, 0.006170,False
1780957547.6758, 0.004543,False
1780957547.6804, 0.002545,False
1780957547.6849, 0.001226,False
1780957547.6893, 0.009454,False
1780957547.9054, 0.007448,False
1780957547.9102, 0.005873,False
1780957547.9146, 0.004115,False
1780957547.9190, 0.002132,False
1780957547.9244, 0.000376,False
1780957547.9290, 0.008934,False
1780957547.9339, 0.007420,False
1780957547.9384, 0.005742,False
1780957548.1732, 0.004220,False
1780957548.1781, 0.002285,False
1780957548.1829, 0.000117,False
1780957548.1899, 0.009116,False
1780957548.1947, 0.007604,False
1780957548.1995, 0.006113,False
1780957548.2043, 0.004421,False
1780957548.2089, 0.003036,False
1780957548.2134, 0.001068,False
1780957548.4276, 0.009503,False
1780957548.4327, 0.008125,False
1780957548.4374, 0.006630,False
1780957548.4419, 0.004867,False
1780957548.4464, 0.003258,False
1780957548.4510, 0.001952,False
1780957548.4560, 0.010028,False
1780957548.6898, 0.008585,False
1780957548.6945, 0.007498,False
1780957548.6996, 0.005737,False
1780957548.7045, 0.004400,False
1780957548.7093, 0.002815,False
1780957548.7143, 0.001117,False
1780957548.7189, 0.009390,False
1780957548.7257, 0.008144,False
1780957548.7301, 0.006504,False
1780957548.9362, 0.004795,False
1780957548.9409, 0.003503,False
1780957548.9464, 0.001714,False
1780957548.9518, 0.009970,False
1780957548.9563, 0.007997,False
1780957548.9606, 0.006091,False
1780957548.9676, 0.004433,False
1780957548.9720, 0.002435,False
1780957549.1918, 0.000734,False
1780957549.1968, 0.008563,False
1780957549.2017, 0.006923,False
1780957549.2076, 0.004948,False
1780957549.2126, 0.003071,False
1780957549.2179, 0.001195,False
1780957549.2253, 0.009257,False
1780957549.2300, 0.007387,False
1780957549.3253, 0.005448,False
1780957549.3302, 0.003684,False
1780957549.3352, 0.001639,False
1780957549.3397, 0.009851,False
1780957549.3442, 0.008231,False
1780957549.3486, 0.006407,False
1780957549.4409, 0.000053,False
1780957549.4478, 0.002700,False
1780957549.6910, 0.000367,False
1780957549.6960, 0.008460,False
1780957549.7007, 0.006500,False
1780957549.8089, 0.004455,False
1780957549.8140, 0.002651,False
1780957549.8188, 0.000877,False
1780957549.8234, 0.009043,False
1780957549.8280, 0.006582,False
1780957549.9530, 0.004912,False
1780957549.9589, 0.002942,False
1780957549.9638, 0.001006,False
1780957549.9709, 0.008716,False
1780957549.9760, 0.006566,False
1780957549.9810, 0.004544,False
1780957549.9861, 0.002861,False
1780957549.9908, 0.001200,False
1780957550.2236, 0.008981,False
1780957550.2283, 0.007045,False
1780957550.2334, 0.005262,False
1780957550.2383, 0.003407,False
1780957550.2429, 0.001557,False
1780957550.2476, 0.009579,False
1780957550.2523, 0.007729,False
1780957550.2569, 0.005964,False
1780957550.4761, 0.003676,False
1780957550.4808, 0.001923,False
1780957550.4868, 0.000319,False
1780957550.4917, 0.008431,False
1780957550.4965, 0.006399,False
1780957550.5033, 0.004632,False
1780957550.5110, 0.002773,False
1780957550.5176, 0.000430,False
1780957550.7209, 0.008545,False
1780957550.7258, 0.006981,False
1780957550.7303, 0.005032,False
1780957550.7347, 0.003095,False
1780957550.7389, 0.001326,False
1780957550.7455, 0.009511,False
1780957550.7499, 0.007317,False
1780957550.7543, 0.005496,False
1780957550.9807, 0.003622,False
1780957550.9864, 0.001701,False
1780957550.9917, 0.009948,False
1780957550.9967, 0.000137,False
1780957551.0040, 0.006434,False
1780957551.0086, 0.004474,False
1780957551.0131, 0.002582,False
1780957551.0180, 0.000230,False
1780957551.2266, 0.008461,False
1780957551.2316, 0.006757,False
1780957551.2363, 0.004842,False
1780957551.2407, 0.003621,False
1780957551.2451, 0.001242,False
1780957551.2499, 0.008955,False
1780957551.2545, 0.006964,False
1780957551.2587, 0.005315,False
1780957551.4758, 0.003579,False
1780957551.4809, 0.001436,False
1780957551.5045, 0.009606,False
1780957551.5098, 0.007811,False
1780957551.5145, 0.005722,False
1780957551.5207, 0.003456,False
1780957551.5255, 0.001318,False
1780957551.5302, 0.009436,False
1780957551.7558, 0.007349,False
1780957551.7605, 0.005494,False
1780957551.7651, 0.003431,False
1780957551.7697, 0.001459,False
1780957551.7744, 0.009701,False
1780957551.7796, 0.007783,False
1780957551.7849, 0.005923,False
1780957551.7894, 0.003482,False
1780957551.8896, 0.001754,False
1780957551.8944, 0.009387,False
1780957551.8990, 0.007455,False
1780957551.9035, 0.005488,False
1780957551.9103, 0.003674,False
1780957551.9151, 0.001954,False
1780957551.9194, 0.000301,False
1780957552.0042, 0.008918,False
1780957552.2569, 0.007415,False
1780957552.2617, 0.005486,False
1780957552.2669, 0.003597,False
1780957552.2711, 0.001763,False
1780957552.2775, 0.009513,False
1780957552.2827, 0.007417,False
1780957552.2875, 0.005506,False
1780957552.2918, 0.003502,False
1780957552.5039, 0.000061,False
1780957552.5113, 0.009377,False
1780957552.5163, 0.007541,False
1780957552.5215, 0.005860,False
1780957552.5262, 0.003824,False
1780957552.5310, 0.002171,False
1780957552.5361, 0.009758,False
1780957552.6536, 0.007870,False
1780957552.6586, 0.005611,False
1780957552.6634, 0.003872,False
1780957552.6679, 0.002140,False
1780957552.7682, 0.010221,False
1780957552.7729, 0.008438,False
1780957552.7773, 0.006561,False
1780957552.7822, 0.004662,False
1780957552.7867, 0.002847,False
1780957553.0191, 0.000894,False
1780957553.0243, 0.009112,False
1780957553.0287, 0.007205,False
1780957553.0337, 0.005431,False
1780957553.0386, 0.003494,False
1780957553.0433, 0.001603,False
1780957553.0481, 0.009682,False
1780957553.0529, 0.007737,False
1780957553.1719, 0.005603,False
1780957553.2879, 0.003429,False
1780957553.2927, 0.001386,False
1780957553.2976, 0.008964,False
1780957553.3030, 0.007294,False
1780957553.3074, 0.005424,False
1780957553.3120, 0.002949,False
1780957553.3175, 0.001211,False
1780957553.5215, 0.009258,False
1780957553.6364, 0.007265,False
1780957553.6408, 0.005173,False
1780957553.6475, 0.003491,False
1780957553.6523, 0.001594,False
1780957553.6568, 0.009560,False
1780957553.6613, 0.007754,False
1780957553.6656, 0.005952,False
1780957553.7761, 0.004449,False
1780957553.7849, 0.002555,False
1780957553.7905, 0.000184,False
1780957553.7952, 0.008373,False
1780957553.8002, 0.006703,False
1780957553.8053, 0.000127,False
1780957553.8123, 0.003998,False
1780957553.8169, 0.001024,False
1780957554.0490, 0.008902,False
1780957554.0539, 0.007036,False
1780957554.0586, 0.005195,False
1780957554.0633, 0.003316,False
1780957554.0683, 0.001019,False
1780957554.0729, 0.008562,False
1780957554.0774, 0.006339,False
1780957554.0822, 0.004435,False
1780957554.3060, 0.002481,False
1780957554.3107, 0.000776,False
1780957554.3168, 0.008936,False
1780957554.3214, 0.006742,False
1780957554.3259, 0.004988,False
1780957554.3305, 0.003329,False
1780957554.3354, 0.001263,False
1780957554.3399, 0.009423,False
1780957554.5522, 0.007826,False
1780957554.5568, 0.005787,False
1780957554.5613, 0.003995,False
1780957554.5668, 0.001925,False
1780957554.5715, 0.009961,False
1780957554.5760, 0.008413,False
1780957554.5806, 0.006630,False
1780957554.5857, 0.005002,False
1780957554.8152, 0.003256,False
1780957554.8203, 0.001219,False
1780957554.8251, 0.009418,False
1780957554.8298, 0.007566,False
1780957554.8345, 0.005844,False
1780957554.8399, 0.003987,False
1780957554.8446, 0.002262,False
1780957554.8494, 0.000557,False
1780957555.0818, 0.008714,False
1780957555.0874, 0.006805,False
1780957555.0954, 0.005169,False
1780957555.1008, 0.003394,False
1780957555.1057, 0.001834,False
1780957555.1103, 0.009978,False
1780957555.1154, 0.008199,False
1780957555.1199, 0.006367,False
1780957555.3316, 0.004829,False
1780957555.3361, 0.003105,False
1780957555.4406, 0.000168,False
1780957555.4478, 0.009793,False
1780957555.4524, 0.007935,False
1780957555.4572, 0.005903,False
1780957555.4620, 0.004651,False
1780957555.4672, 0.002996,False
1780957555.4718, 0.001547,False
1780957555.5907, 0.009850,False
1780957555.5953, 0.008315,False
1780957555.6008, 0.006754,False
1780957555.6057, 0.005137,False
1780957555.6104, 0.003552,False
1780957555.6159, 0.001574,False
1780957555.6206, 0.000322,False
1780957555.8422, 0.008524,False
1780957555.8477, 0.006698,False
1780957555.8531, 0.004744,False
1780957555.8579, 0.003192,False
1780957555.8624, 0.001277,False
1780957555.8669, 0.009560,False
1780957555.8713, 0.007818,False
1780957555.8773, 0.006159,False
1780957555.8818, 0.004209,False
1780957556.1027, 0.002759,False
1780957556.1079, 0.001151,False
1780957556.1132, 0.009143,False
1780957556.1176, 0.007398,False
1780957556.1222, 0.005562,False
1780957556.1265, 0.003695,False
1780957556.1321, 0.002027,False
1780957556.3694, 0.010089,False
1780957556.3752, 0.008455,False
1780957556.3798, 0.006628,False
1780957556.3866, 0.004488,False
1780957556.3915, 0.002782,False
1780957556.3962, 0.001417,False
1780957556.4021, 0.009816,False
1780957556.4067, 0.008202,False
1780957556.4112, 0.006762,False
1780957556.6262, 0.005384,False
1780957556.6320, 0.003321,False
1780957556.6367, 0.001987,False
1780957556.6414, 0.000333,False
1780957556.6458, 0.008805,False
1780957556.6503, 0.006970,False
1780957556.6546, 0.000124,False
1780957556.6611, 0.003932,False
1780957556.8835, 0.002448,False
1780957556.8883, 0.000735,False
1780957556.9884, 0.008993,False
1780957556.9933, 0.006805,False
1780957556.9980, 0.004849,False
1780957557.0024, 0.002841,False
1780957557.0068, 0.000488,False
1780957557.0113, 0.009214,False
1780957557.1408, 0.007755,False
1780957557.1454, 0.005965,False
1780957557.1509, 0.004542,False
1780957557.1555, 0.002638,False
1780957557.1600, 0.000644,False
1780957557.1654, 0.008819,False
1780957557.1700, 0.006969,False
1780957557.1742, 0.005230,False
1780957557.1808, 0.003541,False
1780957557.4001, 0.001548,False
1780957557.4049, 0.009674,False
1780957557.4096, 0.007425,False
1780957557.4149, 0.005683,False
1780957557.4194, 0.004133,False
1780957557.4241, 0.002273,False
1780957557.4285, 0.010053,False
1780957557.6395, 0.008497,False
1780957557.6454, 0.006322,False
1780957557.6503, 0.004773,False
1780957557.6547, 0.002373,False
1780957557.6592, 0.000284,False
1780957557.6647, 0.008742,False
1780957557.6701, 0.006772,False
1780957557.6746, 0.004609,False
1780957557.9079, 0.002662,False
1780957557.9129, 0.000344,False
1780957557.9174, 0.008499,False
1780957557.9227, 0.006650,False
1780957557.9281, 0.004906,False
1780957557.9327, 0.003288,False
1780957557.9373, 0.001389,False
1780957557.9420, 0.009595,False
1780957557.9465, 0.007652,False
1780957558.1692, 0.005952,False
1780957558.1741, 0.004086,False
1780957558.1783, 0.000109,False
1780957558.1852, 0.000915,False
1780957558.1898, 0.009138,False
1780957558.1942, 0.007189,False
1780957558.1986, 0.005273,False
1780957558.2029, 0.003212,False
1780957558.4372, 0.001342,False
1780957558.4420, 0.009430,False
1780957558.4467, 0.007667,False
1780957558.4513, 0.005821,False
1780957558.4559, 0.003312,False
1780957558.4605, 0.001063,False
1780957558.4655, 0.009392,False
1780957558.4702, 0.006801,False
1780957558.6913, 0.004688,False
1780957558.6962, 0.002772,False
1780957558.7008, 0.001106,False
1780957558.7052, 0.009390,False
1780957558.7096, 0.007760,False
1780957558.7140, 0.005518,False
1780957558.7213, 0.003901,False
1780957558.7257, 0.002098,False
1780957559.0434, 0.000237,False
1780957559.0480, 0.008225,False
1780957559.0529, 0.006098,False
1780957559.0712, 0.004676,False
1780957559.0761, 0.002621,False
1780957559.0806, 0.001054,False
1780957559.0880, 0.009062,False
1780957559.0927, 0.007014,False
1780957559.1889, 0.005141,False
1780957559.1946, 0.003054,False
1780957559.1998, 0.001075,False
1780957559.2049, 0.009202,False
1780957559.2100, 0.007415,False
1780957559.2146, 0.005870,False
1780957559.2193, 0.003713,False
1780957559.2236, 0.001153,False
1780957559.4532, 0.009396,False
1780957559.4578, 0.007448,False
1780957559.4625, 0.005620,False
1780957559.4669, 0.004206,False
1780957559.4714, 0.001755,False
1780957559.4758, 0.010000,False
1780957559.4805, 0.008149,False
1780957559.4851, 0.000126,False
1780957559.6959, 0.004434,False
1780957559.7009, 0.002513,False
1780957559.7056, 0.000627,False
1780957559.7102, 0.008912,False
1780957559.7158, 0.007121,False
1780957559.7248, 0.005334,False
1780957559.7321, 0.003253,False
1780957559.7386, 0.001467,False
1780957559.9599, 0.009513,False
1780957559.9647, 0.007717,False
1780957559.9693, 0.005805,False
1780957559.9738, 0.003730,False
1780957559.9785, 0.002116,False
1780957559.9834, 0.000000,False
1780957559.9881, 0.008457,False
1780957559.9925, 0.006159,False
1780957560.2174, 0.004279,False
1780957560.2225, 0.002103,False
1780957560.2273, 0.010089,False
1780957560.2325, 0.008046,False
1780957560.2369, 0.006330,False
1780957560.2438, 0.004525,False
1780957560.2486, 0.002585,False
1780957560.2532, 0.000493,False
1780957560.4849, 0.008666,False
1780957560.4896, 0.006959,False
1780957560.4940, 0.005608,False
1780957560.4991, 0.003126,False
1780957560.5036, 0.001120,False
1780957560.5101, 0.009588,False
1780957560.5151, 0.007853,False
1780957560.5197, 0.006070,False
1780957560.7391, 0.004349,False
1780957560.7438, 0.002483,False
1780957560.7487, 0.000579,False
1780957560.7535, 0.008836,False
1780957560.7579, 0.006459,False
1780957560.7627, 0.004392,False
1780957560.7678, 0.002778,False
1780957560.7721, 0.001055,False
1780957560.9975, 0.009296,False
1780957561.0031, 0.007410,False
1780957561.0099, 0.005326,False
1780957561.0162, 0.003635,False
1780957561.0226, 0.000144,False
1780957561.0297, 0.009966,False
1780957561.0345, 0.008262,False
1780957561.0391, 0.006374,False
1780957561.2534, 0.004603,False
1780957561.2599, 0.002843,False
1780957561.2644, 0.000929,False
1780957561.2691, 0.009153,False
1780957561.2738, 0.007082,False
1780957561.2784, 0.005617,False
1780957561.3510, 0.003706,False
1780957561.3562, 0.002048,False
1780957561.5029, 0.010030,False
1780957561.5079, 0.008266,False
1780957561.5127, 0.006187,False
1780957561.5172, 0.004490,False
1780957561.5216, 0.002694,False
1780957561.5261, 0.000909,False
1780957561.5311, 0.008876,False
1780957561.5356, 0.007493,False
1780957561.7560, 0.005489,False
1780957561.7612, 0.003745,False
1780957561.7682, 0.001835,False
1780957561.7727, 0.009922,False
1780957561.7773, 0.008316,False
1780957561.7825, 0.006543,False
1780957561.7873, 0.004550,False
1780957561.7917, 0.002607,False
1780957562.0099, 0.000810,False
1780957562.0146, 0.009563,False
1780957562.0191, 0.007486,False
1780957562.0236, 0.005510,False
1780957562.0311, 0.003929,False
1780957562.0356, 0.001980,False
1780957562.0405, 0.000593,False
1780957562.0450, 0.008548,False
1780957562.2672, 0.006825,False
1780957562.2722, 0.004830,False
1780957562.2767, 0.003103,False
1780957562.2813, 0.001511,False
1780957562.2884, 0.009585,False
1780957562.2930, 0.007321,False
1780957562.2976, 0.005508,False
1780957562.3025, 0.003360,False
1780957562.5186, 0.001351,False
1780957562.5229, 0.000119,False
1780957562.5299, 0.007790,False
1780957562.5344, 0.005867,False
1780957562.5390, 0.004066,False
1780957562.5433, 0.001618,False
1780957562.5479, 0.009411,False
1780957562.5524, 0.007606,False
1780957562.7743, 0.005732,False
1780957562.7795, 0.003451,False
1780957562.7842, 0.001638,False
1780957562.7886, 0.010073,False
1780957562.7929, 0.008036,False
1780957562.7980, 0.006315,False
1780957562.8025, 0.004483,False
1780957562.8070, 0.002387,False
1780957563.0306, 0.000753,False
1780957563.0352, 0.008703,False
1780957563.0397, 0.006409,False
1780957563.0442, 0.004571,False
1780957563.0489, 0.002419,False
1780957563.0535, 0.000751,False
1780957563.1325, 0.008912,False
1780957563.1375, 0.007053,False
1780957563.2822, 0.005149,False
1780957563.2871, 0.003283,False
1780957563.2919, 0.001433,False
1780957563.2966, 0.009641,False
1780957563.3012, 0.007887,False
1780957563.3057, 0.005989,False
1780957563.3101, 0.004202,False
1780957563.3147, 0.002173,False
1780957563.5363, 0.000606,False
1780957563.5409, 0.008301,False
1780957563.5455, 0.006384,False
1780957563.5522, 0.004611,False
1780957563.5568, 0.002800,False
1780957563.5616, 0.000923,False
1780957563.5661, 0.009195,False
1780957563.5703, 0.007485,False
1780957563.7897, 0.005417,False
1780957563.7951, 0.003449,False
1780957563.7998, 0.001274,False
1780957563.8066, 0.009539,False
1780957563.8113, 0.007394,False
1780957563.8165, 0.005546,False
1780957563.8208, 0.000141,False
1780957563.8273, 0.001729,False
1780957564.0432, 0.009934,False
1780957564.0493, 0.007927,False
1780957564.0548, 0.006297,False
1780957564.0605, 0.004023,False
1780957564.0652, 0.002085,False
1780957564.0701, 0.010100,False
1780957564.0750, 0.008395,False
1780957564.0800, 0.006830,False
1780957564.2935, 0.005239,False
1780957564.2998, 0.003357,False
1780957564.3066, 0.001266,False
1780957564.3127, 0.009492,False
1780957564.3191, 0.008031,False
1780957564.3244, 0.005738,False
1780957564.3297, 0.003962,False
1780957564.3343, 0.002148,False
1780957564.5654, 0.000314,False
1780957564.5714, 0.008750,False
1780957564.5781, 0.006386,False
1780957564.5843, 0.004564,False
1780957564.5889, 0.002578,False
1780957564.5935, 0.000678,False
1780957564.6014, 0.008854,False
1780957564.6088, 0.006612,False
1780957564.8161, 0.004816,False
1780957564.8208, 0.003090,False
1780957564.8254, 0.001149,False
1780957564.8307, 0.009085,False
1780957564.8357, 0.007575,False
1780957564.8402, 0.005714,False
1780957564.8457, 0.003483,False
1780957564.8505, 0.001566,False
1780957565.0610, 0.009915,False
1780957565.0658, 0.007592,False
1780957565.0729, 0.005600,False
1780957565.0775, 0.003615,False
1780957565.0818, 0.001776,False
1780957565.0863, 0.009998,False
1780957565.0929, 0.008437,False
1780957565.0976, 0.006365,False
1780957565.2180, 0.004564,False
1780957565.2226, 0.002792,False
1780957565.2273, 0.001194,False
1780957565.2316, 0.000000,False
1780957565.3261, 0.007018,False
1780957565.3310, 0.005329,False
1780957565.3357, 0.003198,False
1780957565.3413, 0.001408,False
1780957565.5799, 0.009477,False
1780957565.5853, 0.007658,False
1780957565.5899, 0.005899,False
1780957565.5948, 0.004105,False
1780957565.5993, 0.002111,False
1780957565.6036, 0.000517,False
1780957565.6081, 0.008853,False
1780957565.6145, 0.007249,False
1780957565.7202, 0.005599,False
1780957565.7249, 0.003444,False
1780957565.7309, 0.001499,False
1780957565.8381, 0.009176,False
1780957565.8429, 0.007024,False
1780957565.8481, 0.004926,False
1780957565.8527, 0.002999,False
1780957565.8570, 0.001095,False
1780957566.0793, 0.009126,False
1780957566.0842, 0.007086,False
1780957566.0889, 0.005333,False
1780957566.0936, 0.003602,False
1780957566.0981, 0.001801,False
1780957566.1026, 0.009706,False
1780957566.1072, 0.007589,False
1780957566.1134, 0.005605,False
1780957566.2355, 0.003517,False
1780957566.2403, 0.001891,False
1780957566.2455, 0.000248,False
1780957566.2511, 0.008413,False
1780957566.2584, 0.006247,False
1780957566.2630, 0.004394,False
1780957566.3473, 0.002696,False
1780957566.3521, 0.000211,False
1780957566.5966, 0.008391,False
1780957566.6044, 0.006420,False
1780957566.6092, 0.004455,False
1780957566.6147, 0.002689,False
1780957566.6195, 0.000944,False
1780957566.6240, 0.009069,False
1780957566.6288, 0.007459,False
1780957566.6337, 0.005776,False
1780957566.8709, 0.000088,False
1780957566.8789, 0.001810,False
1780957566.8839, 0.000248,False
1780957566.8883, 0.008221,False
1780957566.8934, 0.005955,False
1780957566.8993, 0.004182,False
1780957566.9039, 0.002198,False
1780957566.9083, 0.009904,False
1780957567.1190, 0.007550,False
1780957567.1239, 0.005824,False
1780957567.1296, 0.004151,False
1780957567.1342, 0.002393,False
1780957567.1388, 0.000269,False
1780957567.1435, 0.008705,False
1780957567.1481, 0.006939,False
1780957567.1526, 0.005035,False
1780957567.3775, 0.003173,False
1780957567.3821, 0.001202,False
1780957567.4863, 0.009389,False
1780957567.4912, 0.008002,False
1780957567.4961, 0.005857,False
1780957567.5005, 0.004034,False
1780957567.5050, 0.001979,False
1780957567.5098, 0.009846,False
1780957567.6178, 0.008124,False
1780957567.6232, 0.006394,False
1780957567.6294, 0.004620,False
1780957567.6341, 0.002785,False
1780957567.6388, 0.001335,False
1780957567.6435, 0.009420,False
1780957567.6482, 0.007672,False
1780957567.6529, 0.005737,False
1780957567.8830, 0.004047,False
1780957567.8898, 0.002054,False
1780957567.8951, 0.000296,False
1780957567.9004, 0.008223,False
1780957567.9051, 0.005974,False
1780957567.9097, 0.003927,False
1780957567.9150, 0.002316,False
1780957567.9199, 0.000796,False
1780957568.1361, 0.008880,False
1780957568.1407, 0.007043,False
1780957568.1452, 0.004760,False
1780957568.1498, 0.002939,False
1780957568.1544, 0.001012,False
1780957568.1589, 0.000132,False
1780957568.1655, 0.007109,False
1780957568.1699, 0.004835,False
1780957568.1763, 0.003269,False
1780957568.4102, 0.001328,False
1780957568.4151, 0.009230,False
1780957568.4198, 0.007057,False
1780957568.4244, 0.005077,False
1780957568.4292, 0.003341,False
1780957568.4336, 0.001483,False
1780957568.4380, 0.009201,False
1780957568.4429, 0.007391,False
1780957568.6666, 0.005375,False
1780957568.6714, 0.003775,False
1780957568.6763, 0.001874,False
1780957568.6809, 0.000230,False
1780957568.6855, 0.008257,False
1780957568.6900, 0.006103,False
1780957568.6953, 0.003876,False
1780957568.6998, 0.001596,False
1780957568.9201, 0.009340,False
1780957568.9253, 0.007620,False
1780957568.9321, 0.005776,False
1780957568.9366, 0.004020,False
1780957568.9409, 0.002069,False
1780957568.9453, 0.000291,False
1780957569.0232, 0.008092,False
1780957569.0283, 0.006176,False
1780957569.1795, 0.004431,False
1780957569.1842, 0.002701,False
1780957569.1886, 0.000783,False
1780957569.1933, 0.008922,False
1780957569.1978, 0.007120,False
1780957569.2023, 0.005296,False
1780957569.2068, 0.004105,False
1780957569.2112, 0.001333,False
1780957569.4417, 0.008976,False
1780957569.4472, 0.007074,False
1780957569.4519, 0.005231,False
1780957569.4563, 0.003375,False
1780957569.4614, 0.001504,False
1780957569.4657, 0.009348,False
1780957569.4722, 0.007865,False
1780957569.4773, 0.006126,False
1780957569.7010, 0.004655,False
1780957569.7056, 0.000131,False
1780957569.7126, 0.001132,False
1780957569.7173, 0.009436,False
1780957569.7221, 0.007757,False
1780957569.7269, 0.005682,False
1780957569.7340, 0.003944,False
1780957569.7384, 0.001982,False
1780957569.9523, 0.000212,False
1780957569.9578, 0.008412,False
1780957569.9629, 0.006565,False
1780957569.9675, 0.004681,False
1780957569.9722, 0.002377,False
1780957569.9774, 0.000564,False
1780957569.9843, 0.009176,False
1780957569.9886, 0.007172,False
1780957570.2183, 0.005332,False
1780957570.2230, 0.002923,False
1780957570.2280, 0.001137,False
1780957570.2327, 0.009285,False
1780957570.2372, 0.007247,False
1780957570.2419, 0.005103,False
1780957570.2464, 0.003375,False
1780957570.2510, 0.001231,False
1780957570.4718, 0.009324,False
1780957570.4776, 0.007814,False
1780957570.4822, 0.006037,False
1780957570.4866, 0.003922,False
1780957570.4912, 0.002015,False
1780957570.4959, 0.000234,False
1780957570.5006, 0.008172,False
1780957570.5051, 0.005972,False
1780957570.5099, 0.003977,False
1780957570.7362, 0.002220,False
1780957570.7410, 0.000426,False
1780957570.7462, 0.008483,False
1780957570.7508, 0.006735,False
1780957570.7552, 0.004770,False
1780957570.7602, 0.002754,False
1780957570.7648, 0.000964,False
1780957570.9803, 0.009011,False
1780957570.9886, 0.007246,False
1780957570.9934, 0.004926,False
1780957570.9979, 0.002808,False
1780957571.0024, 0.001134,False
1780957571.0068, 0.009189,False
1780957571.0130, 0.000132,False
1780957571.0200, 0.005630,False
1780957571.2447, 0.003696,False
1780957571.2502, 0.002650,False
1780957571.2549, 0.000459,False
1780957571.2603, 0.008766,False
1780957571.2653, 0.006499,False
1780957571.2734, 0.004828,False
1780957571.2784, 0.002516,False
1780957571.2831, 0.000687,False
1780957571.2879, 0.008268,False
1780957571.6159, 0.006492,False
1780957571.6234, 0.004679,False
1780957571.6295, 0.002322,False
1780957571.6338, 0.000390,False
1780957571.6403, 0.008722,False
1780957571.6450, 0.006969,False
1780957571.6499, 0.005181,False
1780957571.6542, 0.003226,False
1780957571.7508, 0.001641,False
1780957571.7556, 0.009588,False
1780957571.7607, 0.007414,False
1780957571.7655, 0.005673,False
1780957571.7700, 0.003660,False
1780957571.7745, 0.001758,False
1780957571.7793, 0.009515,False
1780957571.7837, 0.007433,False
1780957572.0309, 0.006047,False
1780957572.0357, 0.004086,False
1780957572.0405, 0.002199,False
1780957572.0458, 0.000444,False
1780957572.0503, 0.008480,False
1780957572.0550, 0.006851,False
1780957572.0600, 0.004979,False
1780957572.0646, 0.003091,False
1780957572.2813, 0.001254,False
1780957572.2866, 0.008822,False
1780957572.2920, 0.007114,False
1780957572.2972, 0.005378,False
1780957572.3016, 0.003959,False
1780957572.4038, 0.001763,False
1780957572.4106, 0.009487,False
1780957572.4151, 0.007564,False
1780957572.5432, 0.005764,False
1780957572.5480, 0.003852,False
1780957572.5541, 0.000128,False
1780957572.5621, 0.000286,False
1780957572.5672, 0.008311,False
1780957572.5725, 0.006560,False
1780957572.5779, 0.004853,False
1780957572.5825, 0.002338,False
1780957572.5871, 0.000681,False
1780957572.8006, 0.009103,False
1780957572.8052, 0.007053,False
1780957572.8136, 0.005365,False
1780957572.8183, 0.003481,False
1780957572.8226, 0.001500,False
1780957572.8273, 0.009794,False
1780957572.8318, 0.007569,False
1780957573.0696, 0.005556,False
1780957573.0745, 0.003933,False
1780957573.0795, 0.001663,False
1780957573.0841, 0.009781,False
1780957573.0887, 0.008319,False
1780957573.0936, 0.006496,False
1780957573.1831, 0.004818,False
1780957573.1891, 0.002881,False
1780957573.1936, 0.001123,False
1780957573.3130, 0.008770,False
1780957573.3177, 0.006571,False
1780957573.3222, 0.004550,False
1780957573.3267, 0.002266,False
1780957573.3311, 0.000710,False
1780957573.3357, 0.008451,False
1780957573.3403, 0.006643,False
1780957573.3449, 0.004546,False
1780957573.5768, 0.002549,False
1780957573.5821, 0.000793,False
1780957573.5882, 0.008601,False
1780957573.5941, 0.006652,False
1780957573.5986, 0.004872,False
1780957573.6030, 0.003005,False
1780957573.6079, 0.001231,False
1780957573.6126, 0.009473,False
1780957573.8324, 0.007361,False
1780957573.8373, 0.005826,False
1780957573.8418, 0.003759,False
1780957573.8463, 0.001981,False
1780957573.8506, 0.010047,False
1780957573.8551, 0.008167,False
1780957573.8601, 0.000099,False
1780957573.8670, 0.004338,False
1780957574.0855, 0.002570,False
1780957574.0904, 0.000750,False
1780957574.0962, 0.008889,False
1780957574.1008, 0.007109,False
1780957574.1054, 0.005397,False
1780957574.1107, 0.003590,False
1780957574.1153, 0.001781,False
1780957574.3384, 0.010012,False
1780957574.3440, 0.008043,False
1780957574.3508, 0.006129,False
1780957574.3553, 0.003826,False
1780957574.3600, 0.002110,False
1780957574.3646, 0.000238,False
1780957574.3702, 0.008322,False
1780957574.3746, 0.005949,False
1780957574.3790, 0.004436,False
1780957574.5957, 0.002494,False
1780957574.6026, 0.000771,False
1780957574.6086, 0.008811,False
1780957574.6132, 0.006557,False
1780957574.6178, 0.004598,False
1780957574.6224, 0.002911,False
1780957574.6281, 0.001033,False
1780957574.6328, 0.008766,False
1780957574.8383, 0.006463,False
1780957574.8435, 0.004407,False
1780957574.8482, 0.002207,False
1780957574.8526, 0.000372,False
1780957574.8571, 0.008622,False
1780957574.8616, 0.006686,False
1780957574.8660, 0.004459,False
1780957574.8704, 0.002454,False
1780957575.1037, 0.000406,False
1780957575.1092, 0.008402,False
1780957575.1138, 0.006776,False
1780957575.1181, 0.004448,False
1780957575.1227, 0.002474,False
1780957575.1275, 0.000638,False
1780957575.1319, 0.008867,False
1780957575.3611, 0.007005,False
1780957575.3658, 0.005290,False
1780957575.3704, 0.003491,False
1780957575.3751, 0.001276,False
1780957575.3794, 0.000120,False
1780957575.3859, 0.006536,False
1780957575.3904, 0.004628,False
1780957575.3950, 0.002691,False
1780957575.3996, 0.000961,False
1780957575.6129, 0.009148,False
1780957575.6176, 0.006952,False
1780957575.6221, 0.005453,False
1780957575.6275, 0.003765,False
1780957575.6322, 0.002016,False
1780957575.6367, 0.009808,False
1780957575.6418, 0.007745,False
1780957575.6462, 0.005608,False
1780957575.8657, 0.003641,False
1780957575.8704, 0.001885,False
1780957575.8749, 0.010041,False
1780957575.8795, 0.008282,False
1780957575.8841, 0.006402,False
1780957575.8887, 0.004581,False
1780957575.8935, 0.001926,False
1780957575.8978, 0.000479,False
1780957576.1331, 0.008302,False
1780957576.1378, 0.006731,False
1780957576.1432, 0.004438,False
1780957576.1479, 0.002379,False
1780957576.1524, 0.000760,False
1780957576.1571, 0.008875,False
1780957576.1627, 0.007166,False
1780957576.1671, 0.005261,False
1780957576.3921, 0.003467,False
1780957576.3969, 0.001728,False
1780957576.4016, 0.009876,False
1780957576.4065, 0.008308,False
1780957576.4111, 0.006744,False
1780957576.4156, 0.004672,False
1780957576.4203, 0.003089,False
1780957576.4245, 0.000898,False
1780957576.7478, 0.009035,False
1780957576.7532, 0.006927,False
1780957576.7587, 0.004829,False
1780957576.7635, 0.002855,False
1780957576.7679, 0.001068,False
1780957576.7726, 0.008650,False
1780957576.7773, 0.007054,False
1780957576.7816, 0.005171,False
1780957576.9117, 0.000106,False
1780957576.9186, 0.000755,False
1780957576.9236, 0.009079,False
1780957576.9282, 0.007363,False
1780957576.9327, 0.005041,False
1780957576.9382, 0.003114,False
1780957576.9443, 0.001395,False
1780957576.9486, 0.009580,False
1780957577.1532, 0.007362,False
1780957577.1584, 0.005214,False
1780957577.2666, 0.003679,False
1780957577.2719, 0.001759,False
1780957577.2770, 0.010014,False
1780957577.2818, 0.008574,False
1780957577.2862, 0.006467,False
1780957577.2935, 0.004809,False
1780957577.4254, 0.002807,False
1780957577.4302, 0.000908,False
1780957577.4354, 0.009055,False
1780957577.4400, 0.007318,False
1780957577.4445, 0.005465,False
1780957577.4491, 0.003591,False
1780957577.4534, 0.001321,False
1780957577.4600, 0.009458,False
1780957577.6780, 0.007820,False
1780957577.6845, 0.006199,False
1780957577.6891, 0.004200,False
1780957577.6950, 0.002653,False
1780957577.6997, 0.000363,False
1780957577.7042, 0.008324,False
1780957577.7100, 0.005716,False
1780957577.7148, 0.003988,False
1780957577.9469, 0.001962,False
1780957577.9520, 0.000216,False
1780957577.9570, 0.008340,False
1780957577.9623, 0.005951,False
1780957577.9675, 0.003904,False
1780957577.9730, 0.001925,False
1780957577.9781, 0.000213,False
1780957577.9827, 0.008118,False
1780957577.9871, 0.006082,False
1780957578.1983, 0.004282,False
1780957578.2033, 0.002432,False
1780957578.2087, 0.000625,False
1780957578.2137, 0.008519,False
1780957578.2182, 0.000103,False
1780957578.2258, 0.004945,False
1780957578.2304, 0.002918,False
1780957578.2350, 0.000947,False
1780957578.4570, 0.009068,False
1780957578.4618, 0.007240,False
1780957578.4664, 0.005325,False
1780957578.4709, 0.003130,False
1780957578.4753, 0.001388,False
1780957578.4798, 0.009609,False
1780957578.4843, 0.007938,False
1780957578.4889, 0.005883,False
1780957578.7145, 0.004022,False
1780957578.7195, 0.002436,False
1780957578.7243, 0.000618,False
1780957578.7287, 0.008696,False
1780957578.7329, 0.006792,False
1780957578.7394, 0.004603,False
1780957578.7438, 0.002671,False
1780957578.7480, 0.000837,False
1780957578.9819, 0.008888,False
1780957578.9867, 0.007278,False
1780957578.9915, 0.005360,False
1780957578.9960, 0.003474,False
1780957579.0003, 0.001344,False
1780957579.0085, 0.009704,False
1780957579.0135, 0.007481,False
1780957579.0180, 0.005759,False
1780957579.2510, 0.003629,False
1780957579.2558, 0.001649,False
1780957579.2614, 0.009852,False
1780957579.2661, 0.007633,False
1780957579.2708, 0.005739,False
1780957579.2756, 0.003703,False
1780957579.2801, 0.001948,False
1780957579.2844, 0.000251,False
1780957579.4923, 0.008384,False
1780957579.4972, 0.006681,False
1780957579.5018, 0.004783,False
1780957579.5064, 0.003221,False
1780957579.5110, 0.001320,False
1780957579.5157, 0.009421,False
1780957579.5204, 0.007256,False
1780957579.5252, 0.005338,False
1780957579.7485, 0.003314,False
1780957579.7549, 0.000114,False
1780957579.7625, 0.009582,False
1780957579.7696, 0.007428,False
1780957579.7745, 0.005695,False
1780957579.7794, 0.003912,False
1780957579.7838, 0.001993,False
1780957579.7883, 0.000199,False
1780957580.0160, 0.007987,False
1780957580.0209, 0.005974,False
1780957580.0260, 0.004047,False
1780957580.0305, 0.002289,False
1780957580.0349, 0.000470,False
1780957580.0401, 0.008598,False
1780957580.0445, 0.006846,False
1780957580.0489, 0.004863,False
1780957580.2639, 0.003344,False
1780957580.2711, 0.001419,False
1780957580.2773, 0.009242,False
1780957580.2820, 0.007162,False
1780957580.2886, 0.005156,False
1780957580.2934, 0.003331,False
1780957580.2979, 0.001832,False
1780957580.3022, 0.009955,False
1780957580.5206, 0.008179,False
1780957580.5267, 0.006180,False
1780957580.5317, 0.004119,False
1780957580.5364, 0.002315,False
1780957580.5439, 0.000272,False
1780957580.5486, 0.008637,False
1780957580.5532, 0.006817,False
1780957580.5578, 0.004805,False
1780957580.5625, 0.002669,False
1780957580.7797, 0.000774,False
1780957580.7855, 0.008966,False
1780957580.7917, 0.007133,False
1780957580.7968, 0.005387,False
1780957580.8021, 0.003434,False
1780957580.8079, 0.001403,False
1780957580.8134, 0.009336,False
1780957581.0238, 0.007347,False
1780957581.0320, 0.005403,False
1780957581.0371, 0.003373,False
1780957581.0418, 0.002104,False
1780957581.0464, 0.010277,False
1780957581.0510, 0.008475,False
1780957581.0556, 0.000122,False
1780957581.0621, 0.004885,False
1780957581.2828, 0.002415,False
1780957581.2875, 0.000500,False
1780957581.2926, 0.008869,False
1780957581.2973, 0.006800,False
1780957581.3018, 0.004850,False
1780957581.3065, 0.002379,False
1780957581.3111, 0.000738,False
1780957581.3156, 0.008869,False
1780957581.5393, 0.006556,False
1780957581.5445, 0.004540,False
1780957581.5501, 0.002785,False
1780957581.5555, 0.000517,False
1780957581.5610, 0.008591,False
1780957581.5662, 0.006880,False
1780957581.5715, 0.004871,False
1780957581.5761, 0.002825,False
1780957581.8069, 0.000996,False
1780957581.8127, 0.008777,False
1780957581.8174, 0.006856,False
1780957581.8222, 0.004537,False
1780957581.8269, 0.002724,False
1780957581.8316, 0.000833,False
1780957581.8364, 0.008753,False
1780957581.8412, 0.006525,False
1780957581.8457, 0.004288,False
1780957582.0647, 0.001974,False
1780957582.0695, 0.010061,False
1780957582.0747, 0.007707,False
1780957582.0792, 0.005545,False
1780957582.0839, 0.003281,False
1780957582.0892, 0.001656,False
1780957582.0940, 0.009677,False
1780957582.0984, 0.007718,False
1780957582.3330, 0.005332,False
1780957582.3384, 0.003791,False
1780957582.3434, 0.001924,False
1780957582.3481, 0.000471,False
1780957582.3527, 0.008736,False
1780957582.3575, 0.006745,False
1780957582.3627, 0.004795,False
1780957582.3672, 0.002634,False
1780957582.5925, 0.000710,False
1780957582.5979, 0.008908,False
1780957582.6029, 0.000063,False
1780957582.6103, 0.005409,False
1780957582.6153, 0.003155,False
1780957582.6206, 0.001690,False
1780957582.6254, 0.009327,False
1780957582.6311, 0.007422,False
1780957582.8520, 0.005630,False
1780957582.8582, 0.003942,False
1780957582.8648, 0.002310,False
1780957582.8711, 0.000554,False
1780957582.8763, 0.008714,False
1780957582.8813, 0.006690,False
1780957582.8864, 0.004535,False
1780957582.8924, 0.002711,False
1780957582.8968, 0.000723,False
1780957583.1148, 0.008808,False
1780957583.1198, 0.007044,False
1780957583.1248, 0.005063,False
1780957583.1292, 0.003382,False
1780957583.1336, 0.001923,False
1780957583.1381, 0.009911,False
1780957583.1443, 0.008259,False
1780957583.3604, 0.006184,False
1780957583.3718, 0.003968,False
1780957583.3769, 0.002092,False
1780957583.3816, 0.010084,False
1780957583.3863, 0.008028,False
1780957583.3915, 0.006131,False
1780957583.3962, 0.004622,False
1780957583.4016, 0.002272,False
1780957583.6274, 0.000877,False
1780957583.6343, 0.008735,False
1780957583.6388, 0.006607,False
1780957583.6433, 0.004786,False
1780957583.6476, 0.002923,False
1780957583.6521, 0.000825,False
1780957583.6569, 0.008561,False
1780957583.6615, 0.006957,False
1780957583.6661, 0.005144,False
1780957583.8913, 0.003063,False
1780957583.8961, 0.000732,False
1780957583.9007, 0.008276,False
1780957583.9053, 0.006777,False
1780957583.9101, 0.004829,False
1780957583.9147, 0.002853,False
1780957583.9191, 0.000115,False
1780957583.9260, 0.009046,False
1780957584.1344, 0.007212,False
1780957584.1391, 0.005790,False
1780957584.1438, 0.003570,False
1780957584.1481, 0.001754,False
1780957584.1527, 0.009513,False
1780957584.1571, 0.007612,False
1780957584.1615, 0.005499,False
1780957584.1658, 0.003708,False
1780957584.3985, 0.001558,False
1780957584.4039, 0.009441,False
1780957584.4087, 0.007427,False
1780957584.4133, 0.005583,False
1780957584.4177, 0.003898,False
1780957584.4224, 0.001944,False
1780957584.4273, 0.000186,False
1780957584.4319, 0.008340,False
1780957584.6642, 0.006574,False
1780957584.6692, 0.004483,False
1780957584.6739, 0.002304,False
1780957584.6784, 0.000362,False
1780957584.6831, 0.008729,False
1780957584.6876, 0.006448,False
1780957584.6918, 0.004101,False
1780957584.6982, 0.002364,False
1780957584.9199, 0.000538,False
1780957584.9251, 0.009089,False
1780957584.9296, 0.007279,False
1780957584.9342, 0.005296,False
1780957584.9404, 0.003559,False
1780957584.9452, 0.001748,False
1780957584.9505, 0.010018,False
1780957584.9557, 0.008392,False
1780957585.0625, 0.006452,False
1780957585.0672, 0.004512,False
1780957585.0724, 0.002746,False
1780957585.0770, 0.000929,False
1780957585.1770, 0.008637,False
1780957585.1818, 0.006980,False
1780957585.1866, 0.005127,False
1780957585.1910, 0.003167,False
1780957585.4316, 0.000904,False
1780957585.4371, 0.008846,False
1780957585.4440, 0.007007,False
1780957585.4483, 0.000103,False
1780957585.4554, 0.003560,False
1780957585.4600, 0.001836,False
1780957585.4643, 0.009873,False
1780957585.4687, 0.008179,False
1780957585.6939, 0.006186,False
1780957585.6987, 0.004432,False
1780957585.7034, 0.002647,False
1780957585.7079, 0.000669,False
1780957585.7124, 0.008909,False
1780957585.7175, 0.006989,False
1780957585.7223, 0.005172,False
1780957585.7268, 0.003229,False
1780957585.9497, 0.001284,False
1780957585.9551, 0.008802,False
1780957585.9604, 0.007084,False
1780957585.9649, 0.005323,False
1780957585.9695, 0.003371,False
1780957585.9742, 0.001466,False
1780957585.9789, 0.009586,False
1780957585.9835, 0.007852,False
1780957586.2100, 0.005628,False
1780957586.2165, 0.003623,False
1780957586.2217, 0.001454,False
1780957586.2265, 0.009308,False
1780957586.2310, 0.007876,False
1780957586.2354, 0.005616,False
1780957586.2427, 0.003828,False
1780957586.2474, 0.001897,False
1780957586.4627, 0.010071,False
1780957586.4688, 0.008106,False
1780957586.4738, 0.005986,False
1780957586.4785, 0.003961,False
1780957586.4831, 0.001673,False
1780957586.4878, 0.009928,False
1780957586.4936, 0.008090,False
1780957586.4983, 0.006488,False
1780957586.7085, 0.004905,False
1780957586.8237, 0.002907,False
1780957586.8285, 0.001028,False
1780957586.8331, 0.009484,False
1780957586.8378, 0.007865,False
1780957586.8422, 0.006018,False
1780957586.8468, 0.004071,False
1780957586.8512, 0.001721,False
1780957586.9669, 0.000058,False
1780957586.9750, 0.008041,False
1780957586.9802, 0.005903,False
1780957586.9847, 0.004123,False
1780957586.9905, 0.002229,False
1780957586.9952, 0.000416,False
1780957586.9998, 0.008626,False
1780957587.0056, 0.006801,False
1780957587.2262, 0.004734,False
1780957587.2323, 0.002945,False
1780957587.2373, 0.001274,False
1780957587.2417, 0.009333,False
1780957587.2462, 0.007028,False
1780957587.2509, 0.005565,False
1780957587.2555, 0.003447,False
1780957587.2601, 0.001565,False
1780957587.4763, 0.009324,False
1780957587.4819, 0.007488,False
1780957587.4872, 0.005569,False
1780957587.4930, 0.003937,False
1780957587.4981, 0.002023,False
1780957587.5027, 0.009685,False
1780957587.5094, 0.007789,False
1780957587.5141, 0.005998,False
1780957587.7477, 0.004389,False
1780957587.7536, 0.002374,False
1780957587.7589, 0.000250,False
1780957587.7640, 0.007986,False
1780957587.7692, 0.006125,False
1780957587.7738, 0.003879,False
1780957587.7783, 0.001806,False
1780957587.7827, 0.009955,False
1780957587.8898, 0.008136,False
1780957587.8944, 0.005849,False
1780957587.8990, 0.003961,False
1780957587.9984, 0.002198,False
1780957588.0036, 0.000289,False
1780957588.0089, 0.008691,False
1780957588.0135, 0.006846,False
1780957588.0180, 0.004862,False
1780957588.1128, 0.003240,False
1780957588.2572, 0.001584,False
1780957588.2622, 0.009633,False
1780957588.2668, 0.007729,False
1780957588.2718, 0.005305,False
1780957588.2763, 0.000068,False
1780957588.2832, 0.001641,False
1780957588.2884, 0.009863,False
1780957588.2934, 0.007906,False
1780957588.5081, 0.005682,False
1780957588.5128, 0.003611,False
1780957588.5174, 0.001342,False
1780957588.5243, 0.009356,False
1780957588.5295, 0.007166,False
1780957588.5342, 0.005316,False
1780957588.5404, 0.003788,False
1780957588.5454, 0.001511,False
1780957588.7752, 0.009698,False
1780957588.7800, 0.007823,False
1780957588.7846, 0.005420,False
1780957588.7892, 0.003252,False
1780957588.7940, 0.001473,False
1780957588.7985, 0.009389,False
1780957588.8031, 0.007787,False
1780957588.8074, 0.005468,False
1780957589.0379, 0.003362,False
1780957589.0428, 0.001228,False
1780957589.0471, 0.009538,False
1780957589.0518, 0.007470,False
1780957589.0566, 0.005473,False
1780957589.0611, 0.003541,False
1780957589.0654, 0.001501,False
1780957589.0697, 0.009715,False
1780957589.2964, 0.007708,False
1780957589.3012, 0.005937,False
1780957589.3064, 0.004114,False
1780957589.3110, 0.002172,False
1780957589.3156, 0.000298,False
1780957589.3214, 0.008429,False
1780957589.3266, 0.006659,False
1780957589.3310, 0.004750,False
1780957589.5451, 0.002859,False
1780957589.5500, 0.001160,False
1780957589.5551, 0.008763,False
1780957589.5599, 0.006950,False
1780957589.5643, 0.005282,False
1780957589.5687, 0.003033,False
1780957589.5733, 0.000903,False
1780957589.5779, 0.009076,False
1780957589.8062, 0.006999,False
1780957589.8107, 0.000130,False
1780957589.8179, 0.003316,False
1780957589.8224, 0.000964,False
1780957589.8270, 0.009090,False
1780957589.8317, 0.007218,False
1780957589.8365, 0.005478,False
1780957589.8410, 0.003782,False
1780957590.0692, 0.001882,False
1780957590.0741, 0.000300,False
1780957590.0786, 0.008324,False
1780957590.0831, 0.006404,False
1780957590.0877, 0.004590,False
1780957590.0923, 0.002552,False
1780957590.0967, 0.000921,False
1780957590.1010, 0.008926,False
1780957590.3238, 0.007298,False
1780957590.3286, 0.005454,False
1780957590.3332, 0.003619,False
1780957590.3380, 0.001975,False
1780957590.3426, 0.000405,False
1780957590.3470, 0.008313,False
1780957590.3517, 0.006405,False
1780957590.3571, 0.004675,False
1780957590.3616, 0.002628,False
1780957590.5632, 0.000448,False
1780957590.5680, 0.008529,False
1780957590.5735, 0.006837,False
1780957590.5784, 0.004905,False
1780957590.5830, 0.002951,False
1780957590.5878, 0.001295,False
1780957590.5925, 0.009359,False
1780957590.8358, 0.007662,False
1780957590.8417, 0.005535,False
1780957590.8472, 0.003513,False
1780957590.8525, 0.001749,False
1780957590.8576, 0.009998,False
1780957590.8631, 0.008138,False
1780957590.8685, 0.006245,False
1780957590.8739, 0.004397,False
1780957590.8798, 0.002101,False
1780957591.0858, 0.000229,False
1780957591.0907, 0.008684,False
1780957591.0951, 0.006688,False
1780957591.0996, 0.004818,False
1780957591.1043, 0.002798,False
1780957591.1085, 0.000139,False
1780957591.1149, 0.009487,False
1780957591.3401, 0.007536,False
1780957591.3450, 0.005709,False
1780957591.3498, 0.003881,False
1780957591.3547, 0.001523,False
1780957591.3594, 0.009737,False
1780957591.3643, 0.007841,False
1780957591.3696, 0.006357,False
1780957591.3742, 0.004033,False
1780957591.5906, 0.002280,False
1780957591.5953, 0.009845,False
1780957591.5997, 0.007937,False
1780957591.6048, 0.006233,False
1780957591.6095, 0.004092,False
1780957591.6138, 0.002418,False
1780957591.6184, 0.000563,False
1780957591.6232, 0.008635,False
1780957591.8535, 0.006605,False
1780957591.8583, 0.004621,False
1780957591.8629, 0.002545,False
1780957591.8672, 0.000628,False
1780957591.8724, 0.008843,False
1780957591.8773, 0.006853,False
1780957591.8817, 0.005062,False
1780957591.8863, 0.003000,False
1780957591.8907, 0.000876,False
1780957592.1029, 0.008987,False
1780957592.1079, 0.007167,False
1780957592.1124, 0.005873,False
1780957592.1193, 0.004202,False
1780957592.1240, 0.002187,False
1780957592.1288, 0.000536,False
1780957592.1330, 0.008589,False
1780957592.3601, 0.006953,False
1780957592.3647, 0.004883,False
1780957592.3699, 0.003119,False
1780957592.3746, 0.001297,False
1780957592.3791, 0.009503,False
1780957592.3835, 0.007483,False
1780957592.3885, 0.005848,False
1780957592.3930, 0.004246,False
1780957592.6060, 0.002297,False
1780957592.6108, 0.000284,False
1780957592.6152, 0.008675,False
1780957592.6197, 0.000134,False
1780957592.6271, 0.004786,False
1780957592.6317, 0.002867,False
1780957592.6367, 0.001355,False
1780957592.6411, 0.009466,False
1780957592.8720, 0.007698,False
1780957592.8779, 0.005821,False
1780957592.8832, 0.004030,False
1780957592.8887, 0.002242,False
1780957592.8941, 0.000507,False
1780957592.8996, 0.008764,False
1780957592.9052, 0.006410,False
1780957592.9105, 0.004516,False
1780957593.1228, 0.002757,False
1780957593.1290, 0.000775,False
1780957593.1347, 0.008832,False
1780957593.1409, 0.007279,False
1780957593.1462, 0.005257,False
1780957593.1517, 0.003415,False
1780957593.1564, 0.001719,False
1780957593.1610, 0.009477,False
1780957593.3910, 0.008051,False
1780957593.3968, 0.006578,False
1780957593.4016, 0.004556,False
1780957593.5079, 0.002819,False
1780957593.5125, 0.001339,False
1780957593.5172, 0.009457,False
1780957593.5219, 0.007524,False
1780957593.5263, 0.005292,False
1780957593.5306, 0.003445,False
1780957593.6426, 0.001082,False
1780957593.6484, 0.009312,False
1780957593.6553, 0.007352,False
1780957593.6602, 0.005300,False
1780957593.6648, 0.003278,False
1780957593.6693, 0.001631,False
1780957593.6740, 0.009286,False
1780957593.6787, 0.007470,False
1780957593.9201, 0.005599,False
1780957593.9247, 0.003126,False
1780957593.9302, 0.001524,False
1780957593.9353, 0.009762,False
1780957593.9405, 0.007411,False
1780957593.9458, 0.005723,False
1780957593.9512, 0.003741,False
1780957593.9564, 0.000118,False
1780957594.1743, 0.010054,False
1780957594.1791, 0.008150,False
1780957594.1839, 0.006421,False
1780957594.1889, 0.004678,False
1780957594.1935, 0.002784,False
1780957594.1980, 0.001073,False
1780957594.2032, 0.008733,False
1780957594.2077, 0.006822,False
1780957594.4291, 0.005142,False
1780957594.4337, 0.003244,False
1780957594.4389, 0.001497,False
1780957594.4438, 0.009504,False
1780957594.4484, 0.007326,False
1780957594.4535, 0.004991,False
1780957594.4581, 0.003053,False
1780957594.4626, 0.001163,False
1780957594.6738, 0.009413,False
1780957594.7955, 0.007569,False
1780957594.8006, 0.005772,False
1780957594.8052, 0.003847,False
1780957594.8108, 0.001764,False
1780957594.8169, 0.009756,False
1780957594.8231, 0.007685,False
1780957594.8284, 0.005832,False
1780957594.9397, 0.003506,False
1780957594.9444, 0.001535,False
1780957594.9494, 0.009762,False
1780957594.9541, 0.007403,False
1780957594.9585, 0.005644,False
1780957594.9634, 0.003700,False
1780957594.9682, 0.001399,False
1780957594.9726, 0.009497,False
1780957595.2083, 0.007621,False
1780957595.2134, 0.005631,False
1780957595.2186, 0.003661,False
1780957595.2236, 0.001847,False
1780957595.2281, 0.010097,False
1780957595.2325, 0.007913,False
1780957595.2369, 0.006080,False
1780957595.2412, 0.004069,False
1780957595.2454, 0.002292,False
1780957595.4607, 0.000411,False
1780957595.4653, 0.008460,False
1780957595.4700, 0.006761,False
1780957595.4742, 0.000131,False
1780957595.4809, 0.002803,False
1780957595.4855, 0.000408,False
1780957595.4900, 0.008571,False
1780957595.7110, 0.006713,False
1780957595.7168, 0.004327,False
1780957595.7218, 0.002646,False
1780957595.7265, 0.000791,False
1780957595.7311, 0.008878,False
1780957595.7367, 0.007197,False
1780957595.7416, 0.005648,False
1780957595.7463, 0.003585,False
1780957595.7512, 0.001604,False
1780957595.9717, 0.009716,False
1780957595.9765, 0.007567,False
1780957595.9810, 0.005804,False
1780957595.9856, 0.003643,False
1780957595.9899, 0.001573,False
1780957595.9943, 0.009722,False
1780957595.9987, 0.007680,False
1780957596.2232, 0.006034,False
1780957596.2278, 0.004191,False
1780957596.2325, 0.002363,False
1780957596.2369, 0.000507,False
1780957596.2414, 0.008294,False
1780957596.2460, 0.006729,False
1780957596.2505, 0.004876,False
1780957596.2551, 0.003337,False
1780957596.2594, 0.001277,False
1780957596.3730, 0.009462,False
1780957596.4889, 0.007747,False
1780957596.4955, 0.005943,False
1780957596.5018, 0.004172,False
1780957596.5077, 0.002114,False
1780957596.5137, 0.000528,False
1780957596.5191, 0.008846,False
1780957596.5241, 0.006904,False
1780957596.7454, 0.004783,False
1780957596.7505, 0.002894,False
1780957596.7555, 0.000795,False
1780957596.7603, 0.008746,False
1780957596.7648, 0.006905,False
1780957596.7700, 0.004961,False
1780957596.7745, 0.003064,False
1780957596.7789, 0.001330,False
1780957597.0032, 0.000131,False
1780957597.0105, 0.007565,False
1780957597.0153, 0.005453,False
1780957597.0197, 0.003600,False
1780957597.0244, 0.001765,False
1780957597.0290, 0.010085,False
1780957597.0335, 0.008065,False
1780957597.0378, 0.006198,False
1780957597.2602, 0.004350,False
1780957597.2650, 0.002223,False
1780957597.2700, 0.000365,False
1780957597.2745, 0.008012,False
1780957597.2789, 0.006202,False
1780957597.2836, 0.004325,False
1780957597.2896, 0.002277,False
1780957597.2949, 0.000369,False
1780957597.5063, 0.008395,False
1780957597.5112, 0.006458,False
1780957597.5161, 0.004856,False
1780957597.5212, 0.003059,False
1780957597.5259, 0.001062,False
1780957597.5305, 0.009261,False
1780957597.5353, 0.007491,False
1780957597.5399, 0.005509,False
1780957597.7587, 0.003744,False
1780957597.7633, 0.001670,False
1780957597.7684, 0.009817,False
1780957597.7738, 0.008630,False
1780957597.7784, 0.006695,False
1780957597.7829, 0.005410,False
1780957597.7878, 0.003245,False
1780957597.7924, 0.001291,False
1780957597.9057, 0.009186,False
1780957597.9111, 0.007255,False
1780957597.9162, 0.005585,False
1780957597.9214, 0.003873,False
1780957597.9265, 0.002029,False
1780957597.9315, 0.000283,False
1780957598.0189, 0.008472,False
1780957598.0236, 0.006611,False
1780957598.1714, 0.004834,False
1780957598.1766, 0.002985,False
1780957598.1812, 0.001100,False
1780957598.1860, 0.009211,False
1780957598.1905, 0.007336,False
1780957598.1950, 0.000144,False
1780957598.2024, 0.003702,False
1780957598.2872, 0.001684,False
1780957598.5425, 0.009701,False
1780957598.5476, 0.007951,False
1780957598.5525, 0.005988,False
1780957598.5569, 0.004128,False
1780957598.5612, 0.002478,False
1780957598.5664, 0.000602,False
1780957598.5722, 0.008141,False
1780957598.5770, 0.006394,False
1780957598.7757, 0.004500,False
1780957598.7812, 0.002929,False
1780957598.7884, 0.000962,False
1780957598.7929, 0.009259,False
1780957598.7974, 0.007395,False
1780957598.8025, 0.005783,False
1780957598.8073, 0.003789,False
1780957598.8117, 0.001648,False
1780957599.0509, 0.009537,False
1780957599.0556, 0.007721,False
1780957599.0602, 0.005917,False
1780957599.0645, 0.004104,False
1780957599.0690, 0.001672,False
1780957599.0735, 0.000172,False
1780957599.0779, 0.008350,False
1780957599.0830, 0.006221,False
1780957599.3055, 0.004609,False
1780957599.3105, 0.003222,False
1780957599.3150, 0.001489,False
1780957599.3198, 0.009443,False
1780957599.3243, 0.007637,False
1780957599.3290, 0.006004,False
1780957599.3346, 0.004180,False
1780957599.3392, 0.001963,False
1780957599.5573, 0.010076,False
1780957599.5620, 0.008201,False
1780957599.5665, 0.006204,False
1780957599.5709, 0.004188,False
1780957599.5754, 0.002338,False
1780957599.5798, 0.000388,False
1780957599.5848, 0.008400,False
1780957599.5892, 0.006347,False
1780957599.8115, 0.004824,False
1780957599.8165, 0.003065,False
1780957599.8210, 0.000117,False
1780957599.8277, 0.009474,False
1780957599.8320, 0.008051,False
1780957599.8370, 0.006006,False
1780957599.8414, 0.004048,False
1780957599.8457, 0.002154,False
1780957600.0702, 0.000487,False
1780957600.0759, 0.008581,False
1780957600.0809, 0.006709,False
1780957600.0856, 0.005103,False
1780957600.0901, 0.003283,False
1780957600.0947, 0.001157,False
1780957600.1683, 0.009518,False
1780957600.1730, 0.008109,False
1780957600.3178, 0.006330,False
1780957600.3224, 0.004028,False
1780957600.3277, 0.002308,False
1780957600.3330, 0.000339,False
1780957600.3379, 0.008596,False
1780957600.3426, 0.006951,False
1780957600.3471, 0.004502,False
1780957600.3521, 0.002622,False
1780957600.5692, 0.000217,False
1780957600.5740, 0.007823,False
1780957600.5784, 0.005944,False
1780957600.5831, 0.004321,False
1780957600.5876, 0.001832,False
1780957600.5920, 0.000178,False
1780957600.5967, 0.008358,False
1780957600.6015, 0.006238,False
1780957600.8418, 0.004628,False
1780957600.8470, 0.002892,False
1780957600.8525, 0.001048,False
1780957600.8577, 0.009235,False
1780957600.8623, 0.007351,False
1780957600.8673, 0.005082,False
1780957600.8718, 0.003078,False
1780957600.8762, 0.000962,False
1780957601.0910, 0.009106,False
1780957601.0967, 0.006838,False
1780957601.1012, 0.005463,False
1780957601.1057, 0.003586,False
1780957601.1103, 0.001444,False
1780957601.1149, 0.009137,False
1780957601.1195, 0.007284,False
1780957601.1238, 0.000101,False
1780957601.3530, 0.003394,False
1780957601.3578, 0.001270,False
1780957601.3637, 0.009221,False
1780957601.3690, 0.007070,False
1780957601.3736, 0.004915,False
1780957601.3782, 0.003067,False
1780957601.3832, 0.001237,False
1780957601.3880, 0.009338,False
1780957601.6083, 0.006924,False
1780957601.6132, 0.005387,False
1780957601.6187, 0.003201,False
1780957601.6236, 0.001502,False
1780957601.6282, 0.009174,False
1780957601.6332, 0.007209,False
1780957601.6377, 0.004971,False
1780957601.6419, 0.003405,False
1780957601.8582, 0.001457,False
1780957601.8637, 0.009624,False
1780957601.8695, 0.007415,False
1780957601.8741, 0.005853,False
1780957601.8785, 0.004086,False
1780957601.8832, 0.002325,False
1780957601.8879, 0.000865,False
1780957601.8921, 0.009218,False
1780957602.1210, 0.007309,False
1780957602.1258, 0.005029,False
1780957602.1304, 0.003433,False
1780957602.1358, 0.001422,False
1780957602.1409, 0.009399,False
1780957602.1464, 0.007897,False
1780957602.1515, 0.005559,False
1780957602.1560, 0.003709,False
1780957602.3829, 0.001768,False
1780957602.3877, 0.010007,False
1780957602.4885, 0.008349,False
1780957602.4933, 0.006208,False
1780957602.4981, 0.004523,False
1780957602.5027, 0.002685,False
1780957602.5071, 0.001010,False
1780957602.5117, 0.009083,False
1780957602.5169, 0.006900,False
1780957602.6274, 0.004967,False
1780957602.6323, 0.003192,False
1780957602.6369, 0.001299,False
1780957602.6413, 0.000135,False
1780957602.6484, 0.007540,False
1780957602.6532, 0.005705,False
1780957602.6578, 0.003860,False
1780957602.6623, 0.001543,False
1780957602.8920, 0.009717,False
1780957602.8971, 0.008015,False
1780957602.9028, 0.006244,False
1780957602.9078, 0.004440,False
1780957602.9123, 0.002548,False
1780957602.9175, 0.000732,False
1780957602.9223, 0.008867,False
1780957603.1407, 0.007077,False
1780957603.1464, 0.005190,False
1780957603.1514, 0.003304,False
1780957603.1564, 0.001112,False
1780957603.1609, 0.009359,False
1780957603.1656, 0.007261,False
1780957603.1700, 0.005037,False
1780957603.1743, 0.003090,False
1780957603.1787, 0.001198,False
1780957603.4144, 0.009272,False
1780957603.4201, 0.006936,False
1780957603.4252, 0.004725,False
1780957603.4303, 0.003235,False
1780957603.4349, 0.001353,False
1780957603.4394, 0.009450,False
1780957603.4438, 0.007690,False
1780957603.4482, 0.005876,False
1780957603.6700, 0.003967,False
1780957603.6756, 0.002113,False
1780957603.6810, 0.010135,False
1780957603.6857, 0.008292,False
1780957603.6903, 0.006462,False
1780957603.6948, 0.004667,False
1780957603.7001, 0.002535,False
1780957603.7049, 0.000703,False
1780957603.9248, 0.008544,False
1780957603.9295, 0.006977,False
1780957603.9362, 0.005259,False
1780957603.9407, 0.003372,False
1780957603.9451, 0.001290,False
1780957603.9503, 0.009290,False
1780957603.9561, 0.007541,False
1780957603.9610, 0.005870,False
1780957604.1919, 0.000132,False
1780957604.1998, 0.002098,False
1780957604.2050, 0.000542,False
1780957604.2102, 0.008545,False
1780957604.2151, 0.006779,False
1780957604.2200, 0.004849,False
1780957604.2244, 0.003210,False
1780957604.2291, 0.001139,False
1780957604.4412, 0.009215,False
1780957604.4462, 0.007242,False
1780957604.4510, 0.005443,False
1780957604.4554, 0.003526,False
1780957604.4597, 0.001470,False
1780957604.4643, 0.009889,False
1780957604.4689, 0.007500,False
1780957604.4733, 0.005714,False
1780957604.7067, 0.004397,False
1780957604.7116, 0.002543,False
1780957604.7165, 0.000872,False
1780957604.7209, 0.008962,False
1780957604.7253, 0.007105,False
1780957604.7300, 0.005224,False
1780957604.7346, 0.003167,False
1780957604.7388, 0.001682,False
1780957604.9600, 0.009472,False
1780957604.9653, 0.007135,False
1780957604.9703, 0.005376,False
1780957604.9751, 0.003799,False
1780957604.9796, 0.001514,False
1780957604.9842, 0.000590,False
1780957604.9911, 0.008079,False
1780957604.9956, 0.006094,False
1780957605.2065, 0.004386,False
1780957605.2115, 0.001956,False
1780957605.2163, 0.000231,False
1780957605.2210, 0.008230,False
1780957605.2255, 0.005805,False
1780957605.2304, 0.004274,False
1780957605.2348, 0.002273,False
1780957605.2394, 0.000506,False
1780957605.4739, 0.008168,False
1780957605.4798, 0.006522,False
1780957605.4850, 0.004652,False
1780957605.4896, 0.002685,False
1780957605.4941, 0.001075,False
1780957605.4986, 0.000136,False
1780957605.5050, 0.007470,False
1780957605.5095, 0.005621,False
1780957605.5140, 0.003841,False
1780957605.7400, 0.001871,False
1780957605.7448, 0.009913,False
1780957605.7501, 0.008021,False
1780957605.7548, 0.006552,False
1780957605.7592, 0.004613,False
1780957605.7646, 0.002644,False
1780957605.7703, 0.000906,False
1780957605.7748, 0.009203,False
1780957605.9929, 0.007250,False
1780957605.9988, 0.005501,False
1780957606.0036, 0.004197,False
1780957606.0080, 0.002142,False
1780957606.0123, 0.000217,False
1780957606.0175, 0.008142,False
1780957606.0219, 0.006422,False
1780957606.0262, 0.004576,False
1780957606.2566, 0.002788,False
1780957606.2612, 0.000522,False
1780957606.2664, 0.008430,False
1780957606.2709, 0.006824,False
1780957606.2755, 0.004958,False
1780957606.2803, 0.003069,False
1780957606.2872, 0.001160,False
1780957606.2920, 0.009432,False
1780957606.5148, 0.007578,False
1780957606.5197, 0.005956,False
1780957606.5246, 0.004302,False
1780957606.5292, 0.002438,False
1780957606.5340, 0.000388,False
1780957606.5384, 0.008049,False
1780957606.5430, 0.005876,False
1780957606.5477, 0.003505,False
1780957606.7665, 0.001580,False
1780957606.7711, 0.009355,False
1780957606.7755, 0.007335,False
1780957606.7800, 0.005626,False
1780957645.3856, 33.954103,False
1780957754.8722, 0.000077,False
1780957755.0319, 0.000040,False
1780957756.0636, 0.000070,False
1780957757.0815, 0.170108,False
1780957758.1162, 0.132848,False
1780957759.1503, 0.096402,False
1780957773.9746, 9.219768,False
