1780957215.9662, 0.006497,False
1780957215.9710, 0.004463,False
1780957215.9757, 0.002407,False
1780957215.9806, 0.000622,False
1780957215.9852, 0.008870,False
1780957215.9897, 0.007146,False
1780957215.9947, 0.005173,False
1780957215.9996, 0.003497,False
1780957216.0041, 0.001439,False
1780957216.0095, 0.009563,False
1780957216.0143, 0.007872,False
1780957216.0188, 0.006078,False
1780957216.0234, 0.004054,False
1780957216.0281, 0.002172,False
1780957216.0335, 0.010146,False
1780957216.2171, 0.008274,False
1780957216.2217, 0.006915,False
1780957216.2265, 0.005116,False
1780957216.2322, 0.003288,False
1780957216.2366, 0.001503,False
1780957216.2410, 0.009669,False
1780957216.2456, 0.007870,False
1780957216.2501, 0.005853,False
1780957216.2545, 0.004402,False
1780957216.2592, 0.002456,False
1780957216.2638, 0.000510,False
1780957216.2682, 0.008667,False
1780957216.2726, 0.006359,False
1780957216.4787, 0.004572,False
1780957216.4842, 0.002848,False
1780957216.4896, 0.000713,False
1780957216.4947, 0.009124,False
1780957216.4999, 0.007197,False
1780957216.5049, 0.004988,False
1780957216.5094, 0.003183,False
1780957216.5144, 0.000998,False
1780957216.7350, 0.009020,False
1780957216.7394, 0.000137,False
1780957216.7469, 0.005053,False
1780957216.7515, 0.003108,False
1780957216.7563, 0.001158,False
1780957216.7609, 0.009766,False
1780957216.7653, 0.008216,False
1780957216.7696, 0.006148,False
1780957216.9661, 0.004435,False
1780957216.9716, 0.002729,False
1780957216.9784, 0.000547,False
1780957216.9852, 0.009090,False
1780957216.9901, 0.007406,False
1780957216.9950, 0.005441,False
1780957216.9994, 0.003403,False
1780957217.0038, 0.001810,False
1780957217.2352, 0.009922,False
1780957217.2407, 0.008182,False
1780957217.2463, 0.006181,False
1780957217.2511, 0.004439,False
1780957217.2558, 0.002666,False
1780957217.2610, 0.000672,False
1780957217.2655, 0.008527,False
1780957217.4902, 0.007003,False
1780957217.4958, 0.005008,False
1780957217.5012, 0.003159,False
1780957217.5066, 0.001269,False
1780957217.5118, 0.009250,False
1780957217.5170, 0.007472,False
1780957217.5228, 0.005717,False
1780957217.5289, 0.003822,False
1780957217.5335, 0.001636,False
1780957217.7515, 0.009544,False
1780957217.7562, 0.007663,False
1780957217.7612, 0.005817,False
1780957217.7658, 0.003888,False
1780957217.8649, 0.001917,False
1780957217.8715, 0.009899,False
1780957217.8772, 0.007509,False
1780957217.8818, 0.005595,False
1780957218.0021, 0.003700,False
1780957218.0068, 0.001749,False
1780957218.0121, 0.009947,False
1780957218.0168, 0.008315,False
1780957218.0213, 0.006624,False
1780957218.0266, 0.004656,False
1780957218.0307, 0.000071,False
1780957218.0370, 0.000546,False
1780957218.2685, 0.008621,False
1780957218.2736, 0.001632,False
1780957218.2817, 0.004541,False
1780957218.2864, 0.002727,False
1780957218.2908, 0.000768,False
1780957218.2954, 0.009140,False
1780957218.2998, 0.007132,False
1780957218.3040, 0.004836,False
1780957218.5268, 0.002886,False
1780957218.5312, 0.001247,False
1780957218.5357, 0.009122,False
1780957218.5400, 0.007397,False
1780957218.5443, 0.005233,False
1780957218.5486, 0.003616,False
1780957218.5532, 0.001549,False
1780957218.5595, 0.009326,False
1780957218.7849, 0.007029,False
1780957218.7903, 0.005251,False
1780957218.7959, 0.003359,False
1780957218.8011, 0.000939,False
1780957218.8062, 0.009316,False
1780957218.8110, 0.007031,False
1780957218.8155, 0.005298,False
1780957218.8197, 0.003382,False
1780957219.0479, 0.002961,False
1780957219.0525, 0.009623,False
1780957219.0570, 0.007675,False
1780957219.0621, 0.005532,False
1780957219.0666, 0.003815,False
1780957219.0712, 0.001752,False
1780957219.0758, 0.010023,False
1780957219.0801, 0.008069,False
1780957219.3015, 0.006245,False
1780957219.3058, 0.004805,False
1780957219.3107, 0.002646,False
1780957219.3152, 0.000895,False
1780957219.3195, 0.009135,False
1780957219.3238, 0.007304,False
1780957219.3283, 0.005007,False
1780957219.3327, 0.003114,False
1780957219.5435, 0.001363,False
1780957219.5483, 0.009542,False
1780957219.5529, 0.007607,False
1780957219.5574, 0.000066,False
1780957219.5650, 0.004143,False
1780957219.5700, 0.001942,False
1780957219.5769, 0.010102,False
1780957219.5812, 0.008204,False
1780957219.8030, 0.001354,False
1780957219.8114, 0.004437,False
1780957219.8165, 0.002573,False
1780957219.8211, 0.000790,False
1780957219.8265, 0.009102,False
1780957219.8313, 0.007216,False
1780957219.8357, 0.004797,False
1780957219.8402, 0.002809,False
1780957220.0627, 0.000768,False
1780957220.0672, 0.009265,False
1780957220.0717, 0.007152,False
1780957220.0764, 0.005250,False
1780957220.0808, 0.003119,False
1780957220.0851, 0.001800,False
1780957220.0895, 0.009753,False
1780957220.0957, 0.007565,False
1780957220.3177, 0.005629,False
1780957220.3225, 0.003432,False
1780957220.3282, 0.000961,False
1780957220.3332, 0.008925,False
1780957220.3377, 0.007009,False
1780957220.3427, 0.005092,False
1780957220.3471, 0.003411,False
1780957220.3513, 0.001306,False
1780957220.5725, 0.009502,False
1780957220.5772, 0.007897,False
1780957220.5819, 0.006043,False
1780957220.5875, 0.004131,False
1780957220.5924, 0.002287,False
1780957220.5968, 0.009935,False
1780957220.6017, 0.008001,False
1780957220.6062, 0.006594,False
1780957220.8378, 0.004738,False
1780957220.8432, 0.002749,False
1780957220.8476, 0.000464,False
1780957220.8521, 0.008173,False
1780957220.8565, 0.006363,False
1780957220.8612, 0.004472,False
1780957220.8658, 0.002628,False
1780957220.8703, 0.000816,False
1780957220.8749, 0.000122,False
1780957221.1020, 0.007100,False
1780957221.1066, 0.005093,False
1780957221.1113, 0.003391,False
1780957221.1157, 0.001628,False
1780957221.1201, 0.009976,False
1780957221.1252, 0.007951,False
1780957221.1296, 0.001269,False
1780957221.1362, 0.004401,False
1780957221.3511, 0.002629,False
1780957221.3557, 0.000703,False
1780957221.3604, 0.008929,False
1780957221.3654, 0.007116,False
1780957221.3700, 0.005265,False
1780957221.3750, 0.003594,False
1780957221.3794, 0.001945,False
1780957221.6021, 0.009865,False
1780957221.6074, 0.008058,False
1780957221.6126, 0.005865,False
1780957221.6178, 0.003886,False
1780957221.6230, 0.002109,False
1780957221.6282, 0.010149,False
1780957221.6337, 0.008333,False
1780957221.6392, 0.006501,False
1780957221.6437, 0.004756,False
1780957221.8716, 0.003016,False
1780957221.8770, 0.001141,False
1780957221.8817, 0.008961,False
1780957221.8861, 0.007380,False
1780957221.8911, 0.005937,False
1780957221.8957, 0.003963,False
1780957221.9002, 0.001838,False
1780957221.9049, 0.010160,False
1780957222.0170, 0.007830,False
1780957222.1323, 0.006015,False
1780957222.2472, 0.004199,False
1780957222.2521, 0.002423,False
1780957222.2576, 0.000685,False
1780957222.2622, 0.008453,False
1780957222.2667, 0.006543,False
1780957222.2712, 0.004852,False
1780957222.3836, 0.003069,False
1780957222.3881, 0.000949,False
1780957222.3930, 0.009288,False
1780957222.3976, 0.007400,False
1780957222.4018, 0.000120,False
1780957222.4083, 0.002994,False
1780957222.4130, 0.001392,False
1780957222.4173, 0.009757,False
1780957222.6286, 0.007926,False
1780957222.6335, 0.006187,False
1780957222.6379, 0.004473,False
1780957222.6423, 0.002345,False
1780957222.6469, 0.000474,False
1780957222.6512, 0.002993,False
1780957222.6577, 0.006240,False
1780957222.6620, 0.003926,False
1780957222.8928, 0.002061,False
1780957222.8976, 0.000272,False
1780957222.9038, 0.008126,False
1780957222.9089, 0.005758,False
1780957222.9135, 0.004436,False
1780957222.9179, 0.002618,False
1780957222.9227, 0.000805,False
1780957222.9273, 0.008863,False
1780957223.0332, 0.006769,False
1780957223.1481, 0.004843,False
1780957223.1529, 0.002998,False
1780957223.1579, 0.001172,False
1780957223.1624, 0.009378,False
1780957223.1667, 0.007614,False
1780957223.1711, 0.005685,False
1780957223.1757, 0.003390,False
1780957223.4012, 0.001642,False
1780957223.4061, 0.009752,False
1780957223.4123, 0.007798,False
1780957223.4170, 0.006208,False
1780957223.4215, 0.004361,False
1780957223.4267, 0.002436,False
1780957223.4311, 0.010196,False
1780957223.4357, 0.008123,False
1780957223.6548, 0.005967,False
1780957223.6593, 0.004203,False
1780957223.6640, 0.002244,False
1780957223.6695, 0.000344,False
1780957223.6745, 0.008555,False
1780957223.6789, 0.006562,False
1780957223.6834, 0.004930,False
1780957223.6875, 0.002649,False
1780957223.9257, 0.000522,False
1780957223.9303, 0.000138,False
1780957223.9369, 0.006454,False
1780957223.9417, 0.004589,False
1780957223.9461, 0.002590,False
1780957223.9504, 0.000868,False
1780957223.9547, 0.008765,False
1780957223.9591, 0.006369,False
1780957224.1813, 0.005072,False
1780957224.1861, 0.003235,False
1780957224.1914, 0.001269,False
1780957224.1962, 0.009215,False
1780957224.2005, 0.002116,False
1780957224.2084, 0.005309,False
1780957224.2135, 0.003390,False
1780957224.2181, 0.001093,False
1780957224.4335, 0.009186,False
1780957224.4390, 0.007472,False
1780957224.4450, 0.005771,False
1780957224.4496, 0.003591,False
1780957224.4541, 0.001469,False
1780957224.4591, 0.009664,False
1780957224.4635, 0.007498,False
1780957224.4679, 0.005681,False
1780957224.6865, 0.004040,False
1780957224.6912, 0.001946,False
1780957224.6957, 0.009762,False
1780957224.7003, 0.007512,False
1780957224.7048, 0.005932,False
1780957224.7095, 0.004165,False
1780957224.7143, 0.002409,False
1780957224.7189, 0.000309,False
1780957224.9439, 0.008526,False
1780957224.9493, 0.006622,False
1780957224.9546, 0.004604,False
1780957224.9597, 0.002896,False
1780957224.9644, 0.000970,False
1780957224.9688, 0.009165,False
1780957224.9741, 0.007261,False
1780957224.9787, 0.005424,False
1780957225.1938, 0.003055,False
1780957225.1985, 0.001138,False
1780957225.2029, 0.009394,False
1780957225.2075, 0.007252,False
1780957225.2118, 0.005065,False
1780957225.2161, 0.003123,False
1780957225.2202, 0.000119,False
1780957225.2274, 0.009376,False
1780957225.4628, 0.007655,False
1780957225.4695, 0.005742,False
1780957225.4751, 0.003551,False
1780957225.4806, 0.001663,False
1780957225.4852, 0.009696,False
1780957225.4902, 0.007848,False
1780957225.4949, 0.005837,False
1780957225.4994, 0.003445,False
1780957225.7221, 0.001542,False
1780957225.7270, 0.009653,False
1780957225.7317, 0.007900,False
1780957225.7359, 0.000970,False
1780957225.7426, 0.004385,False
1780957225.7469, 0.002376,False
1780957225.7514, 0.010012,False
1780957225.7558, 0.008083,False
1780957225.7600, 0.005876,False
1780957225.9782, 0.003936,False
1780957225.9829, 0.002254,False
1780957225.9896, 0.000378,False
1780957225.9952, 0.008134,False
1780957226.0003, 0.006295,False
1780957226.0059, 0.004113,False
1780957226.0104, 0.002310,False
1780957226.0146, 0.000341,False
1780957226.2459, 0.008434,False
1780957226.2507, 0.006202,False
1780957226.2553, 0.004354,False
1780957226.2600, 0.001955,False
1780957226.2644, 0.010275,False
1780957226.2687, 0.008424,False
1780957226.2736, 0.006833,False
1780957226.2782, 0.004864,False
1780957226.5011, 0.002717,False
1780957226.5061, 0.000813,False
1780957226.5109, 0.008774,False
1780957226.5154, 0.007134,False
1780957226.5198, 0.005204,False
1780957226.5245, 0.002897,False
1780957226.5292, 0.001063,False
1780957226.5336, 0.009094,False
1780957226.7606, 0.007327,False
1780957226.7654, 0.005495,False
1780957226.7697, 0.000128,False
1780957226.7763, 0.001229,False
1780957226.7808, 0.009281,False
1780957226.7863, 0.007042,False
1780957226.7911, 0.005492,False
1780957226.7954, 0.003748,False
1780957227.0116, 0.001852,False
1780957227.0162, 0.004868,False
1780957227.0235, 0.008128,False
1780957227.0280, 0.006365,False
1780957227.0324, 0.003993,False
1780957227.0370, 0.002342,False
1780957227.0418, 0.000338,False
1780957227.0463, 0.008011,False
1780957227.2796, 0.006425,False
1780957227.2844, 0.004553,False
1780957227.2889, 0.002634,False
1780957227.2932, 0.000784,False
1780957227.2978, 0.008810,False
1780957227.3023, 0.007246,False
1780957227.3076, 0.005153,False
1780957227.3123, 0.003254,False
1780957227.5326, 0.001568,False
1780957227.5371, 0.009896,False
1780957227.5422, 0.008504,False
1780957227.5469, 0.006466,False
1780957227.5514, 0.004546,False
1780957227.5561, 0.002707,False
1780957227.5612, 0.000881,False
1780957227.5658, 0.008946,False
1780957227.7720, 0.007187,False
1780957227.7768, 0.005281,False
1780957227.7814, 0.003478,False
1780957227.7859, 0.001593,False
1780957227.7903, 0.009808,False
1780957227.7947, 0.008599,False
1780957227.7993, 0.006940,False
1780957227.8036, 0.005074,False
1780957228.0249, 0.003234,False
1780957228.0305, 0.001311,False
1780957228.0354, 0.009468,False
1780957228.0401, 0.007527,False
1780957228.0448, 0.005747,False
1780957228.0492, 0.003980,False
1780957228.0539, 0.002079,False
1780957228.0591, 0.000130,False
1780957228.2951, 0.008082,False
1780957228.2999, 0.005993,False
1780957228.3046, 0.003935,False
1780957228.3092, 0.002188,False
1780957228.3136, 0.000807,False
1780957228.3179, 0.008797,False
1780957228.3227, 0.007163,False
1780957228.3272, 0.005810,False
1780957228.5517, 0.004161,False
1780957228.5570, 0.002190,False
1780957228.5620, 0.000409,False
1780957228.5667, 0.008348,False
1780957228.5712, 0.006757,False
1780957228.5756, 0.004886,False
1780957228.5800, 0.003191,False
1780957228.5842, 0.001732,False
1780957228.8069, 0.004817,False
1780957228.8153, 0.008446,False
1780957228.8206, 0.006708,False
1780957228.8259, 0.004850,False
1780957228.8310, 0.002984,False
1780957228.8355, 0.001399,False
1780957228.8402, 0.009451,False
1780957228.8447, 0.007786,False
1780957228.8487, 0.000773,False
1780957229.0631, 0.003632,False
1780957229.0678, 0.001732,False
1780957229.0727, 0.010007,False
1780957229.0773, 0.008273,False
1780957229.0817, 0.006316,False
1780957229.0862, 0.004378,False
1780957229.0910, 0.002510,False
1780957229.0954, 0.000832,False
1780957229.3281, 0.009129,False
1780957229.3329, 0.007345,False
1780957229.3376, 0.005434,False
1780957229.3425, 0.003592,False
1780957229.3469, 0.001650,False
1780957229.3514, 0.009821,False
1780957229.3566, 0.008210,False
1780957229.3616, 0.006230,False
1780957229.5813, 0.004433,False
1780957229.5859, 0.002910,False
1780957229.5907, 0.001023,False
1780957229.5950, 0.000117,False
1780957229.6013, 0.007411,False
1780957229.6057, 0.005405,False
1780957229.6106, 0.003557,False
1780957229.6151, 0.001635,False
1780957229.7189, 0.009419,False
1780957229.7238, 0.007550,False
1780957229.7283, 0.005660,False
1780957229.7329, 0.003806,False
1780957229.7383, 0.002003,False
1780957229.7455, 0.000206,False
1780957229.8183, 0.008688,False
1780957230.0758, 0.006481,False
1780957230.0823, 0.004624,False
1780957230.0884, 0.002711,False
1780957230.0938, 0.000828,False
1780957230.0983, 0.008361,False
1780957230.1030, 0.006634,False
1780957230.1083, 0.004773,False
1780957230.1129, 0.002878,False
1780957230.3436, 0.001054,False
1780957230.3495, 0.009185,False
1780957230.3546, 0.007576,False
1780957230.3590, 0.005642,False
1780957230.3635, 0.003936,False
1780957230.3682, 0.001980,False
1780957230.3735, 0.000218,False
1780957230.3777, 0.003348,False
1780957230.3840, 0.006070,False
1780957230.5989, 0.004233,False
1780957230.6037, 0.002379,False
1780957230.6087, 0.000493,False
1780957230.6132, 0.008704,False
1780957230.6177, 0.006634,False
1780957230.6228, 0.004505,False
1780957230.6273, 0.002225,False
1780957230.6315, 0.000340,False
1780957230.8556, 0.008701,False
1780957230.8601, 0.006757,False
1780957230.8649, 0.004425,False
1780957230.8697, 0.002654,False
1780957230.8743, 0.000804,False
1780957230.8789, 0.008583,False
1780957230.8832, 0.006172,False
1780957230.8874, 0.003815,False
1780957231.1125, 0.000135,False
1780957231.1198, 0.010133,False
1780957231.1258, 0.007849,False
1780957231.1306, 0.006356,False
1780957231.1350, 0.004004,False
1780957231.1398, 0.002074,False
1780957231.1441, 0.000668,False
1780957231.1483, 0.008346,False
1780957231.3615, 0.006600,False
1780957231.3661, 0.004674,False
1780957231.3706, 0.002890,False
1780957231.3749, 0.000448,False
1780957231.3794, 0.008554,False
1780957231.3840, 0.006600,False
1780957231.3892, 0.004517,False
1780957231.3937, 0.002698,False
1780957231.6339, 0.000494,False
1780957231.6391, 0.008736,False
1780957231.6439, 0.006978,False
1780957231.6485, 0.005043,False
1780957231.6530, 0.003312,False
1780957231.6581, 0.001407,False
1780957231.6625, 0.008973,False
1780957231.6668, 0.007079,False
1780957231.8924, 0.005306,False
1780957231.8980, 0.003395,False
1780957231.9033, 0.001341,False
1780957231.9085, 0.009446,False
1780957231.9136, 0.007542,False
1780957231.9190, 0.000641,False
1780957231.9267, 0.003493,False
1780957231.9316, 0.001610,False
1780957232.1469, 0.009182,False
1780957232.1517, 0.007059,False
1780957232.1571, 0.005100,False
1780957232.1618, 0.002765,False
1780957232.1664, 0.000452,False
1780957232.1716, 0.008436,False
1780957232.1760, 0.006903,False
1780957232.1804, 0.004794,False
1780957232.2974, 0.003242,False
1780957232.3024, 0.001267,False
1780957232.3083, 0.009451,False
1780957232.3130, 0.007880,False
1780957232.3174, 0.006104,False
1780957232.3221, 0.000102,False
1780957232.3288, 0.001664,False
1780957232.4112, 0.009489,False
1780957232.6649, 0.007707,False
1780957232.6703, 0.005835,False
1780957232.6768, 0.003958,False
1780957232.6816, 0.002372,False
1780957232.6862, 0.000498,False
1780957232.6918, 0.008564,False
1780957232.6964, 0.006664,False
1780957232.7007, 0.004425,False
1780957232.9086, 0.002543,False
1780957232.9134, 0.000669,False
1780957232.9179, 0.008529,False
1780957232.9223, 0.006149,False
1780957232.9268, 0.003805,False
1780957232.9314, 0.001991,False
1780957232.9359, 0.010070,False
1780957232.9405, 0.008094,False
1780957233.1779, 0.006131,False
1780957233.1850, 0.003847,False
1780957233.1905, 0.001941,False
1780957233.1956, 0.009954,False
1780957233.2003, 0.003163,False
1780957233.2078, 0.006024,False
1780957233.2127, 0.003933,False
1780957233.2174, 0.001791,False
1780957233.3285, 0.009970,False
1780957233.3335, 0.007646,False
1780957233.3387, 0.005598,False
1780957233.4427, 0.004005,False
1780957233.4476, 0.002431,False
1780957233.4522, 0.000466,False
1780957233.4566, 0.008097,False
1780957233.4609, 0.006446,False
1780957233.5751, 0.004458,False
1780957233.5801, 0.002181,False
1780957233.6982, 0.000520,False
1780957233.7042, 0.008862,False
1780957233.7096, 0.007264,False
1780957233.7142, 0.005554,False
1780957233.7189, 0.003420,False
1780957233.7238, 0.002071,False
1780957233.9397, 0.009888,False
1780957233.9445, 0.008308,False
1780957233.9494, 0.000121,False
1780957233.9561, 0.004739,False
1780957233.9606, 0.003326,False
1780957233.9653, 0.001403,False
1780957233.9697, 0.009748,False
1780957233.9739, 0.007825,False
1780957234.1934, 0.006123,False
1780957234.1982, 0.004130,False
1780957234.2030, 0.002207,False
1780957234.2075, 0.000535,False
1780957234.2119, 0.008646,False
1780957234.2167, 0.006577,False
1780957234.2221, 0.004692,False
1780957234.2267, 0.003153,False
1780957234.4604, 0.001437,False
1780957234.4666, 0.009496,False
1780957234.4719, 0.007918,False
1780957234.4767, 0.006550,False
1780957234.4813, 0.004367,False
1780957234.4859, 0.002804,False
1780957234.4906, 0.000903,False
1780957234.4951, 0.009681,False
1780957234.7090, 0.007687,False
1780957234.7171, 0.005869,False
1780957234.7223, 0.003984,False
1780957234.7274, 0.002516,False
1780957234.7321, 0.001070,False
1780957234.7377, 0.009552,False
1780957234.7424, 0.007860,False
1780957234.7468, 0.006048,False
1780957234.9705, 0.004081,False
1780957234.9765, 0.002944,False
1780957234.9810, 0.001074,False
1780957234.9868, 0.004422,False
1780957234.9941, 0.007910,False
1780957234.9991, 0.005659,False
1780957235.0035, 0.004082,False
1780957235.0080, 0.002375,False
1780957235.0122, 0.000380,False
1780957235.2333, 0.008696,False
1780957235.2388, 0.006709,False
1780957235.2433, 0.004741,False
1780957235.2478, 0.002989,False
1780957235.2523, 0.001590,False
1780957235.2571, 0.010108,False
1780957235.2614, 0.000111,False
1780957235.2684, 0.006901,False
1780957235.4927, 0.004898,False
1780957235.4977, 0.003377,False
1780957235.5023, 0.001443,False
1780957235.5067, 0.010015,False
1780957235.5110, 0.008521,False
1780957235.5154, 0.006697,False
1780957235.5203, 0.005352,False
1780957235.5245, 0.003480,False
1780957235.7465, 0.001956,False
1780957235.7512, 0.000259,False
1780957235.7563, 0.008658,False
1780957235.7612, 0.006518,False
1780957235.7656, 0.004821,False
1780957235.7703, 0.003291,False
1780957235.7751, 0.001436,False
1780957235.7796, 0.009651,False
1780957236.0073, 0.007617,False
1780957236.0121, 0.005771,False
1780957236.0169, 0.003765,False
1780957236.0216, 0.001740,False
1780957236.0261, 0.009465,False
1780957236.0306, 0.006964,False
1780957236.0353, 0.005282,False
1780957236.0396, 0.003191,False
1780957236.2629, 0.000903,False
1780957236.2679, 0.008703,False
1780957236.2726, 0.006436,False
1780957236.2773, 0.004612,False
1780957236.2817, 0.002768,False
1780957236.2861, 0.001058,False
1780957236.2905, 0.009168,False
1780957236.2949, 0.007144,False
1780957236.5267, 0.005095,False
1780957236.5322, 0.003006,False
1780957236.5374, 0.000910,False
1780957236.5418, 0.008887,False
1780957236.5462, 0.007187,False
1780957236.5508, 0.004870,False
1780957236.5561, 0.002882,False
1780957236.5610, 0.000717,False
1780957236.7759, 0.008720,False
1780957236.7822, 0.001809,False
1780957236.7907, 0.005266,False
1780957236.7953, 0.000065,False
1780957236.8021, 0.000994,False
1780957236.8068, 0.008830,False
1780957236.8112, 0.007034,False
1780957236.8154, 0.004969,False
1780957237.0436, 0.003411,False
1780957237.0486, 0.001564,False
1780957237.0531, 0.009553,False
1780957237.0575, 0.007522,False
1780957237.0620, 0.005730,False
1780957237.0667, 0.003820,False
1780957237.0714, 0.001822,False
1780957237.0757, 0.010153,False
1780957237.2941, 0.008421,False
1780957237.3000, 0.006825,False
1780957237.3054, 0.004615,False
1780957237.3098, 0.002655,False
1780957237.3144, 0.001015,False
1780957237.3192, 0.009253,False
1780957237.3239, 0.006954,False
1780957237.3284, 0.005181,False
1780957237.3330, 0.003125,False
1780957237.5464, 0.001382,False
1780957237.5511, 0.009605,False
1780957237.5585, 0.007624,False
1780957237.5635, 0.005593,False
1780957237.5683, 0.003614,False
1780957237.5730, 0.001510,False
1780957237.5774, 0.009448,False
1780957237.5818, 0.007450,False
1780957237.8124, 0.005547,False
1780957237.8173, 0.003584,False
1780957237.8221, 0.001750,False
1780957237.8269, 0.009912,False
1780957237.8314, 0.008124,False
1780957237.8360, 0.006344,False
1780957237.8408, 0.004372,False
1780957237.8451, 0.002628,False
1780957238.0735, 0.000718,False
1780957238.0780, 0.008963,False
1780957238.0826, 0.007207,False
1780957238.0873, 0.005139,False
1780957238.0921, 0.003063,False
1780957238.0966, 0.001206,False
1780957238.1011, 0.008919,False
1780957238.1056, 0.000175,False
1780957238.3341, 0.005242,False
1780957238.3388, 0.003150,False
1780957238.3432, 0.001453,False
1780957238.3476, 0.009194,False
1780957238.3526, 0.006787,False
1780957238.3570, 0.004969,False
1780957238.3614, 0.003219,False
1780957238.3656, 0.001031,False
1780957238.5918, 0.009268,False
1780957238.5966, 0.007070,False
1780957238.6013, 0.005228,False
1780957238.6062, 0.003252,False
1780957238.6109, 0.001292,False
1780957238.6155, 0.009592,False
1780957238.6222, 0.007720,False
1780957238.6273, 0.005411,False
1780957238.8458, 0.003516,False
1780957238.8507, 0.001705,False
1780957238.8563, 0.009466,False
1780957238.8611, 0.007701,False
1780957238.8658, 0.005929,False
1780957238.8712, 0.003604,False
1780957238.8760, 0.001697,False
1780957238.8803, 0.009644,False
1780957239.0887, 0.008389,False
1780957239.0942, 0.006707,False
1780957239.0990, 0.004951,False
1780957239.1036, 0.003111,False
1780957239.1082, 0.000808,False
1780957239.1129, 0.008766,False
1780957239.1175, 0.006671,False
1780957239.1218, 0.004415,False
1780957239.3496, 0.002658,False
1780957239.3545, 0.000702,False
1780957239.3599, 0.008810,False
1780957239.3649, 0.006893,False
1780957239.3701, 0.005262,False
1780957239.3749, 0.003180,False
1780957239.3795, 0.001093,False
1780957239.3842, 0.008790,False
1780957239.6118, 0.006843,False
1780957239.6166, 0.004838,False
1780957239.6214, 0.002979,False
1780957239.6260, 0.001149,False
1780957239.6302, 0.000138,False
1780957239.6374, 0.006956,False
1780957239.6416, 0.000202,False
1780957239.6482, 0.003161,False
1780957239.8626, 0.001392,False
1780957239.8681, 0.009357,False
1780957239.8737, 0.007982,False
1780957239.8782, 0.006298,False
1780957239.8827, 0.004468,False
1780957239.8887, 0.002354,False
1780957239.8936, 0.000312,False
1780957239.8978, 0.008752,False
1780957240.1226, 0.006394,False
1780957240.1281, 0.005038,False
1780957240.1327, 0.003150,False
1780957240.1373, 0.001375,False
1780957240.1419, 0.009437,False
1780957240.1466, 0.007677,False
1780957240.1511, 0.005383,False
1780957240.1555, 0.003517,False
1780957240.3838, 0.001820,False
1780957240.3889, 0.009697,False
1780957240.3936, 0.007908,False
1780957240.3980, 0.006390,False
1780957240.4028, 0.004663,False
1780957240.4073, 0.002844,False
1780957240.4118, 0.001194,False
1780957240.4161, 0.009431,False
1780957240.6415, 0.007708,False
1780957240.6474, 0.005811,False
1780957240.6525, 0.003538,False
1780957240.6574, 0.001571,False
1780957240.6622, 0.010049,False
1780957240.6670, 0.008093,False
1780957240.6725, 0.005825,False
1780957240.6770, 0.004050,False
1780957240.8892, 0.002446,False
1780957240.8954, 0.000211,False
1780957240.9001, 0.008437,False
1780957240.9049, 0.006685,False
1780957240.9096, 0.004817,False
1780957240.9139, 0.002826,False
1780957240.9189, 0.001060,False
1780957240.9236, 0.009450,False
1780957241.1532, 0.007917,False
1780957241.1587, 0.000064,False
1780957241.1658, 0.005016,False
1780957241.1707, 0.003242,False
1780957241.1758, 0.001387,False
1780957241.1808, 0.004307,False
1780957241.1879, 0.007827,False
1780957241.1929, 0.005887,False
1780957241.1975, 0.003514,False
1780957241.4190, 0.001612,False
1780957241.4243, 0.010100,False
1780957241.4288, 0.007959,False
1780957241.4336, 0.006203,False
1780957241.4381, 0.004482,False
1780957241.4424, 0.002885,False
1780957241.4466, 0.001251,False
1780957241.4509, 0.009582,False
1780957241.6937, 0.007545,False
1780957241.6984, 0.005294,False
1780957241.7049, 0.003224,False
1780957241.7095, 0.001758,False
1780957241.7141, 0.009865,False
1780957241.7191, 0.007898,False
1780957241.7239, 0.006230,False
1780957241.7284, 0.004967,False
1780957241.9386, 0.003158,False
1780957241.9438, 0.001677,False
1780957241.9482, 0.000249,False
1780957241.9532, 0.008871,False
1780957241.9578, 0.007550,False
1780957241.9622, 0.005553,False
1780957241.9666, 0.003606,False
1780957241.9717, 0.001731,False
1780957242.1914, 0.010130,False
1780957242.1960, 0.008442,False
1780957242.2008, 0.006562,False
1780957242.2053, 0.005041,False
1780957242.2098, 0.003350,False
1780957242.2148, 0.001556,False
1780957242.2194, 0.009772,False
1780957242.2240, 0.007893,False
1780957242.4537, 0.006277,False
1780957242.4585, 0.004261,False
1780957242.4642, 0.002357,False
1780957242.4694, 0.000452,False
1780957242.4738, 0.008740,False
1780957242.4779, 0.000045,False
1780957242.4843, 0.005222,False
1780957242.4886, 0.003882,False
1780957242.4929, 0.001923,False
1780957242.7096, 0.000351,False
1780957242.7144, 0.008770,False
1780957242.7194, 0.007123,False
1780957242.7240, 0.005422,False
1780957242.7284, 0.003917,False
1780957242.7330, 0.002167,False
1780957242.7378, 0.000587,False
1780957242.9559, 0.009026,False
1780957242.9629, 0.007425,False
1780957242.9695, 0.005857,False
1780957242.9751, 0.004096,False
1780957242.9805, 0.002463,False
1780957242.9871, 0.000786,False
1780957242.9918, 0.009230,False
1780957242.9964, 0.007408,False
1780957243.2164, 0.005861,False
1780957243.2239, 0.004551,False
1780957243.2298, 0.002961,False
1780957243.2350, 0.001067,False
1780957243.2401, 0.009209,False
1780957243.2470, 0.007999,False
1780957243.2537, 0.006185,False
1780957243.2586, 0.004033,False
1780957243.2632, 0.002323,False
1780957243.5907, 0.000439,False
1780957243.5953, 0.008278,False
1780957243.5995, 0.001720,False
1780957243.6067, 0.005402,False
1780957243.6114, 0.003708,False
1780957243.6160, 0.002365,False
1780957243.6206, 0.000875,False
1780957243.6249, 0.009171,False
1780957243.7259, 0.007481,False
1780957243.7305, 0.005483,False
1780957243.7358, 0.003355,False
1780957243.7403, 0.001461,False
1780957243.7447, 0.009543,False
1780957243.7492, 0.007555,False
1780957243.7539, 0.005564,False
1780957243.7581, 0.003615,False
1780957243.8735, 0.001894,False
1780957243.9896, 0.000094,False
1780957243.9975, 0.008127,False
1780957244.0033, 0.006467,False
1780957244.0095, 0.004565,False
1780957244.0142, 0.002394,False
1780957244.0194, 0.001104,False
1780957244.0246, 0.008979,False
1780957244.2356, 0.006974,False
1780957244.2404, 0.004981,False
1780957244.2451, 0.003042,False
1780957244.2496, 0.000702,False
1780957244.2540, 0.008975,False
1780957244.2585, 0.006573,False
1780957244.2635, 0.004986,False
1780957244.2683, 0.003277,False
1780957244.4891, 0.001437,False
1780957244.4939, 0.009727,False
1780957244.4990, 0.007595,False
1780957244.5039, 0.005841,False
1780957244.5083, 0.004221,False
1780957244.5127, 0.002127,False
1780957244.5183, 0.000315,False
1780957244.5229, 0.008577,False
1780957244.7560, 0.006733,False
1780957244.7624, 0.004781,False
1780957244.7678, 0.002761,False
1780957244.7724, 0.000710,False
1780957244.7771, 0.009053,False
1780957244.7817, 0.007245,False
1780957244.7865, 0.005417,False
1780957244.7910, 0.003417,False
1780957245.0103, 0.001698,False
1780957245.0152, 0.004533,False
1780957245.0223, 0.007861,False
1780957245.0269, 0.005819,False
1780957245.0314, 0.003401,False
1780957245.0363, 0.001482,False
1780957245.0414, 0.010009,False
1780957245.0458, 0.008017,False
1780957245.2704, 0.006066,False
1780957245.2753, 0.004414,False
1780957245.2798, 0.002575,False
1780957245.2842, 0.000671,False
1780957245.2889, 0.008889,False
1780957245.2934, 0.006961,False
1780957245.2977, 0.000117,False
1780957245.3045, 0.003210,False
1780957245.5195, 0.001463,False
1780957245.5242, 0.009577,False
1780957245.5287, 0.007323,False
1780957245.5337, 0.005618,False
1780957245.5390, 0.003890,False
1780957245.5436, 0.001825,False
1780957245.5483, 0.010150,False
1780957245.5533, 0.008285,False
1780957245.7894, 0.006200,False
1780957245.7942, 0.004657,False
1780957245.7988, 0.002840,False
1780957245.8034, 0.000619,False
1780957245.8083, 0.008612,False
1780957245.8130, 0.006627,False
1780957245.8187, 0.004252,False
1780957245.8234, 0.002183,False
1780957246.0383, 0.000311,False
1780957246.0433, 0.008522,False
1780957246.0478, 0.006673,False
1780957246.0533, 0.004864,False
1780957246.0591, 0.003125,False
1780957246.0637, 0.000961,False
1780957246.0686, 0.008919,False
1780957246.0729, 0.007168,False
1780957246.3009, 0.005269,False
1780957246.3055, 0.003232,False
1780957246.3103, 0.001109,False
1780957246.3151, 0.008991,False
1780957246.3196, 0.007133,False
1780957246.3242, 0.005324,False
1780957246.3286, 0.003557,False
1780957246.3331, 0.001930,False
1780957246.5494, 0.004728,False
1780957246.5590, 0.007420,False
1780957246.5638, 0.005511,False
1780957246.5689, 0.003549,False
1780957246.5739, 0.001852,False
1780957246.5786, 0.010352,False
1780957246.5840, 0.008448,False
1780957246.5887, 0.006101,False
1780957246.8207, 0.004367,False
1780957246.8255, 0.002409,False
1780957246.8301, 0.000432,False
1780957246.8344, 0.000000,False
1780957246.8411, 0.006488,False
1780957246.8456, 0.004613,False
1780957246.8511, 0.002744,False
1780957246.8563, 0.000359,False
1780957247.0708, 0.008950,False
1780957247.0766, 0.007293,False
1780957247.0813, 0.005511,False
1780957247.0862, 0.003329,False
1780957247.0949, 0.001431,False
1780957247.1010, 0.009635,False
1780957247.1082, 0.007857,False
1780957247.1143, 0.005516,False
1780957247.1216, 0.004018,False
1780957247.3356, 0.002150,False
1780957247.3403, 0.000381,False
1780957247.3449, 0.008340,False
1780957247.3493, 0.006975,False
1780957247.3537, 0.005021,False
1780957247.3581, 0.003210,False
1780957247.3628, 0.001393,False
1780957247.3673, 0.009505,False
1780957247.5861, 0.007950,False
1780957247.5918, 0.005978,False
1780957247.5969, 0.004123,False
1780957247.6026, 0.001777,False
1780957247.6071, 0.009969,False
1780957247.6117, 0.008055,False
1780957247.6166, 0.006232,False
1780957247.6213, 0.004436,False
1780957247.8560, 0.002619,False
1780957247.8607, 0.000817,False
1780957247.8651, 0.009034,False
1780957247.8695, 0.006943,False
1780957247.8741, 0.005465,False
1780957247.8792, 0.003931,False
1780957247.8843, 0.002167,False
1780957247.8890, 0.009918,False
1780957248.2104, 0.008170,False
1780957248.2155, 0.006374,False
1780957248.2207, 0.004675,False
1780957248.2254, 0.002792,False
1780957248.2303, 0.000529,False
1780957248.2350, 0.008597,False
1780957248.2394, 0.001689,False
1780957248.2460, 0.000110,False
1780957248.3682, 0.003022,False
1780957248.3729, 0.001214,False
1780957248.3775, 0.009279,False
1780957248.3822, 0.007721,False
1780957248.3867, 0.005673,False
1780957248.3914, 0.003565,False
1780957248.3960, 0.001755,False
1780957248.4005, 0.009401,False
1780957248.6212, 0.008027,False
1780957248.6261, 0.006174,False
1780957248.7390, 0.004333,False
1780957248.7438, 0.002459,False
1780957248.7485, 0.000671,False
1780957248.7531, 0.008916,False
1780957248.7576, 0.006947,False
1780957248.7619, 0.005057,False
1780957248.8736, 0.002793,False
1780957248.8785, 0.000569,False
1780957248.8843, 0.008926,False
1780957248.8895, 0.007083,False
1780957248.8947, 0.005303,False
1780957248.9002, 0.003234,False
1780957248.9048, 0.001265,False
1780957248.9091, 0.009629,False
1780957249.1382, 0.007870,False
1780957249.1450, 0.005517,False
1780957249.1508, 0.003188,False
1780957249.1560, 0.001462,False
1780957249.1607, 0.009786,False
1780957249.1656, 0.007430,False
1780957249.1703, 0.005488,False
1780957249.1746, 0.003914,False
1780957249.4031, 0.001762,False
1780957249.4080, 0.009630,False
1780957249.4124, 0.007620,False
1780957249.4168, 0.005808,False
1780957249.4211, 0.003445,False
1780957249.4255, 0.001659,False
1780957249.4301, 0.009727,False
1780957249.4344, 0.008008,False
1780957249.4386, 0.006167,False
1780957249.6555, 0.004258,False
1780957249.6605, 0.002249,False
1780957249.6659, 0.000334,False
1780957249.6705, 0.000000,False
1780957249.6772, 0.001265,False
1780957249.6845, 0.004256,False
1780957249.6890, 0.001929,False
1780957249.6934, 0.000240,False
1780957249.9243, 0.008180,False
1780957249.9294, 0.006394,False
1780957249.9343, 0.004628,False
1780957249.9388, 0.003069,False
1780957249.9434, 0.001313,False
1780957249.9488, 0.009466,False
1780957249.9543, 0.007548,False
1780957249.9586, 0.005532,False
1780957250.1767, 0.003899,False
1780957250.1821, 0.001906,False
1780957250.1866, 0.000236,False
1780957250.1911, 0.008319,False
1780957250.1954, 0.006422,False
1780957250.2000, 0.004724,False
1780957250.2048, 0.002697,False
1780957250.2094, 0.000657,False
1780957250.4336, 0.008737,False
1780957250.5380, 0.007335,False
1780957250.5442, 0.005612,False
1780957250.5493, 0.003736,False
1780957250.5545, 0.001894,False
1780957250.5589, 0.010056,False
1780957250.5635, 0.008223,False
1780957250.5680, 0.006505,False
1780957250.6876, 0.004816,False
1780957250.6924, 0.002923,False
1780957250.6977, 0.001015,False
1780957250.7023, 0.009460,False
1780957250.7069, 0.007954,False
1780957250.7114, 0.006101,False
1780957250.7167, 0.004156,False
1780957250.7214, 0.002287,False
1780957250.9580, 0.000400,False
1780957250.9639, 0.008692,False
1780957250.9690, 0.006996,False
1780957250.9736, 0.005040,False
1780957250.9781, 0.003344,False
1780957250.9832, 0.001216,False
1780957250.9883, 0.009808,False
1780957250.9927, 0.007928,False
1780957251.2104, 0.000143,False
1780957251.2197, 0.004405,False
1780957251.2243, 0.002979,False
1780957251.2289, 0.001129,False
1780957251.2341, 0.009209,False
1780957251.2389, 0.006977,False
1780957251.2434, 0.004929,False
1780957251.2477, 0.003499,False
1780957251.4663, 0.000927,False
1780957251.4712, 0.009109,False
1780957251.4758, 0.007471,False
1780957251.4801, 0.000586,False
1780957251.4870, 0.003648,False
1780957251.4918, 0.001933,False
1780957251.4966, 0.010038,False
1780957251.5013, 0.008210,False
1780957251.7218, 0.006283,False
1780957251.7293, 0.004669,False
1780957251.7351, 0.002691,False
1780957251.7401, 0.000736,False
1780957251.7446, 0.008818,False
1780957251.7494, 0.006902,False
1780957251.7540, 0.004963,False
1780957251.7586, 0.002983,False
1780957251.7631, 0.001331,False
1780957251.9890, 0.009350,False
1780957251.9939, 0.007771,False
1780957251.9987, 0.005674,False
1780957252.0032, 0.003951,False
1780957252.0077, 0.002419,False
1780957252.0122, 0.000941,False
1780957252.0174, 0.009074,False
1780957252.0220, 0.007363,False
1780957252.2541, 0.005392,False
1780957252.2588, 0.003274,False
1780957252.2633, 0.001857,False
1780957252.2684, 0.010075,False
1780957252.2732, 0.008432,False
1780957252.2780, 0.006352,False
1780957252.2830, 0.004472,False
1780957252.2874, 0.002679,False
1780957252.5007, 0.000737,False
1780957252.5056, 0.009244,False
1780957252.5103, 0.007700,False
1780957252.5150, 0.005992,False
1780957252.5193, 0.000118,False
1780957252.5260, 0.002299,False
1780957252.5305, 0.010021,False
1780957252.5348, 0.008361,False
1780957252.7567, 0.006491,False
1780957252.7614, 0.004557,False
1780957252.7661, 0.003094,False
1780957252.7706, 0.000917,False
1780957252.7750, 0.009039,False
1780957252.7800, 0.006882,False
1780957252.7850, 0.004939,False
1780957252.7893, 0.002865,False
1780957252.9077, 0.001307,False
1780957252.9130, 0.003912,False
1780957253.0153, 0.007213,False
1780957253.0227, 0.005335,False
1780957253.0281, 0.002968,False
1780957253.0342, 0.000988,False
1780957253.0391, 0.008884,False
1780957253.0458, 0.006769,False
1780957253.2773, 0.004704,False
1780957253.3916, 0.002888,False
1780957253.3969, 0.000782,False
1780957253.4018, 0.008807,False
1780957253.4064, 0.007149,False
1780957253.4109, 0.005155,False
1780957253.4155, 0.002900,False
1780957253.4201, 0.000451,False
1780957253.5186, 0.008760,False
1780957253.5233, 0.006233,False
1780957253.5279, 0.004575,False
1780957253.5324, 0.002475,False
1780957253.5368, 0.000523,False
1780957253.5412, 0.008671,False
1780957253.5458, 0.006549,False
1780957253.5504, 0.004889,False
1780957253.7729, 0.003233,False
1780957253.7776, 0.001331,False
1780957253.7824, 0.009425,False
1780957253.7880, 0.007646,False
1780957253.7927, 0.005897,False
1780957253.7975, 0.003471,False
1780957253.8024, 0.001643,False
1780957253.8068, 0.010005,False
1780957254.0372, 0.008005,False
1780957254.0417, 0.000151,False
1780957254.0492, 0.004500,False
1780957254.0539, 0.002517,False
1780957254.0585, 0.000786,False
1780957254.0632, 0.008497,False
1780957254.0679, 0.006276,False
1780957254.0723, 0.004300,False
1780957254.2926, 0.002000,False
1780957254.2988, 0.010091,False
1780957254.3036, 0.008061,False
1780957254.3083, 0.006101,False
1780957254.3132, 0.004387,False
1780957254.3187, 0.001912,False
1780957254.3234, 0.009768,False
1780957254.3278, 0.007819,False
1780957254.5397, 0.000485,False
1780957254.5471, 0.003680,False
1780957254.5525, 0.001845,False
1780957254.5571, 0.009951,False
1780957254.5620, 0.008158,False
1780957254.5666, 0.006202,False
1780957254.5714, 0.004675,False
1780957254.5759, 0.002694,False
1780957254.7915, 0.000819,False
1780957254.7972, 0.009069,False
1780957254.8035, 0.006712,False
1780957254.8083, 0.004746,False
1780957254.8130, 0.003116,False
1780957254.8180, 0.001301,False
1780957254.8224, 0.009009,False
1780957254.8268, 0.007137,False
1780957254.9401, 0.005272,False
1780957254.9448, 0.003497,False
1780957255.0567, 0.001462,False
1780957255.0617, 0.009482,False
1780957255.0666, 0.007639,False
1780957255.0713, 0.005814,False
1780957255.0760, 0.004305,False
1780957255.0811, 0.002365,False
1780957255.3074, 0.000673,False
1780957255.3123, 0.008399,False
1780957255.3173, 0.006559,False
1780957255.3221, 0.004825,False
1780957255.3265, 0.002933,False
1780957255.3317, 0.001071,False
1780957255.4182, 0.000075,False
1780957255.4253, 0.006806,False
1780957255.5687, 0.005238,False
1780957255.5751, 0.003010,False
1780957255.5801, 0.001088,False
1780957255.5847, 0.009209,False
1780957255.5894, 0.007179,False
1780957255.5948, 0.004955,False
1780957255.6016, 0.003108,False
1780957255.6059, 0.001187,False
1780957255.8266, 0.009481,False
1780957255.8336, 0.007514,False
1780957255.8381, 0.005995,False
1780957255.8426, 0.005152,False
1780957255.8479, 0.002273,False
1780957255.8526, 0.000743,False
1780957255.8574, 0.008596,False
1780957255.8618, 0.001351,False
1780957256.0878, 0.004462,False
1780957256.0926, 0.002584,False
1780957256.0976, 0.000447,False
1780957256.1024, 0.008113,False
1780957256.1069, 0.006286,False
1780957256.1117, 0.004158,False
1780957256.1167, 0.002624,False
1780957256.1212, 0.000320,False
1780957256.3399, 0.008781,False
1780957256.4382, 0.006805,False
1780957256.4437, 0.004399,False
1780957256.4486, 0.002287,False
1780957256.4534, 0.010155,False
1780957256.4579, 0.008385,False
1780957256.4623, 0.006179,False
1780957256.4669, 0.004152,False
1780957256.5852, 0.002098,False
1780957256.5916, 0.009461,False
1780957256.5960, 0.007624,False
1780957256.6006, 0.005439,False
1780957256.6051, 0.003296,False
1780957256.6112, 0.001552,False
1780957256.6161, 0.009536,False
1780957256.6204, 0.007598,False
1780957256.8437, 0.005648,False
1780957256.8484, 0.003627,False
1780957256.8535, 0.001539,False
1780957256.8584, 0.000118,False
1780957256.8660, 0.007753,False
1780957256.8704, 0.005788,False
1780957256.9557, 0.003966,False
1780957256.9605, 0.002030,False
1780957257.0870, 0.009951,False
1780957257.0916, 0.008033,False
1780957257.0961, 0.006303,False
1780957257.1009, 0.004192,False
1780957257.1055, 0.002468,False
1780957257.1101, 0.000458,False
1780957257.1152, 0.003847,False
1780957257.1221, 0.006864,False
1780957257.3574, 0.004637,False
1780957257.3627, 0.002889,False
1780957257.3693, 0.000912,False
1780957257.3740, 0.009293,False
1780957257.3786, 0.007445,False
1780957257.3835, 0.005539,False
1780957257.3884, 0.003745,False
1780957257.3928, 0.001689,False
1780957257.6136, 0.009553,False
1780957257.6186, 0.007895,False
1780957257.6246, 0.006415,False
1780957257.6303, 0.004107,False
1780957257.6355, 0.002269,False
1780957257.6409, 0.010038,False
1780957257.6461, 0.008013,False
1780957257.6504, 0.006076,False
1780957257.8788, 0.004327,False
1780957257.8838, 0.002325,False
1780957257.8888, 0.000548,False
1780957257.8936, 0.008746,False
1780957257.8994, 0.006799,False
1780957257.9045, 0.004496,False
1780957257.9091, 0.002503,False
1780957257.9139, 0.000301,False
1780957258.1336, 0.008573,False
1780957258.1383, 0.006692,False
1780957258.1432, 0.004786,False
1780957258.1484, 0.003113,False
1780957258.1531, 0.001318,False
1780957258.1576, 0.009445,False
1780957258.1627, 0.007906,False
1780957258.1681, 0.005887,False
1780957258.3886, 0.000108,False
1780957258.3959, 0.002001,False
1780957258.4010, 0.000298,False
1780957258.4056, 0.007709,False
1780957258.4101, 0.006183,False
1780957258.4156, 0.004410,False
1780957258.4203, 0.002127,False
1780957258.4250, 0.000315,False
1780957258.6428, 0.008079,False
1780957258.6477, 0.006132,False
1780957258.6525, 0.004229,False
1780957258.6570, 0.002032,False
1780957258.6618, 0.010039,False
1780957258.7452, 0.003343,False
1780957258.7521, 0.006548,False
1780957258.7568, 0.004123,False
1780957258.8650, 0.002314,False
1780957258.8734, 0.000436,False
1780957258.8801, 0.008296,False
1780957258.8849, 0.005908,False
1780957258.8897, 0.004180,False
1780957258.8941, 0.002211,False
1780957258.8985, 0.000415,False
1780957258.9032, 0.008544,False
1780957258.9085, 0.006520,False
1780957258.9140, 0.004496,False
1780957258.9185, 0.003096,False
1780957442.4499, 0.007176,False
1780957442.4551, 0.005471,False
1780957442.4598, 0.003306,False
1780957442.4648, 0.001693,False
1780957442.4696, 0.009777,False
1780957442.4741, 0.007410,False
1780957442.4790, 0.006194,False
1780957442.4845, 0.004311,False
1780957442.4896, 0.002551,False
1780957442.4947, 0.000696,False
1780957442.4996, 0.008559,False
1780957442.5041, 0.006828,False
1780957442.5355, 0.000146,False
1780957442.5423, 0.002650,False
1780957442.5467, 0.001015,False
1780957442.7909, 0.009121,False
1780957442.7979, 0.007045,False
1780957442.8030, 0.005282,False
1780957442.8076, 0.003734,False
1780957442.8121, 0.001462,False
1780957442.8167, 0.009433,False
1780957442.8217, 0.007697,False
1780957442.8261, 0.005709,False
1780957442.8302, 0.003752,False
1780957443.0470, 0.001412,False
1780957443.0527, 0.009615,False
1780957443.0582, 0.007489,False
1780957443.0626, 0.005515,False
1780957443.0670, 0.003721,False
1780957443.0716, 0.001299,False
1780957443.0764, 0.009314,False
1780957443.0810, 0.007700,False
1780957443.3070, 0.001932,False
1780957443.3139, 0.004065,False
1780957443.3186, 0.001776,False
1780957443.3232, 0.009919,False
1780957443.3276, 0.008171,False
1780957443.3322, 0.006229,False
1780957443.3370, 0.004338,False
1780957443.3414, 0.002751,False
1780957443.5737, 0.000807,False
1780957443.5783, 0.009004,False
1780957443.5836, 0.007187,False
1780957443.5890, 0.004840,False
1780957443.5943, 0.002893,False
1780957443.5989, 0.000885,False
1780957443.6052, 0.009320,False
1780957443.6097, 0.007624,False
1780957443.8272, 0.005400,False
1780957443.8318, 0.003645,False
1780957443.8372, 0.001514,False
1780957443.8421, 0.008967,False
1780957443.8466, 0.007519,False
1780957443.8518, 0.005048,False
1780957443.8566, 0.002614,False
1780957443.8609, 0.000777,False
1780957444.0747, 0.008512,False
1780957444.0789, 0.000080,False
1780957444.0857, 0.005004,False
1780957444.0903, 0.003092,False
1780957444.0948, 0.001198,False
1780957444.0997, 0.009597,False
1780957444.1044, 0.007835,False
1780957444.1087, 0.005842,False
1780957444.4408, 0.004170,False
1780957444.4454, 0.001646,False
1780957444.4499, 0.010003,False
1780957444.4542, 0.008033,False
1780957444.4585, 0.005979,False
1780957444.4631, 0.004126,False
1780957444.4681, 0.002114,False
1780957444.4729, 0.005849,False
1780957444.5942, 0.008068,False
1780957444.5988, 0.006470,False
1780957444.6036, 0.004858,False
1780957444.6083, 0.002521,False
1780957444.6130, 0.000217,False
1780957444.6181, 0.008362,False
1780957444.6224, 0.006185,False
1780957444.6268, 0.000142,False
1780957444.8596, 0.002392,False
1780957444.8644, 0.000727,False
1780957444.8692, 0.009019,False
1780957444.8735, 0.006730,False
1780957444.9661, 0.004792,False
1780957444.9728, 0.002512,False
1780957444.9778, 0.001001,False
1780957444.9824, 0.009282,False
1780957445.1217, 0.007432,False
1780957445.1268, 0.005087,False
1780957445.1311, 0.002807,False
1780957445.1359, 0.001024,False
1780957445.1404, 0.008741,False
1780957445.1447, 0.007213,False
1780957445.1488, 0.005060,False
1780957445.1534, 0.002995,False
1780957445.3922, 0.000970,False
1780957445.3967, 0.009083,False
1780957445.4014, 0.007357,False
1780957445.4058, 0.005614,False
1780957445.4102, 0.003862,False
1780957445.4145, 0.001699,False
1780957445.4187, 0.000110,False
1780957445.4253, 0.008246,False
1780957445.4295, 0.006709,False
1780957445.6443, 0.004661,False
1780957445.6493, 0.002764,False
1780957445.6543, 0.000587,False
1780957445.6587, 0.008987,False
1780957445.6630, 0.006745,False
1780957445.6673, 0.004619,False
1780957445.6719, 0.002479,False
1780957445.6766, 0.000209,False
1780957445.9057, 0.008285,False
1780957445.9108, 0.006414,False
1780957445.9166, 0.004673,False
1780957445.9222, 0.002653,False
1780957445.9267, 0.000855,False
1780957445.9309, 0.004416,False
1780957445.9373, 0.006900,False
1780957445.9417, 0.005100,False
1780957446.1571, 0.003402,False
1780957446.1616, 0.001540,False
1780957446.1660, 0.009658,False
1780957446.1703, 0.007393,False
1780957446.1747, 0.005550,False
1780957446.1800, 0.003534,False
1780957446.1846, 0.001740,False
1780957446.1891, 0.009910,False
1780957446.4124, 0.008475,False
1780957446.4171, 0.006607,False
1780957446.4221, 0.004657,False
1780957446.4269, 0.002771,False
1780957446.4320, 0.000926,False
1780957446.4374, 0.009039,False
1780957446.4426, 0.007287,False
1780957446.4472, 0.005498,False
1780957446.6762, 0.003212,False
1780957446.6808, 0.001447,False
1780957446.6856, 0.009342,False
1780957446.6900, 0.006972,False
1780957446.6945, 0.005067,False
1780957446.6994, 0.003259,False
1780957446.7040, 0.001434,False
1780957446.7082, 0.009983,False
1780957446.9283, 0.008396,False
1780957446.9335, 0.006423,False
1780957446.9387, 0.000129,False
1780957446.9453, 0.002018,False
1780957446.9506, 0.000237,False
1780957446.9557, 0.007897,False
1780957446.9601, 0.005927,False
1780957446.9646, 0.004043,False
1780957447.1852, 0.002150,False
1780957447.1905, 0.010099,False
1780957447.1962, 0.008048,False
1780957447.2012, 0.006250,False
1780957447.2057, 0.004460,False
1780957447.2107, 0.002396,False
1780957447.2151, 0.000699,False
1780957447.2195, 0.008823,False
1780957447.4475, 0.007001,False
1780957447.4533, 0.005162,False
1780957447.4584, 0.002956,False
1780957447.4634, 0.001102,False
1780957447.4682, 0.005224,False
1780957447.4749, 0.007415,False
1780957447.4792, 0.005672,False
1780957447.4837, 0.003660,False
1780957447.7061, 0.001878,False
1780957447.7108, 0.010026,False
1780957447.7152, 0.008460,False
1780957447.7197, 0.006541,False
1780957447.7237, 0.000569,False
1780957447.8248, 0.002687,False
1780957447.8303, 0.000555,False
1780957447.8360, 0.008533,False
1780957447.9602, 0.006513,False
1780957447.9647, 0.004649,False
1780957447.9700, 0.002730,False
1780957447.9748, 0.000890,False
1780957447.9794, 0.009335,False
1780957447.9846, 0.007178,False
1780957447.9896, 0.005446,False
1780957447.9940, 0.003435,False
1780957448.2022, 0.001543,False
1780957448.2074, 0.009947,False
1780957448.2128, 0.008198,False
1780957448.2179, 0.006009,False
1780957448.2227, 0.004135,False
1780957448.2282, 0.002256,False
1780957448.2350, 0.000519,False
1780957448.2392, 0.000071,False
1780957448.4594, 0.006914,False
1780957448.4642, 0.005469,False
1780957448.4687, 0.003490,False
1780957448.5718, 0.001131,False
1780957448.5766, 0.009624,False
1780957448.5814, 0.007671,False
1780957448.5870, 0.005870,False
1780957448.5914, 0.004117,False
1780957448.7251, 0.002372,False
1780957448.7299, 0.000477,False
1780957448.7353, 0.008593,False
1780957448.7399, 0.006608,False
1780957448.7443, 0.004687,False
1780957448.7489, 0.003108,False
1780957448.7535, 0.001264,False
1780957448.7577, 0.009308,False
1780957448.8585, 0.007108,False
1780957448.8632, 0.004758,False
1780957448.8686, 0.003075,False
1780957448.9831, 0.000995,False
1780957448.9914, 0.009323,False
1780957448.9999, 0.006973,False
1780957449.0057, 0.005333,False
1780957449.0128, 0.003458,False
1780957449.2366, 0.001477,False
1780957449.2419, 0.009669,False
1780957449.2475, 0.007414,False
1780957449.2523, 0.001783,False
1780957449.2601, 0.004194,False
1780957449.2653, 0.001715,False
1780957449.2703, 0.009927,False
1780957449.2751, 0.008020,False
1780957449.3917, 0.006300,False
1780957449.3971, 0.003799,False
1780957449.4021, 0.002219,False
1780957449.4071, 0.010024,False
1780957449.4128, 0.007872,False
1780957449.4187, 0.005846,False
1780957449.4230, 0.004061,False
1780957449.5000, 0.001809,False
1780957449.7552, 0.010044,False
1780957449.7599, 0.008203,False
1780957449.7649, 0.006296,False
1780957449.7695, 0.004472,False
1780957449.7738, 0.000139,False
1780957449.7804, 0.000459,False
1780957449.7856, 0.008598,False
1780957449.7900, 0.006349,False
1780957450.0046, 0.004877,False
1780957450.1151, 0.002445,False
1780957450.1196, 0.000566,False
1780957450.1246, 0.008901,False
1780957450.1292, 0.007253,False
1780957450.1338, 0.005504,False
1780957450.1383, 0.003527,False
1780957450.1426, 0.001693,False
1780957450.2685, 0.009803,False
1780957450.2743, 0.008167,False
1780957450.2792, 0.006238,False
1780957450.2837, 0.004416,False
1780957450.2880, 0.002536,False
1780957450.2924, 0.010091,False
1780957450.2968, 0.008374,False
1780957450.3011, 0.006484,False
1780957450.3053, 0.004993,False
1780957450.5145, 0.002999,False
1780957450.5198, 0.001118,False
1780957450.5251, 0.009335,False
1780957450.5312, 0.007709,False
1780957450.5370, 0.005671,False
1780957450.5420, 0.003827,False
1780957450.5472, 0.001946,False
1780957450.5525, 0.000221,False
1780957450.6721, 0.008328,False
1780957450.6765, 0.002022,False
1780957450.7913, 0.004185,False
1780957450.7960, 0.002177,False
1780957450.8010, 0.000255,False
1780957450.8054, 0.008403,False
1780957450.8099, 0.006090,False
1780957450.8143, 0.004202,False
1780957451.0392, 0.002257,False
1780957451.0444, 0.009926,False
1780957451.0504, 0.008391,False
1780957451.0561, 0.006641,False
1780957451.0606, 0.004467,False
1780957451.0652, 0.002551,False
1780957451.0699, 0.000630,False
1780957451.0744, 0.008716,False
1780957451.2903, 0.000068,False
1780957451.2973, 0.004887,False
1780957451.3016, 0.003290,False
1780957451.3060, 0.001314,False
1780957451.3103, 0.009458,False
1780957451.3147, 0.007852,False
1780957451.3190, 0.005849,False
1780957451.3234, 0.003844,False
1780957451.5350, 0.001877,False
1780957451.5405, 0.000224,False
1780957451.5464, 0.008326,False
1780957451.6364, 0.005826,False
1780957451.6411, 0.003982,False
1780957451.6457, 0.002312,False
1780957451.6505, 0.000236,False
1780957451.8054, 0.008459,False
1780957451.8114, 0.006666,False
1780957451.8166, 0.005340,False
1780957451.8211, 0.002994,False
1780957451.8255, 0.001165,False
1780957451.8301, 0.009283,False
1780957451.8344, 0.006944,False
1780957451.8388, 0.005396,False
1780957451.8430, 0.003417,False
1780957452.0576, 0.001547,False
1780957452.0622, 0.009760,False
1780957452.0670, 0.007501,False
1780957452.0719, 0.005690,False
1780957452.0764, 0.003622,False
1780957452.0811, 0.001922,False
1780957452.0860, 0.009883,False
1780957452.3144, 0.008323,False
1780957452.3187, 0.002502,False
1780957452.3260, 0.004268,False
1780957452.3309, 0.002561,False
1780957452.3356, 0.000470,False
1780957452.3402, 0.008876,False
1780957452.3448, 0.007041,False
1780957452.3492, 0.005292,False
1780957452.3534, 0.003799,False
1780957452.5673, 0.001878,False
1780957452.5720, 0.010028,False
1780957452.5765, 0.008231,False
1780957452.5810, 0.006855,False
1780957452.5856, 0.004622,False
1780957452.5898, 0.000145,False
1780957452.5962, 0.000636,False
1780957452.6008, 0.008660,False
1780957452.8398, 0.007142,False
1780957452.8443, 0.005104,False
1780957452.8489, 0.003869,False
1780957452.8536, 0.001924,False
1780957452.8580, 0.009695,False
1780957452.8624, 0.007311,False
1780957452.8693, 0.005458,False
1780957452.8736, 0.003246,False
1780957453.0906, 0.001231,False
1780957453.0966, 0.009057,False
1780957453.1027, 0.007198,False
1780957453.1073, 0.005442,False
1780957453.1119, 0.003529,False
1780957453.1165, 0.001747,False
1780957453.1208, 0.009907,False
1780957453.1251, 0.008267,False
1780957453.3487, 0.006265,False
1780957453.3533, 0.004119,False
1780957453.3584, 0.002672,False
1780957453.3636, 0.000551,False
1780957453.3687, 0.008666,False
1780957453.3738, 0.006907,False
1780957453.3790, 0.004550,False
1780957453.3840, 0.002334,False
1780957453.6056, 0.000194,False
1780957453.6112, 0.008322,False
1780957453.6172, 0.006326,False
1780957453.6228, 0.004737,False
1780957453.6280, 0.002862,False
1780957453.6335, 0.000883,False
1780957453.6378, 0.009293,False
1780957453.6422, 0.002986,False
1780957453.8744, 0.004818,False
1780957453.8790, 0.003016,False
1780957453.8844, 0.001158,False
1780957453.8889, 0.009314,False
1780957453.8934, 0.006924,False
1780957453.8980, 0.005285,False
1780957453.9023, 0.003207,False
1780957453.9066, 0.000857,False
1780957454.1362, 0.008635,False
1780957454.1438, 0.006238,False
1780957454.1500, 0.000111,False
1780957454.1576, 0.002535,False
1780957454.1620, 0.000458,False
1780957454.1672, 0.008088,False
1780957454.1717, 0.006203,False
1780957454.1760, 0.004413,False
1780957454.1806, 0.002439,False
1780957454.3988, 0.000602,False
1780957454.4035, 0.008644,False
1780957454.4080, 0.007024,False
1780957454.4124, 0.004662,False
1780957454.4171, 0.002735,False
1780957454.4216, 0.000199,False
1780957454.4264, 0.008884,False
1780957454.4308, 0.006912,False
1780957454.6553, 0.004662,False
1780957454.6600, 0.002791,False
1780957454.6657, 0.001086,False
1780957454.6702, 0.009199,False
1780957454.6747, 0.007310,False
1780957454.6793, 0.005711,False
1780957454.6839, 0.004181,False
1780957454.6882, 0.002269,False
1780957454.9212, 0.000417,False
1780957454.9259, 0.008723,False
1780957454.9306, 0.006923,False
1780957454.9350, 0.004579,False
1780957454.9393, 0.002779,False
1780957454.9437, 0.000763,False
1780957454.9487, 0.009121,False
1780957454.9535, 0.007177,False
1780957455.1590, 0.005094,False
1780957455.1640, 0.003731,False
1780957455.1687, 0.001888,False
1780957455.1730, 0.010037,False
1780957455.1773, 0.008167,False
1780957455.1818, 0.002329,False
1780957455.1886, 0.004509,False
1780957455.1928, 0.002424,False
1780957455.4315, 0.000605,False
1780957455.4364, 0.008733,False
1780957455.4410, 0.006507,False
1780957455.4454, 0.004515,False
1780957455.4497, 0.002532,False
1780957455.4540, 0.000788,False
1780957455.4595, 0.000069,False
1780957455.4675, 0.007213,False
1780957455.6861, 0.005215,False
1780957455.6910, 0.003017,False
1780957455.6957, 0.001453,False
1780957455.7011, 0.009435,False
1780957455.7055, 0.007637,False
1780957455.7100, 0.005770,False
1780957455.7153, 0.004001,False
1780957455.7200, 0.002296,False
1780957455.7244, 0.000324,False
1780957455.9525, 0.008613,False
1780957455.9570, 0.006572,False
1780957455.9615, 0.004764,False
1780957455.9664, 0.003201,False
1780957455.9708, 0.001195,False
1780957455.9751, 0.009165,False
1780957455.9800, 0.007101,False
1780957455.9857, 0.005261,False
1780957456.2087, 0.002956,False
1780957456.2139, 0.001032,False
1780957456.2187, 0.009195,False
1780957456.2232, 0.007009,False
1780957456.2277, 0.005150,False
1780957456.2326, 0.003325,False
1780957456.2372, 0.001517,False
1780957456.4636, 0.009478,False
1780957456.4685, 0.007474,False
1780957456.4730, 0.005669,False
1780957456.4774, 0.003885,False
1780957456.4818, 0.001798,False
1780957456.4865, 0.010131,False
1780957456.4912, 0.008249,False
1780957456.4955, 0.006338,False
1780957456.4999, 0.004545,False
1780957456.7193, 0.002235,False
1780957456.7237, 0.000350,False
1780957456.7281, 0.008721,False
1780957456.7326, 0.002604,False
1780957456.7390, 0.004516,False
1780957456.7434, 0.002771,False
1780957456.7483, 0.000958,False
1780957456.7527, 0.009107,False
1780957456.9891, 0.007369,False
1780957456.9936, 0.005154,False
1780957456.9982, 0.000066,False
1780957457.0049, 0.001149,False
1780957457.0092, 0.009395,False
1780957457.0146, 0.007533,False
1780957457.0199, 0.005386,False
1780957457.0243, 0.003619,False
1780957457.2422, 0.001374,False
1780957457.2476, 0.009552,False
1780957457.2521, 0.007675,False
1780957457.2564, 0.005778,False
1780957457.2606, 0.003845,False
1780957457.2652, 0.002089,False
1780957457.2699, 0.000251,False
1780957457.2743, 0.008418,False
1780957457.4997, 0.006666,False
1780957457.5047, 0.004277,False
1780957457.5092, 0.002300,False
1780957457.5135, 0.000688,False
1780957457.5185, 0.008356,False
1780957457.5237, 0.006696,False
1780957457.5285, 0.004862,False
1780957457.5330, 0.002928,False
1780957457.7472, 0.001025,False
1780957457.7516, 0.009131,False
1780957457.7559, 0.007287,False
1780957457.7606, 0.005603,False
1780957457.7652, 0.003650,False
1780957457.7697, 0.002018,False
1780957457.7740, 0.009989,False
1780957457.7787, 0.008502,False
1780957458.0200, 0.006294,False
1780957458.0245, 0.004762,False
1780957458.0291, 0.002596,False
1780957458.0336, 0.001065,False
1780957458.0380, 0.009228,False
1780957458.0424, 0.007004,False
1780957458.0484, 0.005110,False
1780957458.0539, 0.003203,False
1780957458.0583, 0.000781,False
1780957458.2725, 0.009113,False
1780957458.2768, 0.003514,False
1780957458.2850, 0.005615,False
1780957458.2896, 0.003806,False
1780957458.2940, 0.001923,False
1780957458.2992, 0.009992,False
1780957458.3034, 0.000133,False
1780957458.5313, 0.006510,False
1780957458.5361, 0.004578,False
1780957458.5408, 0.002869,False
1780957458.5453, 0.000297,False
1780957458.5496, 0.008672,False
1780957458.5540, 0.006845,False
1780957458.5599, 0.005342,False
1780957458.5666, 0.003576,False
1780957458.5713, 0.001862,False
1780957458.7893, 0.010036,False
1780957458.7942, 0.008275,False
1780957458.7994, 0.006016,False
1780957458.8039, 0.003875,False
1780957458.8084, 0.002195,False
1780957458.8136, 0.000375,False
1780957458.8186, 0.008390,False
1780957458.8230, 0.006482,False
1780957459.0550, 0.004869,False
1780957459.0602, 0.002705,False
1780957459.0648, 0.000785,False
1780957459.0695, 0.008946,False
1780957459.0738, 0.006989,False
1780957459.0782, 0.004829,False
1780957459.0830, 0.002374,False
1780957459.0875, 0.000676,False
1780957459.3066, 0.008857,False
1780957459.3116, 0.007073,False
1780957459.3164, 0.005345,False
1780957459.3209, 0.002972,False
1780957459.3255, 0.001075,False
1780957459.3307, 0.009398,False
1780957459.3359, 0.007578,False
1780957459.3406, 0.005804,False
1780957459.4553, 0.003250,False
1780957459.4602, 0.001422,False
1780957459.4652, 0.009571,False
1780957459.4710, 0.007459,False
1780957459.5617, 0.005478,False
1780957459.5665, 0.003643,False
1780957459.5713, 0.001671,False
1780957459.5758, 0.009897,False
1780957459.8198, 0.004311,False
1780957459.8265, 0.005938,False
1780957459.8314, 0.003986,False
1780957459.8356, 0.000140,False
1780957459.8423, 0.000415,False
1780957459.8474, 0.008591,False
1780957459.8521, 0.006804,False
1780957459.8568, 0.005011,False
1780957460.0832, 0.003175,False
1780957460.0879, 0.001311,False
1780957460.0924, 0.009567,False
1780957460.0975, 0.007619,False
1780957460.1022, 0.005869,False
1780957460.1065, 0.003730,False
1780957460.1111, 0.001322,False
1780957460.1160, 0.009554,False
1780957460.3383, 0.007670,False
1780957460.3435, 0.005900,False
1780957460.3492, 0.004530,False
1780957460.3538, 0.002228,False
1780957460.3581, 0.000253,False
1780957460.3627, 0.008319,False
1780957460.3676, 0.006850,False
1780957460.3721, 0.004906,False
1780957460.5811, 0.003003,False
1780957460.5858, 0.000860,False
1780957460.5903, 0.009018,False
1780957460.5948, 0.007177,False
1780957460.5991, 0.005205,False
1780957460.6033, 0.003548,False
1780957460.6077, 0.001638,False
1780957460.6119, 0.009890,False
1780957460.8367, 0.007553,False
1780957460.9549, 0.005684,False
1780957460.9597, 0.003538,False
1780957460.9666, 0.001883,False
1780957460.9713, 0.009896,False
1780957460.9756, 0.008064,False
1780957460.9811, 0.006442,False
1780957460.9856, 0.004538,False
1780957461.0863, 0.002749,False
1780957461.0920, 0.000518,False
1780957461.0975, 0.008753,False
1780957461.1020, 0.006896,False
1780957461.1064, 0.004995,False
1780957461.1112, 0.003322,False
1780957461.1161, 0.001314,False
1780957461.1205, 0.005461,False
1780957461.3544, 0.000182,False
1780957461.3617, 0.005597,False
1780957461.3667, 0.003729,False
1780957461.3712, 0.001646,False
1780957461.3757, 0.010126,False
1780957461.3808, 0.008253,False
1780957461.3853, 0.006424,False
1780957461.3897, 0.003934,False
1780957461.5974, 0.002247,False
1780957461.6020, 0.000585,False
1780957461.6064, 0.008846,False
1780957461.6110, 0.007391,False
1780957461.7126, 0.005548,False
1780957461.7191, 0.003352,False
1780957461.7239, 0.001336,False
1780957461.7284, 0.009634,False
1780957461.8561, 0.007888,False
1780957461.8606, 0.005867,False
1780957461.8658, 0.003526,False
1780957461.8707, 0.001859,False
1780957461.8753, 0.009852,False
1780957461.8811, 0.008277,False
1780957461.8857, 0.006329,False
1780957461.8905, 0.004175,False
1780957462.1149, 0.002149,False
1780957462.1194, 0.009857,False
1780957462.2231, 0.007743,False
1780957462.2283, 0.005885,False
1780957462.2328, 0.004304,False
1780957462.2373, 0.002543,False
1780957462.2417, 0.000212,False
1780957462.2464, 0.008356,False
1780957462.3573, 0.006781,False
1780957462.3628, 0.004927,False
1780957462.3679, 0.003026,False
1780957462.3724, 0.001125,False
1780957462.3769, 0.009223,False
1780957462.3821, 0.007334,False
1780957462.3865, 0.005231,False
1780957462.3910, 0.003381,False
1780957462.6323, 0.001163,False
1780957462.6376, 0.008712,False
1780957462.6434, 0.006792,False
1780957462.6494, 0.004920,False
1780957462.6546, 0.002950,False
1780957462.6598, 0.000076,False
1780957462.6661, 0.005187,False
1780957462.6727, 0.007843,False
1780957462.8785, 0.005620,False
1780957462.8832, 0.003645,False
1780957462.8878, 0.001931,False
1780957462.8922, 0.000191,False
1780957462.8969, 0.007692,False
1780957462.9012, 0.005915,False
1780957462.9054, 0.003529,False
1780957462.9096, 0.001574,False
1780957463.1494, 0.009291,False
1780957463.1540, 0.007421,False
1780957463.1583, 0.005651,False
1780957463.2525, 0.003663,False
1780957463.2573, 0.001565,False
1780957463.2623, 0.009890,False
1780957463.2666, 0.007745,False
1780957463.2709, 0.005610,False
1780957463.4048, 0.003947,False
1780957463.4103, 0.001584,False
1780957463.4159, 0.009764,False
1780957463.4219, 0.007377,False
1780957463.4263, 0.005634,False
1780957463.4319, 0.003631,False
1780957463.4365, 0.001982,False
1780957463.4406, 0.000245,False
1780957463.6443, 0.008308,False
1780957463.6490, 0.006110,False
1780957463.6535, 0.004345,False
1780957463.6583, 0.002448,False
1780957463.6630, 0.001013,False
1780957463.6675, 0.008626,False
1780957463.6722, 0.006847,False
1780957463.6768, 0.004976,False
1780957463.9094, 0.003246,False
1780957463.9142, 0.000812,False
1780957463.9198, 0.009276,False
1780957463.9245, 0.006858,False
1780957463.9295, 0.004820,False
1780957463.9343, 0.003170,False
1780957463.9389, 0.001247,False
1780957463.9433, 0.009476,False
1780957464.1676, 0.007793,False
1780957464.1722, 0.005884,False
1780957464.1763, 0.000070,False
1780957464.1844, 0.001729,False
1780957464.1889, 0.009530,False
1780957464.1933, 0.003794,False
1780957464.2004, 0.005420,False
1780957464.2048, 0.003656,False
1780957464.4228, 0.001714,False
1780957464.4279, 0.009810,False
1780957464.4324, 0.007488,False
1780957464.4370, 0.005676,False
1780957464.4415, 0.004382,False
1780957464.4460, 0.002489,False
1780957464.4508, 0.010126,False
1780957464.4550, 0.008226,False
1780957464.6787, 0.006129,False
1780957464.6834, 0.003809,False
1780957464.6886, 0.002088,False
1780957464.6940, 0.009931,False
1780957464.6985, 0.007999,False
1780957464.7031, 0.005976,False
1780957464.7075, 0.004300,False
1780957464.7120, 0.002485,False
1780957464.9415, 0.000332,False
1780957464.9468, 0.008569,False
1780957464.9514, 0.006840,False
1780957464.9559, 0.005029,False
1780957464.9608, 0.003016,False
1780957464.9653, 0.000857,False
1780957464.9698, 0.009004,False
1780957464.9741, 0.006788,False
1780957465.1944, 0.005446,False
1780957465.1989, 0.003300,False
1780957465.2033, 0.001794,False
1780957465.2078, 0.009997,False
1780957465.2125, 0.007961,False
1780957465.2170, 0.006404,False
1780957465.2216, 0.003919,False
1780957465.2262, 0.002001,False
1780957465.4661, 0.009781,False
1780957465.4750, 0.007700,False
1780957465.4804, 0.005852,False
1780957465.4853, 0.004065,False
1780957465.4897, 0.002171,False
1780957465.4942, 0.010045,False
1780957465.4988, 0.008286,False
1780957465.5028, 0.000145,False
1780957465.5092, 0.004359,False
1780957465.7302, 0.002485,False
1780957465.7357, 0.010100,False
1780957465.7409, 0.008310,False
1780957465.7451, 0.001813,False
1780957465.7530, 0.004311,False
1780957465.7584, 0.001836,False
1780957465.7631, 0.009944,False
1780957465.7675, 0.008224,False
1780957465.9925, 0.006507,False
1780957465.9977, 0.004687,False
1780957466.0024, 0.002530,False
1780957466.0068, 0.000935,False
1780957466.0118, 0.009044,False
1780957466.1071, 0.007306,False
1780957466.1129, 0.005746,False
1780957466.1172, 0.003832,False
1780957466.2473, 0.002044,False
1780957466.2531, 0.010014,False
1780957466.2576, 0.008223,False
1780957466.2627, 0.006438,False
1780957466.2674, 0.004697,False
1780957466.2720, 0.002641,False
1780957466.2773, 0.001005,False
1780957466.2817, 0.008940,False
1780957466.5039, 0.007276,False
1780957466.5085, 0.005221,False
1780957466.5147, 0.002995,False
1780957466.5192, 0.001298,False
1780957466.5235, 0.009326,False
1780957466.5283, 0.007303,False
1780957466.5328, 0.005413,False
1780957466.5371, 0.003473,False
1780957466.6408, 0.001063,False
1780957466.6461, 0.009098,False
1780957466.6506, 0.007065,False
1780957466.6550, 0.005249,False
1780957466.6596, 0.003329,False
1780957466.6639, 0.001510,False
1780957466.6684, 0.010005,False
1780957466.7409, 0.008282,False
1780957467.0111, 0.006710,False
1780957467.0165, 0.004932,False
1780957467.0217, 0.002556,False
1780957467.0269, 0.000135,False
1780957467.0340, 0.008866,False
1780957467.0386, 0.006764,False
1780957467.0436, 0.005022,False
1780957467.0482, 0.002798,False
1780957467.2637, 0.000584,False
1780957467.2683, 0.008601,False
1780957467.2724, 0.002658,False
1780957467.2797, 0.004682,False
1780957467.2843, 0.002976,False
1780957467.2887, 0.001070,False
1780957467.2939, 0.009333,False
1780957467.2984, 0.006983,False
1780957467.5384, 0.005308,False
1780957467.5438, 0.003687,False
1780957467.5489, 0.001940,False
1780957467.5535, 0.009949,False
1780957467.5581, 0.008347,False
1780957467.5632, 0.006417,False
1780957467.5678, 0.004909,False
1780957467.5724, 0.002812,False
1780957467.5772, 0.000778,False
1780957467.7954, 0.008697,False
1780957467.8004, 0.006633,False
1780957467.8048, 0.004966,False
1780957467.8093, 0.003092,False
1780957467.8136, 0.000941,False
1780957467.8186, 0.009121,False
1780957467.8232, 0.006650,False
1780957467.8276, 0.004838,False
1780957468.0445, 0.003632,False
1780957468.0493, 0.001232,False
1780957468.0542, 0.009435,False
1780957468.0595, 0.007605,False
1780957468.0643, 0.005607,False
1780957468.0692, 0.003481,False
1780957468.0737, 0.001693,False
1780957468.0785, 0.009748,False
1780957468.3000, 0.007641,False
1780957468.3048, 0.005549,False
1780957468.3096, 0.003449,False
1780957468.3142, 0.001507,False
1780957468.3187, 0.009392,False
1780957468.3234, 0.007251,False
1780957468.3276, 0.005566,False
1780957468.3998, 0.000066,False
1780957468.5699, 0.001634,False
1780957468.5746, 0.010055,False
1780957468.5817, 0.008242,False
1780957468.5862, 0.005978,False
1780957468.5907, 0.004083,False
1780957468.5961, 0.002268,False
1780957468.6004, 0.009930,False
1780957468.6050, 0.008237,False
1780957468.8273, 0.002342,False
1780957468.8342, 0.005156,False
1780957468.8388, 0.002993,False
1780957468.8431, 0.001167,False
1780957468.8477, 0.009218,False
1780957468.8523, 0.007293,False
1780957468.8567, 0.005743,False
1780957468.8610, 0.003967,False
1780957469.0836, 0.002496,False
1780957469.0893, 0.000726,False
1780957469.0959, 0.009001,False
1780957469.1016, 0.007023,False
1780957469.1070, 0.005582,False
1780957469.1124, 0.003719,False
1780957469.1169, 0.002436,False
1780957469.1213, 0.001022,False
1780957469.3324, 0.009485,False
1780957469.3370, 0.007879,False
1780957469.3415, 0.005891,False
1780957469.3464, 0.004145,False
1780957469.3509, 0.002774,False
1780957469.3556, 0.000592,False
1780957469.3609, 0.009181,False
1780957469.3654, 0.007701,False
1780957469.5856, 0.005418,False
1780957469.5908, 0.003629,False
1780957469.5959, 0.002112,False
1780957469.6007, 0.010184,False
1780957469.6051, 0.008924,False
1780957469.6111, 0.007440,False
1780957469.6162, 0.006078,False
1780957469.6205, 0.004451,False
1780957469.8433, 0.002255,False
1780957469.8480, 0.000548,False
1780957469.8526, 0.009114,False
1780957469.8571, 0.007537,False
1780957469.8614, 0.000130,False
1780957469.8683, 0.004152,False
1780957469.8735, 0.002572,False
1780957469.8785, 0.000581,False
1780957470.0949, 0.009108,False
1780957470.1004, 0.007631,False
1780957470.1060, 0.006194,False
1780957470.1111, 0.004310,False
1780957470.2019, 0.002595,False
1780957470.2067, 0.001159,False
1780957470.2136, 0.009437,False
1780957470.2184, 0.008040,False
1780957470.3486, 0.006427,False
1780957470.3544, 0.004770,False
1780957470.3599, 0.002882,False
1780957470.3646, 0.001279,False
1780957470.3691, 0.009509,False
1780957470.3735, 0.007485,False
1780957470.3786, 0.005836,False
1780957470.3833, 0.003937,False
1780957470.3876, 0.002564,False
1780957470.6203, 0.000807,False
1780957470.6258, 0.009148,False
1780957470.6310, 0.007329,False
1780957470.6354, 0.005678,False
1780957470.6399, 0.004665,False
1780957470.6448, 0.002692,False
1780957470.6491, 0.000812,False
1780957470.6534, 0.008968,False
1780957470.8784, 0.007158,False
1780957470.8830, 0.005461,False
1780957470.8874, 0.002874,False
1780957470.8918, 0.001121,False
1780957470.8963, 0.009444,False
1780957470.9010, 0.007143,False
1780957470.9052, 0.001360,False
1780957470.9115, 0.003622,False
1780957471.1315, 0.001873,False
1780957471.1361, 0.009903,False
1780957471.1407, 0.008109,False
1780957471.1455, 0.006346,False
1780957471.1501, 0.004082,False
1780957471.1546, 0.002585,False
1780957471.1593, 0.000776,False
1780957471.1638, 0.008468,False
1780957471.4014, 0.000118,False
1780957471.4085, 0.004851,False
1780957471.4130, 0.002967,False
1780957471.4173, 0.001070,False
1780957471.4219, 0.009392,False
1780957471.4278, 0.007620,False
1780957471.4341, 0.005867,False
1780957471.4387, 0.003776,False
1780957471.6528, 0.001950,False
1780957471.6587, 0.009706,False
1780957471.6637, 0.007403,False
1780957471.6680, 0.005485,False
1780957471.6725, 0.003617,False
1780957471.6770, 0.001802,False
1780957471.6817, 0.009756,False
1780957471.6859, 0.007687,False
1780957471.8963, 0.005941,False
1780957471.9009, 0.004068,False
1780957471.9058, 0.001786,False
1780957471.9104, 0.009417,False
1780957471.9149, 0.007695,False
1780957471.9198, 0.005827,False
1780957471.9245, 0.003873,False
1780957471.9288, 0.002128,False
1780957472.1483, 0.009736,False
1780957472.1532, 0.008035,False
1780957472.1581, 0.006502,False
1780957472.1626, 0.003556,False
1780957472.1670, 0.002893,False
1780957472.1714, 0.000909,False
1780957472.1765, 0.009122,False
1780957472.1811, 0.007368,False
1780957472.3988, 0.005522,False
1780957472.4033, 0.003533,False
1780957472.4081, 0.001637,False
1780957472.4126, 0.009639,False
1780957472.5128, 0.008173,False
1780957472.5175, 0.002458,False
1780957472.5246, 0.004551,False
1780957472.5292, 0.002478,False
1780957472.6539, 0.000952,False
1780957472.6595, 0.009071,False
1780957472.6643, 0.007209,False
1780957472.6689, 0.005446,False
1780957472.6734, 0.003490,False
1780957472.6785, 0.000069,False
1780957472.6856, 0.009357,False
1780957472.6900, 0.007359,False
1780957472.9087, 0.005599,False
1780957472.9150, 0.004084,False
1780957472.9210, 0.002070,False
1780957472.9274, 0.000360,False
1780957472.9320, 0.008387,False
1780957472.9367, 0.006807,False
1780957472.9410, 0.005005,False
1780957472.9453, 0.003056,False
1780957473.1683, 0.001149,False
1780957473.1748, 0.008815,False
1780957473.1809, 0.006515,False
1780957473.1855, 0.003791,False
1780957473.1899, 0.002533,False
1780957473.1955, 0.000388,False
1780957473.2000, 0.008640,False
1780957473.2045, 0.006705,False
1780957473.4191, 0.005172,False
1780957473.4240, 0.003602,False
1780957473.4285, 0.001856,False
1780957473.4329, 0.009588,False
1780957473.4375, 0.007790,False
1780957473.4426, 0.005344,False
1780957473.4472, 0.003461,False
1780957473.4518, 0.001634,False
1780957473.6833, 0.009386,False
1780957473.6881, 0.007504,False
1780957473.6935, 0.005565,False
1780957473.6982, 0.003285,False
1780957473.7029, 0.001343,False
1780957473.7079, 0.009889,False
1780957473.7128, 0.008079,False
1780957473.7172, 0.006416,False
1780957473.9405, 0.004933,False
1780957473.9453, 0.003017,False
1780957473.9497, 0.001226,False
1780957473.9540, 0.009399,False
1780957473.9581, 0.003870,False
1780957473.9649, 0.006046,False
1780957473.9692, 0.004484,False
1780957473.9735, 0.002849,False
1780957474.1952, 0.000916,False
1780957474.1998, 0.009155,False
1780957474.2043, 0.000140,False
1780957474.2114, 0.005471,False
1780957474.2161, 0.003534,False
1780957474.2206, 0.001657,False
1780957474.2257, 0.009533,False
1780957474.2304, 0.007791,False
1780957474.4481, 0.005888,False
1780957474.4525, 0.004212,False
1780957474.4572, 0.002211,False
1780957474.4618, 0.010196,False
1780957474.4665, 0.008140,False
1780957474.4708, 0.005987,False
1780957474.4758, 0.003893,False
1780957474.4800, 0.001625,False
1780957474.7180, 0.009757,False
1780957474.7230, 0.007898,False
1780957474.7290, 0.005860,False
1780957474.7334, 0.004414,False
1780957474.7376, 0.001979,False
1780957474.7422, 0.000193,False
1780957474.7466, 0.008324,False
1780957474.7509, 0.006031,False
1780957474.9614, 0.004205,False
1780957474.9659, 0.002822,False
1780957474.9704, 0.000991,False
1780957474.9747, 0.009198,False
1780957474.9793, 0.007476,False
1780957474.9846, 0.005689,False
1780957474.9897, 0.003741,False
1780957474.9941, 0.001574,False
1780957475.2117, 0.009853,False
1780957475.2171, 0.008264,False
1780957475.2226, 0.006178,False
1780957475.2277, 0.003768,False
1780957475.2330, 0.001553,False
1780957475.2395, 0.009982,False
1780957475.2459, 0.008170,False
1780957475.2505, 0.006420,False
1780957475.4803, 0.004537,False
1780957475.4851, 0.002850,False
1780957475.4898, 0.000726,False
1780957475.4943, 0.005535,False
1780957475.5007, 0.006645,False
1780957475.5052, 0.004854,False
1780957475.5101, 0.002719,False
1780957475.5142, 0.000111,False
1780957475.7333, 0.009174,False
1780957475.7385, 0.007419,False
1780957475.7435, 0.005442,False
1780957475.7478, 0.000534,False
1780957475.7543, 0.001595,False
1780957475.7594, 0.009709,False
1780957475.7640, 0.007637,False
1780957475.7683, 0.005329,False
1780957475.9764, 0.003001,False
1780957475.9817, 0.001201,False
1780957475.9871, 0.009309,False
1780957475.9924, 0.007324,False
1780957475.9979, 0.005762,False
1780957476.0033, 0.003461,False
1780957476.0090, 0.001527,False
1780957476.0137, 0.009768,False
1780957476.2342, 0.008004,False
1780957476.2392, 0.005957,False
1780957476.2436, 0.004008,False
1780957476.2482, 0.001763,False
1780957476.2529, 0.009860,False
1780957476.2582, 0.008146,False
1780957476.2629, 0.006020,False
1780957476.2671, 0.004205,False
1780957476.4933, 0.002288,False
1780957476.4989, 0.000355,False
1780957476.5036, 0.008468,False
1780957476.5086, 0.006806,False
1780957476.5986, 0.005499,False
1780957476.6032, 0.003825,False
1780957476.6086, 0.001550,False
1780957476.6130, 0.009548,False
1780957476.7505, 0.007847,False
1780957476.7554, 0.006031,False
1780957476.7605, 0.004173,False
1780957476.7652, 0.001703,False
1780957476.7699, 0.009951,False
1780957476.7749, 0.008508,False
1780957476.7800, 0.007110,False
1780957476.7843, 0.005109,False
1780957477.0108, 0.003491,False
1780957477.0154, 0.001702,False
1780957477.0202, 0.006719,False
1780957477.0266, 0.007826,False
1780957477.0308, 0.000132,False
1780957477.0374, 0.004913,False
1780957477.0419, 0.002864,False
1780957477.0464, 0.001114,False
1780957477.2674, 0.009433,False
1780957477.2739, 0.007526,False
1780957477.2786, 0.002702,False
1780957477.3826, 0.004120,False
1780957477.3874, 0.002517,False
1780957477.3925, 0.000503,False
1780957477.3970, 0.008947,False
1780957477.4017, 0.007290,False
1780957477.5158, 0.005713,False
1780957477.5205, 0.004121,False
1780957477.5253, 0.002327,False
1780957477.5297, 0.000458,False
1780957477.5340, 0.008810,False
1780957477.5385, 0.007444,False
1780957477.5429, 0.005898,False
1780957477.5475, 0.004466,False
1780957477.7791, 0.002527,False
1780957477.7857, 0.001079,False
1780957477.7907, 0.009539,False
1780957477.7957, 0.007721,False
1780957477.8000, 0.006028,False
1780957477.8043, 0.004098,False
1780957477.8092, 0.002595,False
1780957477.8138, 0.001288,False
1780957478.0409, 0.009724,False
1780957478.0457, 0.007885,False
1780957478.0504, 0.006298,False
1780957478.0549, 0.004688,False
1780957478.0604, 0.003245,False
1780957478.0651, 0.001718,False
1780957478.0698, 0.009932,False
1780957478.0749, 0.008265,False
1780957478.0792, 0.006748,False
1780957478.2983, 0.004813,False
1780957478.3031, 0.002990,False
1780957478.3081, 0.001141,False
1780957478.3127, 0.009601,False
1780957478.3173, 0.007893,False
1780957478.3220, 0.006791,False
1780957478.3268, 0.004988,False
1780957478.3313, 0.003675,False
1780957478.5654, 0.000121,False
1780957478.5725, 0.000644,False
1780957478.5772, 0.008674,False
1780957478.5819, 0.006997,False
1780957478.5865, 0.005664,False
1780957478.5923, 0.003458,False
1780957478.5969, 0.001431,False
1780957478.6013, 0.009749,False
1780957478.8167, 0.008368,False
1780957478.8215, 0.006368,False
1780957478.8267, 0.004391,False
1780957478.8312, 0.002528,False
1780957478.8358, 0.000329,False
1780957478.8415, 0.008518,False
1780957478.8469, 0.006548,False
1780957478.8513, 0.004570,False
1780957479.0503, 0.002567,False
1780957479.0577, 0.000931,False
1780957479.0650, 0.008867,False
1780957479.0722, 0.006597,False
1780957479.0797, 0.004112,False
1780957479.0866, 0.002457,False
1780957479.0927, 0.010115,False
1780957479.0990, 0.008143,False
1780957479.1051, 0.003504,False
1780957479.1140, 0.004773,False
1780957479.1195, 0.002925,False
1780957503.5777, 0.003426,False
1780957503.5832, 0.001565,False
1780957503.5880, 0.009681,False
1780957503.6711, 0.007733,False
1780957503.6762, 0.005848,False
1780957503.6811, 0.004030,False
1780957503.6860, 0.001975,False
1780957503.6904, 0.000201,False
1780957503.6949, 0.008151,False
1780957503.7006, 0.005918,False
1780957503.7053, 0.000137,False
1780957503.7121, 0.002138,False
1780957503.7175, 0.000405,False
1780957503.7221, 0.008686,False
1780957503.7268, 0.006453,False
1780957503.7325, 0.005016,False
1780957503.9388, 0.003098,False
1780957503.9435, 0.000937,False
1780957503.9481, 0.008758,False
1780957503.9538, 0.007331,False
1780957503.9584, 0.005088,False
1780957503.9630, 0.003261,False
1780957503.9678, 0.001174,False
1780957503.9726, 0.008916,False
1780957503.9768, 0.007160,False
1780957504.1874, 0.005227,False
1780957504.1925, 0.003404,False
1780957504.1971, 0.001609,False
1780957504.2021, 0.009819,False
1780957504.2066, 0.007608,False
1780957504.2111, 0.005435,False
1780957504.2182, 0.003361,False
1780957504.2228, 0.001178,False
1780957504.4560, 0.009402,False
1780957504.4606, 0.007298,False
1780957504.4664, 0.005099,False
1780957504.4709, 0.003276,False
1780957504.4756, 0.001334,False
1780957504.4804, 0.009482,False
1780957504.4850, 0.007612,False
1780957504.4895, 0.005919,False
1780957504.7039, 0.004215,False
1780957504.7087, 0.002543,False
1780957504.7136, 0.000603,False
1780957504.7184, 0.008911,False
1780957504.7228, 0.006597,False
1780957504.7273, 0.004707,False
1780957504.7325, 0.003230,False
1780957504.7377, 0.000937,False
1780957504.9587, 0.008649,False
1780957504.9638, 0.006856,False
1780957504.9691, 0.004867,False
1780957504.9737, 0.002866,False
1780957504.9784, 0.001288,False
1780957504.9839, 0.009564,False
1780957504.9883, 0.000111,False
1780957504.9950, 0.005913,False
1780957505.2154, 0.004249,False
1780957505.2203, 0.002356,False
1780957505.2252, 0.000256,False
1780957505.2299, 0.008480,False
1780957505.2344, 0.006881,False
1780957505.2388, 0.004865,False
1780957505.2432, 0.003063,False
1780957505.2493, 0.001016,False
1780957505.4799, 0.009202,False
1780957505.4865, 0.007255,False
1780957505.4912, 0.004999,False
1780957505.4958, 0.003257,False
1780957505.5007, 0.001312,False
1780957505.5053, 0.009230,False
1780957505.5098, 0.007133,False
1780957505.5140, 0.005226,False
1780957505.7421, 0.003288,False
1780957505.7481, 0.001238,False
1780957505.7528, 0.009563,False
1780957505.7573, 0.007875,False
1780957505.7615, 0.005921,False
1780957505.7686, 0.003970,False
1780957505.7732, 0.002156,False
1780957505.7774, 0.000376,False
1780957505.9919, 0.008169,False
1780957505.9969, 0.006064,False
1780957506.0022, 0.004185,False
1780957506.0069, 0.002502,False
1780957506.0110, 0.000423,False
1780957506.0175, 0.008131,False
1780957506.0220, 0.006362,False
1780957506.0264, 0.004450,False
1780957506.2290, 0.002759,False
1780957506.2347, 0.000480,False
1780957506.2394, 0.008660,False
1780957506.2446, 0.006396,False
1780957506.2496, 0.004892,False
1780957506.2547, 0.003157,False
1780957506.2594, 0.001297,False
1780957506.2652, 0.009612,False
1780957506.4957, 0.007656,False
1780957506.5015, 0.005350,False
1780957506.5068, 0.003220,False
1780957506.5111, 0.000153,False
1780957506.5190, 0.008921,False
1780957506.5239, 0.007247,False
1780957506.5284, 0.005159,False
1780957506.5330, 0.003174,False
1780957506.7419, 0.001196,False
1780957506.7468, 0.009864,False
1780957506.7519, 0.008114,False
1780957506.7566, 0.006120,False
1780957506.7613, 0.004229,False
1780957506.7666, 0.001987,False
1780957506.7715, 0.000215,False
1780957506.7758, 0.008101,False
1780957507.1397, 0.006508,False
1780957507.1442, 0.004389,False
1780957507.1500, 0.002450,False
1780957507.1554, 0.000337,False
1780957507.1606, 0.008749,False
1780957507.1660, 0.007007,False
1780957507.1706, 0.004966,False
1780957507.1750, 0.003338,False
1780957507.1791, 0.001326,False
1780957507.2709, 0.009631,False
1780957507.2755, 0.007640,False
1780957507.2799, 0.006326,False
1780957507.2867, 0.004442,False
1780957507.2915, 0.002908,False
1780957507.2959, 0.001094,False
1780957507.3006, 0.008843,False
1780957507.5342, 0.006844,False
1780957507.5411, 0.005138,False
1780957507.5458, 0.003266,False
1780957507.5513, 0.001354,False
1780957507.5585, 0.009524,False
1780957507.5634, 0.007917,False
1780957507.5679, 0.006155,False
1780957507.5721, 0.004314,False
1780957507.5764, 0.002476,False
1780957507.6724, 0.000529,False
1780957507.6774, 0.008762,False
1780957507.6820, 0.006492,False
1780957507.7865, 0.004454,False
1780957507.7917, 0.002340,False
1780957507.7966, 0.000339,False
1780957507.8014, 0.008049,False
1780957507.8059, 0.000146,False
1780957508.0499, 0.004484,False
1780957508.0546, 0.002723,False
1780957508.0593, 0.000883,False
1780957508.0642, 0.009211,False
1780957508.0688, 0.007388,False
1780957508.0732, 0.005076,False
1780957508.0778, 0.003387,False
1780957508.0824, 0.001881,False
1780957508.3045, 0.009829,False
1780957508.3094, 0.008276,False
1780957508.3147, 0.006248,False
1780957508.3199, 0.003895,False
1780957508.3247, 0.002196,False
1780957508.3295, 0.000466,False
1780957508.3347, 0.008169,False
1780957508.3391, 0.006253,False
1780957508.5524, 0.004341,False
1780957508.5571, 0.002106,False
1780957508.5617, 0.000818,False
1780957508.5663, 0.008838,False
1780957508.5708, 0.007092,False
1780957508.5751, 0.005167,False
1780957508.5798, 0.003395,False
1780957508.5843, 0.001161,False
1780957508.8108, 0.009027,False
1780957508.8154, 0.007205,False
1780957508.8220, 0.005601,False
1780957508.8264, 0.003699,False
1780957508.8310, 0.001722,False
1780957508.8354, 0.009671,False
1780957508.8397, 0.007531,False
1780957508.8441, 0.005518,False
1780957509.0700, 0.003759,False
1780957509.0760, 0.001268,False
1780957509.0840, 0.009520,False
1780957509.0884, 0.007799,False
1780957509.0926, 0.005437,False
1780957509.0972, 0.003548,False
1780957509.1020, 0.001470,False
1780957509.1066, 0.009682,False
1780957509.3334, 0.007907,False
1780957509.3385, 0.006030,False
1780957509.3440, 0.004079,False
1780957509.3492, 0.001619,False
1780957509.3536, 0.000108,False
1780957509.3609, 0.008262,False
1780957509.3659, 0.006217,False
1780957509.3704, 0.003842,False
1780957509.5742, 0.001718,False
1780957509.5790, 0.009933,False
1780957509.5843, 0.008254,False
1780957509.5891, 0.006347,False
1780957509.5938, 0.004330,False
1780957509.6002, 0.002284,False
1780957509.6047, 0.000271,False
1780957509.6089, 0.007987,False
1780957509.8369, 0.006035,False
1780957509.8417, 0.004004,False
1780957509.8464, 0.001858,False
1780957509.8508, 0.010091,False
1780957509.8552, 0.008448,False
1780957509.8597, 0.006476,False
1780957509.8641, 0.004669,False
1780957509.8685, 0.002643,False
1780957510.0843, 0.000482,False
1780957510.1995, 0.008720,False
1780957510.2052, 0.006682,False
1780957510.2100, 0.004381,False
1780957510.2151, 0.002921,False
1780957510.2195, 0.001274,False
1780957510.2239, 0.009469,False
1780957510.2293, 0.007801,False
1780957510.3304, 0.006090,False
1780957510.3390, 0.004276,False
1780957510.3447, 0.001967,False
1780957510.3497, 0.010149,False
1780957510.3542, 0.008283,False
1780957510.3587, 0.005960,False
1780957510.3638, 0.003957,False
1780957510.3684, 0.002234,False
1780957510.6031, 0.000204,False
1780957510.6108, 0.008435,False
1780957510.6156, 0.006834,False
1780957510.6202, 0.005080,False
1780957510.6247, 0.003165,False
1780957510.6294, 0.001384,False
1780957510.6340, 0.009457,False
1780957510.6383, 0.007758,False
1780957510.8524, 0.005907,False
1780957510.8569, 0.000102,False
1780957510.8637, 0.002190,False
1780957510.8680, 0.009835,False
1780957510.8726, 0.008032,False
1780957510.8771, 0.006410,False
1780957510.8815, 0.004301,False
1780957510.8858, 0.002335,False
1780957511.1022, 0.000329,False
1780957511.1069, 0.008374,False
1780957511.1117, 0.006605,False
1780957511.1167, 0.004798,False
1780957511.1215, 0.002984,False
1780957511.1260, 0.000622,False
1780957511.1307, 0.008798,False
1780957511.3669, 0.006810,False
1780957511.3758, 0.005150,False
1780957511.3806, 0.003186,False
1780957511.3855, 0.001090,False
1780957511.3902, 0.009067,False
1780957511.3949, 0.007067,False
1780957511.3994, 0.005255,False
1780957511.4039, 0.003525,False
1780957511.4081, 0.001447,False
1780957511.6128, 0.009681,False
1780957511.6175, 0.007495,False
1780957511.6219, 0.005945,False
1780957511.6265, 0.004129,False
1780957511.6309, 0.002160,False
1780957511.6352, 0.010058,False
1780957511.6397, 0.008214,False
1780957511.6438, 0.006550,False
1780957511.8832, 0.004679,False
1780957511.8879, 0.002836,False
1780957511.8923, 0.000922,False
1780957511.8975, 0.008524,False
1780957511.9019, 0.006862,False
1780957511.9064, 0.005089,False
1780957511.9110, 0.003168,False
1780957511.9154, 0.001127,False
1780957512.1434, 0.009603,False
1780957512.1481, 0.007614,False
1780957512.1527, 0.005993,False
1780957512.1572, 0.004122,False
1780957512.1616, 0.002352,False
1780957512.1661, 0.010112,False
1780957512.1708, 0.000135,False
1780957512.1772, 0.006374,False
1780957512.3917, 0.004506,False
1780957512.3969, 0.003120,False
1780957512.4024, 0.001249,False
1780957512.4070, 0.009502,False
1780957512.4118, 0.007959,False
1780957512.4186, 0.005979,False
1780957512.4231, 0.004150,False
1780957512.4276, 0.002336,False
1780957512.6643, 0.000408,False
1780957512.6691, 0.008450,False
1780957512.6741, 0.006929,False
1780957512.6790, 0.005053,False
1780957512.6840, 0.003211,False
1780957512.6887, 0.001349,False
1780957512.6929, 0.009354,False
1780957512.6973, 0.007478,False
1780957512.9068, 0.005903,False
1780957512.9117, 0.003962,False
1780957512.9165, 0.002066,False
1780957512.9211, 0.000400,False
1780957512.9256, 0.008560,False
1780957512.9303, 0.006620,False
1780957512.9347, 0.004513,False
1780957512.9392, 0.002420,False
1780957512.9435, 0.000691,False
1780957513.1707, 0.008413,False
1780957513.1754, 0.006556,False
1780957513.1804, 0.004647,False
1780957513.1851, 0.002462,False
1780957513.1897, 0.000254,False
1780957513.1942, 0.008322,False
1780957513.2009, 0.006649,False
1780957513.4379, 0.004860,False
1780957513.4434, 0.002739,False
1780957513.4490, 0.001039,False
1780957513.4560, 0.009249,False
1780957513.4616, 0.007420,False
1780957513.4665, 0.005238,False
1780957513.4708, 0.003251,False
1780957513.4776, 0.001662,False
1780957513.6807, 0.009781,False
1780957513.6873, 0.007938,False
1780957513.6930, 0.006232,False
1780957513.6981, 0.000120,False
1780957513.7057, 0.001823,False
1780957513.7102, 0.009900,False
1780957513.7146, 0.008309,False
1780957513.7189, 0.006414,False
1780957513.7231, 0.004565,False
1780957513.9345, 0.002904,False
1780957513.9391, 0.000932,False
1780957513.9437, 0.009189,False
1780957513.9481, 0.007274,False
1780957513.9526, 0.005061,False
1780957513.9571, 0.003134,False
1780957513.9626, 0.001402,False
1780957514.2010, 0.009567,False
1780957514.2074, 0.007654,False
1780957514.2124, 0.005886,False
1780957514.2168, 0.004572,False
1780957514.2210, 0.002842,False
1780957514.2254, 0.000902,False
1780957514.2302, 0.008806,False
1780957514.2345, 0.007206,False
1780957514.2387, 0.005132,False
1780957514.4544, 0.003173,False
1780957514.4592, 0.001450,False
1780957514.4642, 0.009543,False
1780957514.4689, 0.007546,False
1780957514.4732, 0.005894,False
1780957514.4781, 0.004135,False
1780957514.4828, 0.002310,False
1780957514.4872, 0.000578,False
1780957514.7134, 0.008694,False
1780957514.7204, 0.006402,False
1780957514.7248, 0.004658,False
1780957514.7293, 0.002700,False
1780957514.7338, 0.000824,False
1780957514.7385, 0.009024,False
1780957514.7429, 0.007101,False
1780957514.7473, 0.005528,False
1780957514.9662, 0.003519,False
1780957514.9707, 0.001213,False
1780957514.9754, 0.009487,False
1780957514.9804, 0.007710,False
1780957514.9847, 0.005693,False
1780957514.9913, 0.003504,False
1780957514.9962, 0.001272,False
1780957515.0003, 0.000107,False
1780957515.3311, 0.007543,False
1780957515.3357, 0.005752,False
1780957515.3402, 0.003826,False
1780957515.3450, 0.001961,False
1780957515.3495, 0.010057,False
1780957515.3540, 0.008238,False
1780957515.3584, 0.006935,False
1780957515.3639, 0.004868,False
1780957515.4880, 0.002980,False
1780957515.4927, 0.001056,False
1780957515.4976, 0.009396,False
1780957515.5020, 0.007452,False
1780957515.5063, 0.005390,False
1780957515.5107, 0.003800,False
1780957515.5153, 0.001785,False
1780957515.5196, 0.009551,False
1780957515.7465, 0.007800,False
1780957515.7510, 0.006131,False
1780957515.7555, 0.004366,False
1780957515.7602, 0.002124,False
1780957515.7652, 0.010072,False
1780957515.7703, 0.008369,False
1780957515.7748, 0.006098,False
1780957515.7791, 0.004275,False
1780957515.9976, 0.002242,False
1780957516.0025, 0.009885,False
1780957516.0068, 0.008090,False
1780957516.0114, 0.006149,False
1780957516.0161, 0.004480,False
1780957516.0205, 0.002690,False
1780957516.0255, 0.001005,False
1780957516.0305, 0.008751,False
1780957516.2687, 0.006253,False
1780957516.2732, 0.004671,False
1780957516.2783, 0.002803,False
1780957516.2828, 0.000790,False
1780957516.2872, 0.008979,False
1780957516.2916, 0.007079,False
1780957516.2969, 0.005314,False
1780957516.3019, 0.002769,False
1780957516.5160, 0.001540,False
1780957516.5231, 0.009825,False
1780957516.5285, 0.007553,False
1780957516.5337, 0.005327,False
1780957516.5401, 0.000132,False
1780957516.5478, 0.002112,False
1780957516.5523, 0.000447,False
1780957516.5567, 0.008400,False
1780957516.7675, 0.006653,False
1780957516.7730, 0.004945,False
1780957516.8793, 0.003465,False
1780957516.8844, 0.001042,False
1780957516.8921, 0.009364,False
1780957516.8969, 0.007143,False
1780957516.9018, 0.005345,False
1780957516.9064, 0.003625,False
1780957516.9118, 0.001734,False
1780957517.0395, 0.009957,False
1780957517.0450, 0.008004,False
1780957517.0499, 0.005996,False
1780957517.0550, 0.004357,False
1780957517.0601, 0.002944,False
1780957517.0645, 0.000849,False
1780957517.0689, 0.009348,False
1780957517.2966, 0.007130,False
1780957517.3024, 0.005167,False
1780957517.3070, 0.003210,False
1780957517.3117, 0.000980,False
1780957517.3164, 0.009124,False
1780957517.3209, 0.007209,False
1780957517.3254, 0.004924,False
1780957517.3311, 0.003297,False
1780957517.3356, 0.001868,False
1780957517.5589, 0.010034,False
1780957517.5639, 0.007628,False
1780957517.5689, 0.006171,False
1780957517.5743, 0.004467,False
1780957517.5796, 0.002898,False
1780957517.5852, 0.000697,False
1780957517.5897, 0.008746,False
1780957517.5948, 0.006929,False
1780957517.8009, 0.004994,False
1780957517.8056, 0.003264,False
1780957517.8105, 0.001864,False
1780957517.8151, 0.010002,False
1780957517.8195, 0.007655,False
1780957517.8240, 0.005992,False
1780957517.8288, 0.004127,False
1780957517.8333, 0.002106,False
1780957517.9496, 0.000113,False
1780957517.9568, 0.008037,False
1780957518.0629, 0.006437,False
1780957518.0687, 0.004827,False
1780957518.0735, 0.002866,False
1780957518.0783, 0.001369,False
1780957518.0828, 0.009530,False
1780957518.0872, 0.008037,False
1780957518.2181, 0.006009,False
1780957518.2225, 0.003996,False
1780957518.2298, 0.002330,False
1780957518.2343, 0.000524,False
1780957518.3290, 0.008687,False
1780957518.3346, 0.006364,False
1780957518.3395, 0.004664,False
1780957518.3455, 0.002665,False
1780957518.4878, 0.000792,False
1780957518.4927, 0.008959,False
1780957518.4977, 0.007250,False
1780957518.6048, 0.005373,False
1780957518.6095, 0.004267,False
1780957518.6150, 0.001716,False
1780957518.6204, 0.009542,False
1780957518.6261, 0.007830,False
1780957518.6308, 0.005765,False
1780957518.7363, 0.003605,False
1780957518.7411, 0.001449,False
1780957518.7458, 0.009700,False
1780957518.8552, 0.007580,False
1780957518.8599, 0.005680,False
1780957518.8644, 0.003401,False
1780957518.8691, 0.000940,False
1780957518.9964, 0.009084,False
1780957519.0026, 0.007530,False
1780957519.1162, 0.005752,False
1780957519.1214, 0.004330,False
1780957519.1267, 0.002165,False
1780957519.1326, 0.010239,False
1780957519.1375, 0.008494,False
1780957519.1426, 0.006604,False
1780957519.1480, 0.004717,False
1780957519.3694, 0.002280,False
1780957519.3747, 0.010077,False
1780957519.3800, 0.007692,False
1780957519.3844, 0.005740,False
1780957519.3888, 0.000123,False
1780957519.3962, 0.002295,False
1780957519.4007, 0.000367,False
1780957519.6141, 0.008005,False
1780957519.6239, 0.006053,False
1780957519.6288, 0.004187,False
1780957519.6338, 0.002690,False
1780957519.6381, 0.000513,False
1780957519.6424, 0.008521,False
1780957519.6480, 0.006812,False
1780957519.6527, 0.004759,False
1780957519.6571, 0.002795,False
1780957519.8857, 0.000983,False
1780957519.8913, 0.009110,False
1780957519.8976, 0.007203,False
1780957519.9030, 0.004907,False
1780957519.9086, 0.003245,False
1780957519.9131, 0.001124,False
1780957519.9177, 0.009405,False
1780957519.9221, 0.007271,False
1780957520.1336, 0.005863,False
1780957520.1383, 0.003804,False
1780957520.1433, 0.001520,False
1780957520.1486, 0.009843,False
1780957520.1532, 0.007954,False
1780957520.1578, 0.005888,False
1780957520.1632, 0.003608,False
1780957520.1677, 0.001565,False
1780957520.4004, 0.009692,False
1780957520.4048, 0.007851,False
1780957520.4096, 0.006222,False
1780957520.4144, 0.004525,False
1780957520.4191, 0.002320,False
1780957520.4240, 0.000449,False
1780957520.4289, 0.008173,False
1780957520.4336, 0.006587,False
1780957520.6530, 0.004860,False
1780957520.6584, 0.002473,False
1780957520.6636, 0.000466,False
1780957520.6683, 0.008657,False
1780957520.6727, 0.006408,False
1780957520.6778, 0.004390,False
1780957520.6822, 0.002076,False
1780957520.6867, 0.009938,False
1780957520.8973, 0.008313,False
1780957520.9018, 0.000165,False
1780957520.9084, 0.004267,False
1780957520.9129, 0.002506,False
1780957520.9177, 0.000766,False
1780957520.9223, 0.008713,False
1780957520.9267, 0.006637,False
1780957520.9331, 0.004987,False
1780957521.1468, 0.003059,False
1780957521.1517, 0.001351,False
1780957521.1565, 0.009244,False
1780957521.1612, 0.007422,False
1780957521.1657, 0.005702,False
1780957521.1700, 0.004251,False
1780957521.1744, 0.002202,False
1780957521.1822, 0.000412,False
1780957521.4168, 0.008219,False
1780957521.4219, 0.006653,False
1780957521.4270, 0.004686,False
1780957521.4315, 0.003062,False
1780957521.4358, 0.001174,False
1780957521.4402, 0.008833,False
1780957521.4451, 0.006920,False
1780957521.4496, 0.004664,False
1780957521.6693, 0.002897,False
1780957521.6745, 0.000978,False
1780957521.6793, 0.009184,False
1780957521.6837, 0.006945,False
1780957521.6882, 0.005114,False
1780957521.6929, 0.003131,False
1780957521.6977, 0.001296,False
1780957521.9128, 0.009583,False
1780957521.9193, 0.007825,False
1780957521.9242, 0.006056,False
1780957521.9296, 0.003994,False
1780957521.9353, 0.002002,False
1780957521.9399, 0.010233,False
1780957521.9445, 0.008589,False
1780957521.9491, 0.006760,False
1780957522.1595, 0.004565,False
1780957522.1661, 0.002339,False
1780957522.1706, 0.000481,False
1780957522.1749, 0.008590,False
1780957522.1796, 0.006286,False
1780957522.1840, 0.004437,False
1780957522.1886, 0.002486,False
1780957522.1941, 0.000115,False
1780957522.4322, 0.008806,False
1780957522.4370, 0.007028,False
1780957522.4416, 0.005202,False
1780957522.4462, 0.003089,False
1780957522.4509, 0.001224,False
1780957522.4552, 0.009545,False
1780957522.4602, 0.007574,False
1780957522.4651, 0.005774,False
1780957522.4694, 0.003459,False
1780957522.7023, 0.001520,False
1780957522.7070, 0.009573,False
1780957522.7121, 0.007503,False
1780957522.7169, 0.006011,False
1780957522.7216, 0.004209,False
1780957522.7260, 0.002558,False
1780957522.7335, 0.000943,False
1780957522.7382, 0.008875,False
1780957522.9525, 0.007090,False
1780957522.9573, 0.005224,False
1780957522.9631, 0.003429,False
1780957522.9677, 0.001534,False
1780957522.9722, 0.009773,False
1780957522.9778, 0.007843,False
1780957522.9823, 0.005907,False
1780957522.9868, 0.004472,False
1780957523.2172, 0.002526,False
1780957523.2219, 0.000868,False
1780957523.2270, 0.009051,False
1780957523.2323, 0.007092,False
1780957523.2370, 0.005254,False
1780957523.2416, 0.003352,False
1780957523.2471, 0.001514,False
1780957523.2515, 0.009269,False
1780957523.4789, 0.007043,False
1780957523.4835, 0.005029,False
1780957523.4882, 0.003221,False
1780957523.4943, 0.001392,False
1780957523.4993, 0.009208,False
1780957523.5037, 0.007369,False
1780957523.5084, 0.005806,False
1780957523.5150, 0.003757,False
1780957523.5195, 0.001838,False
1780957523.7484, 0.010060,False
1780957523.7531, 0.008133,False
1780957523.7575, 0.000062,False
1780957523.7643, 0.004380,False
1780957523.7688, 0.002568,False
1780957523.7732, 0.000727,False
1780957523.7784, 0.009073,False
1780957523.7830, 0.007061,False
1780957523.9968, 0.005012,False
1780957524.0016, 0.003321,False
1780957524.0060, 0.001469,False
1780957524.0124, 0.009488,False
1780957524.0191, 0.007858,False
1780957524.0235, 0.005403,False
1780957524.0287, 0.004020,False
1780957524.0330, 0.002079,False
1780957524.2560, 0.000371,False
1780957524.2611, 0.007724,False
1780957524.2657, 0.005952,False
1780957524.2698, 0.004361,False
1780957524.2773, 0.002203,False
1780957524.2825, 0.000209,False
1780957524.2870, 0.008433,False
1780957524.2927, 0.006459,False
1780957524.5302, 0.004733,False
1780957524.5351, 0.002833,False
1780957524.5397, 0.001157,False
1780957524.5455, 0.009313,False
1780957524.5503, 0.007525,False
1780957524.5549, 0.005785,False
1780957524.5612, 0.003726,False
1780957524.5658, 0.001633,False
1780957524.7980, 0.009910,False
1780957524.8056, 0.008019,False
1780957524.8117, 0.006338,False
1780957524.8165, 0.004494,False
1780957524.8210, 0.002445,False
1780957524.8265, 0.000635,False
1780957524.8331, 0.008737,False
1780957524.8379, 0.006915,False
1780957524.8433, 0.004493,False
1780957525.0464, 0.002815,False
1780957525.0512, 0.001151,False
1780957525.0562, 0.009362,False
1780957525.0614, 0.007043,False
1780957525.0665, 0.005163,False
1780957525.0711, 0.003373,False
1780957525.0756, 0.000076,False
1780957525.0823, 0.009291,False
1780957525.3170, 0.007268,False
1780957525.3217, 0.005414,False
1780957525.3286, 0.003651,False
1780957525.3341, 0.001136,False
1780957525.3386, 0.009298,False
1780957525.3433, 0.006959,False
1780957525.3477, 0.005318,False
1780957525.3520, 0.003792,False
1780957525.5633, 0.001868,False
1780957525.5681, 0.009949,False
1780957525.5765, 0.008267,False
1780957525.5816, 0.006119,False
1780957525.5864, 0.004271,False
1780957525.5916, 0.002549,False
1780957525.5963, 0.000726,False
1780957525.6007, 0.008919,False
1780957525.8334, 0.007208,False
1780957525.8378, 0.005311,False
1780957525.8454, 0.003558,False
1780957525.8499, 0.001293,False
1780957525.8543, 0.009490,False
1780957525.8598, 0.007691,False
1780957525.8654, 0.005924,False
1780957525.8698, 0.003896,False
1780957525.9673, 0.001989,False
1780957525.9718, 0.000248,False
1780957525.9791, 0.007837,False
1780957525.9837, 0.005883,False
1780957526.0768, 0.004007,False
1780957526.0818, 0.001860,False
1780957526.0866, 0.010105,False
1780957526.0910, 0.008288,False
1780957526.3415, 0.006672,False
1780957526.3464, 0.004567,False
1780957526.3520, 0.002868,False
1780957526.3574, 0.001093,False
1780957526.3623, 0.009205,False
1780957526.3667, 0.007383,False
1780957526.3713, 0.005566,False
1780957526.3772, 0.003964,False
1780957526.5942, 0.002283,False
1780957526.5998, 0.000338,False
1780957526.6048, 0.008415,False
1780957526.6097, 0.000140,False
1780957526.6165, 0.004832,False
1780957526.6210, 0.002796,False
1780957526.6262, 0.000547,False
1780957526.6306, 0.008136,False
1780957526.8667, 0.005764,False
1780957526.8713, 0.004023,False
1780957526.8764, 0.002216,False
1780957526.8812, 0.000837,False
1780957526.8859, 0.008769,False
1780957526.8907, 0.006856,False
1780957526.8961, 0.005119,False
1780957526.9007, 0.003057,False
1780957526.9051, 0.001324,False
1780957527.1113, 0.009145,False
1780957527.1161, 0.006822,False
1780957527.1215, 0.004783,False
1780957527.1274, 0.002987,False
1780957527.1319, 0.000642,False
1780957527.1366, 0.008694,False
1780957527.1422, 0.006933,False
1780957527.2631, 0.005146,False
1780957527.2718, 0.002873,False
1780957527.2766, 0.001116,False
1780957527.2811, 0.009430,False
1780957527.3727, 0.007783,False
1780957527.3820, 0.005770,False
1780957527.3872, 0.004024,False
1780957527.3921, 0.002114,False
1780957527.3969, 0.000168,False
1780957527.6318, 0.007819,False
1780957527.6365, 0.006329,False
1780957527.6419, 0.004377,False
1780957527.6464, 0.002674,False
1780957527.6507, 0.000793,False
1780957527.6551, 0.009353,False
1780957527.6604, 0.007497,False
1780957527.6650, 0.005504,False
1780957527.7630, 0.003199,False
1780957527.7678, 0.001495,False
1780957527.7723, 0.009203,False
1780957527.7777, 0.007423,False
1780957527.7822, 0.005544,False
1780957527.7866, 0.004006,False
1780957527.7912, 0.001631,False
1780957527.8815, 0.000128,False
1780957528.1281, 0.007539,False
1780957528.1331, 0.005553,False
1780957528.1376, 0.003752,False
1780957528.1421, 0.001839,False
1780957528.1467, 0.009993,False
1780957528.1510, 0.008118,False
1780957528.1553, 0.006292,False
1780957528.3951, 0.004011,False
1780957528.4010, 0.002225,False
1780957528.4063, 0.010029,False
1780957528.4118, 0.007992,False
1780957528.4167, 0.006138,False
1780957528.4213, 0.003960,False
1780957528.4267, 0.002196,False
1780957528.4314, 0.000393,False
1780957528.4360, 0.008395,False
1780957528.6632, 0.006781,False
1780957528.6713, 0.004698,False
1780957528.6780, 0.002942,False
1780957528.6837, 0.001087,False
1780957528.6892, 0.009312,False
1780957528.6947, 0.007295,False
1780957528.6992, 0.004954,False
1780957528.7056, 0.003030,False
1780957528.9121, 0.001199,False
1780957528.9169, 0.009292,False
1780957528.9217, 0.007113,False
1780957528.9272, 0.005174,False
1780957528.9320, 0.003298,False
1780957528.9367, 0.001454,False
1780957528.9429, 0.009657,False
1780957528.9490, 0.007763,False
1780957529.1780, 0.005769,False
1780957529.1825, 0.003553,False
1780957529.1875, 0.001713,False
1780957529.1920, 0.009659,False
1780957529.1964, 0.007836,False
1780957529.2010, 0.006437,False
1780957529.2058, 0.004781,False
1780957529.2107, 0.002774,False
1780957529.4274, 0.000862,False
1780957529.4319, 0.009117,False
1780957529.4364, 0.007329,False
1780957529.4414, 0.005549,False
1780957529.4457, 0.000119,False
1780957529.4525, 0.001543,False
1780957529.4574, 0.009770,False
1780957529.4621, 0.007344,False
1780957529.6787, 0.005554,False
1780957529.6833, 0.003683,False
1780957529.6877, 0.001721,False
1780957529.6924, 0.009913,False
1780957529.6970, 0.007533,False
1780957529.7015, 0.005689,False
1780957529.7060, 0.003816,False
1780957529.7104, 0.001998,False
1780957529.9439, 0.000323,False
1780957529.9486, 0.008484,False
1780957529.9530, 0.006817,False
1780957529.9582, 0.004528,False
1780957529.9631, 0.002596,False
1780957529.9677, 0.000848,False
1780957529.9726, 0.008923,False
1780957529.9789, 0.006429,False
1780957530.1931, 0.004720,False
1780957530.1985, 0.002877,False
1780957530.2033, 0.001069,False
1780957530.2082, 0.009475,False
1780957530.2128, 0.007410,False
1780957530.2170, 0.005646,False
1780957530.2235, 0.004020,False
1780957530.2277, 0.002098,False
1780957530.4437, 0.000186,False
1780957530.4487, 0.008416,False
1780957530.4533, 0.006752,False
1780957530.4581, 0.004694,False
1780957530.4627, 0.002959,False
1780957530.4668, 0.001116,False
1780957530.4734, 0.009261,False
1780957530.4784, 0.007540,False
1780957530.6963, 0.005812,False
1780957530.7013, 0.003524,False
1780957530.7064, 0.001621,False
1780957530.7109, 0.009870,False
1780957530.7155, 0.007967,False
1780957530.7201, 0.005641,False
1780957530.7256, 0.003790,False
1780957530.7302, 0.001902,False
1780957530.9629, 0.010153,False
1780957530.9677, 0.000094,False
1780957530.9756, 0.006320,False
1780957530.9824, 0.004124,False
1780957530.9886, 0.002427,False
1780957530.9941, 0.000776,False
1780957530.9987, 0.008815,False
1780957531.0031, 0.006558,False
1780957531.2139, 0.004600,False
1780957531.2186, 0.002649,False
1780957531.2233, 0.000745,False
1780957531.2287, 0.008475,False
1780957531.2334, 0.006532,False
1780957531.2379, 0.004355,False
1780957531.2426, 0.002474,False
1780957531.2471, 0.000705,False
1780957531.4792, 0.008924,False
1780957531.4841, 0.007216,False
1780957531.4885, 0.005381,False
1780957531.4950, 0.003615,False
1780957531.5000, 0.001732,False
1780957531.5051, 0.009910,False
1780957531.5115, 0.007587,False
1780957531.5164, 0.005714,False
1780957531.5208, 0.003899,False
1780957531.7472, 0.002120,False
1780957531.7520, 0.009898,False
1780957531.7577, 0.008069,False
1780957531.7653, 0.006254,False
1780957531.7730, 0.004382,False
1780957531.7784, 0.002826,False
1780957531.7831, 0.001035,False
1780957531.7876, 0.009372,False
1780957531.9960, 0.007087,False
1780957532.0011, 0.005765,False
1780957532.0065, 0.003846,False
1780957532.0110, 0.002077,False
1780957532.0178, 0.010133,False
1780957532.0228, 0.008411,False
1780957532.0279, 0.006073,False
1780957532.0326, 0.003764,False
1780957532.2465, 0.001979,False
1780957532.2513, 0.009718,False
1780957532.2562, 0.007480,False
1780957532.2618, 0.005682,False
1780957532.2665, 0.003708,False
1780957532.2707, 0.000111,False
1780957532.2790, 0.010061,False
1780957532.2836, 0.008266,False
1780957532.5301, 0.006401,False
1780957532.5351, 0.004131,False
1780957532.5403, 0.002321,False
1780957532.5455, 0.010065,False
1780957532.5501, 0.008313,False
1780957532.5555, 0.006357,False
1780957532.5608, 0.004112,False
1780957532.5654, 0.002231,False
1780957532.7818, 0.000242,False
1780957532.8122, 0.008502,False
1780957532.8170, 0.006624,False
1780957532.8216, 0.004891,False
1780957532.8260, 0.002980,False
1780957532.8304, 0.001157,False
1780957532.8349, 0.009156,False
1780957532.8398, 0.006888,False
1780957533.0261, 0.005338,False
1780957533.0338, 0.003286,False
1780957533.0398, 0.001625,False
1780957533.0451, 0.009290,False
1780957533.0499, 0.007163,False
1780957533.0546, 0.005135,False
1780957533.0593, 0.003159,False
1780957533.0642, 0.001543,False
1780957533.2826, 0.009861,False
1780957533.2881, 0.008068,False
1780957533.2925, 0.006319,False
1780957533.2989, 0.004475,False
1780957533.3033, 0.003194,False
1780957533.3087, 0.001070,False
1780957533.3136, 0.009194,False
1780957533.3182, 0.006896,False
1780957533.5406, 0.004919,False
1780957533.5453, 0.003302,False
1780957533.5497, 0.001262,False
1780957533.5575, 0.009517,False
1780957533.5621, 0.007840,False
1780957533.5667, 0.006000,False
1780957533.5716, 0.003946,False
1780957533.5762, 0.001656,False
1780957533.7915, 0.009657,False
1780957533.7963, 0.007536,False
1780957533.8007, 0.000132,False
1780957533.8081, 0.003641,False
1780957533.8128, 0.001746,False
1780957533.8173, 0.009881,False
1780957533.8226, 0.008111,False
1780957533.8274, 0.006154,False
1780957534.0581, 0.003941,False
1780957534.0633, 0.002238,False
1780957534.0678, 0.009936,False
1780957534.0726, 0.008213,False
1780957534.0781, 0.006124,False
1780957534.0829, 0.004047,False
1780957534.0873, 0.002082,False
1780957534.0920, 0.000269,False
1780957534.3114, 0.008594,False
1780957534.3164, 0.006441,False
1780957534.3213, 0.004730,False
1780957534.3258, 0.002338,False
1780957534.3305, 0.000435,False
1780957534.3352, 0.008445,False
1780957534.3399, 0.006090,False
1780957534.3443, 0.004256,False
1780957534.5732, 0.002267,False
1780957534.5786, 0.000638,False
1780957534.5851, 0.008786,False
1780957534.5904, 0.006561,False
1780957534.5952, 0.004626,False
1780957534.5997, 0.002741,False
1780957534.6047, 0.000836,False
1780957534.6092, 0.009054,False
1780957534.8307, 0.006973,False
1780957534.8353, 0.004997,False
1780957534.8427, 0.002772,False
1780957534.8473, 0.000887,False
1780957534.8519, 0.009127,False
1780957534.8568, 0.006999,False
1780957534.8614, 0.005282,False
1780957534.8659, 0.003136,False
1780957535.0811, 0.001284,False
1780957535.0862, 0.009416,False
1780957535.0931, 0.007145,False
1780957535.0979, 0.005368,False
1780957535.1024, 0.003540,False
1780957535.1079, 0.001382,False
1780957535.1127, 0.009287,False
1780957535.1171, 0.000147,False
1780957535.3236, 0.005278,False
1780957535.3289, 0.002920,False
1780957535.3341, 0.000616,False
1780957535.3394, 0.008660,False
1780957535.3438, 0.006330,False
1780957535.3483, 0.005111,False
1780957535.3527, 0.003122,False
1780957535.3572, 0.000596,False
1780957535.5782, 0.009074,False
1780957535.5835, 0.007377,False
1780957535.5885, 0.005379,False
1780957535.5933, 0.003230,False
1780957535.5985, 0.001763,False
1780957535.6037, 0.009752,False
1780957535.6085, 0.007819,False
1780957535.6132, 0.005714,False
1780957535.8446, 0.003761,False
1780957535.8497, 0.001715,False
1780957535.8542, 0.009332,False
1780957535.8586, 0.007121,False
1780957535.8631, 0.005303,False
1780957535.8675, 0.003090,False
1780957535.8720, 0.001109,False
1780957535.8768, 0.009070,False
1780957536.0956, 0.007003,False
1780957536.1024, 0.005037,False
1780957536.1080, 0.003365,False
1780957536.1129, 0.001564,False
1780957536.1177, 0.009750,False
1780957536.1236, 0.007924,False
1780957536.1288, 0.005513,False
1780957536.1332, 0.003754,False
1780957536.3416, 0.001845,False
1780957536.3489, 0.000251,False
1780957536.3538, 0.008123,False
1780957536.3583, 0.005808,False
1780957536.3629, 0.004314,False
1780957536.3676, 0.001965,False
1780957536.3726, 0.000189,False
1780957536.5820, 0.008622,False
1780957536.5885, 0.006738,False
1780957536.5940, 0.005026,False
1780957536.5992, 0.003120,False
1780957536.6044, 0.001296,False
1780957536.6087, 0.000087,False
1780957536.6152, 0.007849,False
1780957536.6200, 0.005442,False
1780957536.8575, 0.003783,False
1780957536.8639, 0.002010,False
1780957536.8684, 0.000573,False
1780957536.8736, 0.008239,False
1780957536.8781, 0.005794,False
1780957536.8825, 0.004045,False
1780957536.8873, 0.002131,False
1780957536.8921, 0.000224,False
1780957536.8964, 0.008490,False
1780957537.1086, 0.006874,False
1780957537.1132, 0.005177,False
1780957537.1177, 0.003092,False
1780957537.1234, 0.000829,False
1780957537.1285, 0.008997,False
1780957537.1331, 0.007200,False
1780957537.1387, 0.005409,False
1780957537.1432, 0.003517,False
1780957537.3621, 0.001812,False
1780957537.3668, 0.009785,False
1780957537.3718, 0.007518,False
1780957537.3764, 0.005551,False
1780957537.3809, 0.003801,False
1780957537.3854, 0.002259,False
1780957537.3901, 0.000396,False
1780957537.3947, 0.008878,False
1780957537.6123, 0.006755,False
1780957537.7303, 0.004871,False
1780957537.7357, 0.003014,False
1780957537.7413, 0.001093,False
1780957537.7459, 0.009298,False
1780957537.7505, 0.006990,False
1780957537.7557, 0.005173,False
1780957537.7599, 0.003084,False
1780957537.8956, 0.001198,False
1780957537.9004, 0.009295,False
1780957537.9055, 0.007560,False
1780957537.9101, 0.005580,False
1780957537.9146, 0.003754,False
1780957537.9192, 0.001905,False
1780957537.9257, 0.009585,False
1780957537.9304, 0.008303,False
1780957538.1471, 0.005959,False
1780957538.1519, 0.000144,False
1780957538.1590, 0.002381,False
1780957538.1638, 0.000602,False
1780957538.1684, 0.008473,False
1780957538.1740, 0.006547,False
1780957538.1787, 0.004707,False
1780957538.1831, 0.002715,False
1780957538.4097, 0.000889,False
1780957538.4147, 0.008962,False
1780957538.4194, 0.007236,False
1780957538.4246, 0.005336,False
1780957538.4291, 0.003649,False
1780957538.4338, 0.001900,False
1780957538.4387, 0.009829,False
1780957538.4430, 0.007588,False
1780957538.6418, 0.005707,False
1780957538.6468, 0.004180,False
1780957538.6513, 0.002246,False
1780957538.6562, 0.009958,False
1780957538.6615, 0.008121,False
1780957538.6668, 0.006139,False
1780957538.6724, 0.004374,False
1780957538.6769, 0.002636,False
1780957538.9110, 0.000681,False
1780957538.9158, 0.008897,False
1780957538.9207, 0.006859,False
1780957538.9250, 0.005290,False
1780957538.9294, 0.003655,False
1780957538.9339, 0.001183,False
1780957538.9382, 0.009424,False
1780957538.9456, 0.007272,False
1780957539.2737, 0.005395,False
1780957539.2789, 0.003407,False
1780957539.2834, 0.001528,False
1780957539.2881, 0.009744,False
1780957539.2927, 0.007848,False
1780957539.2973, 0.006099,False
1780957539.3024, 0.004244,False
1780957539.3099, 0.002487,False
1780957539.4227, 0.000860,False
1780957539.4274, 0.009463,False
1780957539.4319, 0.007545,False
1780957539.4371, 0.005643,False
1780957539.4418, 0.003898,False
1780957539.4464, 0.001979,False
1780957539.4507, 0.000054,False
1780957539.4572, 0.008569,False
1780957539.6625, 0.006885,False
1780957539.6678, 0.004762,False
1780957539.6728, 0.002790,False
1780957539.6777, 0.000407,False
1780957539.6825, 0.008268,False
1780957539.6874, 0.006061,False
1780957539.6929, 0.004283,False
1780957539.6975, 0.002295,False
1780957539.9459, 0.009921,False
1780957539.9506, 0.008078,False
1780957539.9561, 0.006311,False
1780957539.9605, 0.004584,False
1780957539.9649, 0.002577,False
1780957539.9700, 0.000568,False
1780957539.9750, 0.008401,False
1780957539.9796, 0.006265,False
1780957540.1764, 0.004696,False
1780957540.1837, 0.003065,False
1780957540.1890, 0.000928,False
1780957540.1936, 0.009011,False
1780957540.1981, 0.006917,False
1780957540.2028, 0.004880,False
1780957540.2077, 0.002947,False
1780957540.2123, 0.001213,False
1780957540.4586, 0.009483,False
1780957540.4634, 0.008002,False
1780957540.4683, 0.005898,False
1780957540.4727, 0.004315,False
1780957540.4772, 0.002023,False
1780957540.4820, 0.000266,False
1780957540.4866, 0.008503,False
1780957540.4911, 0.006761,False
1780957540.4954, 0.004941,False
1780957540.7222, 0.002480,False
1780957540.7272, 0.010161,False
1780957540.7319, 0.008478,False
1780957540.7371, 0.006495,False
1780957540.7415, 0.004401,False
1780957540.7482, 0.002331,False
1780957540.7542, 0.000582,False
1780957540.7587, 0.008947,False
1780957540.9758, 0.006974,False
1780957540.9806, 0.005215,False
1780957540.9852, 0.000061,False
1780957540.9925, 0.001490,False
1780957540.9974, 0.009581,False
1780957541.0022, 0.007840,False
1780957541.0071, 0.005683,False
1780957541.0117, 0.003605,False
1780957541.2275, 0.002098,False
1780957541.2325, 0.010006,False
1780957541.2373, 0.007929,False
1780957541.2424, 0.005945,False
1780957541.2470, 0.004289,False
1780957541.2517, 0.002272,False
1780957541.2564, 0.000441,False
1780957541.4833, 0.008555,False
1780957541.4891, 0.006619,False
1780957541.4939, 0.005006,False
1780957541.4983, 0.003363,False
1780957541.5027, 0.001193,False
1780957541.5073, 0.009323,False
1780957541.5121, 0.007077,False
1780957541.5165, 0.005114,False
1780957541.5209, 0.003145,False
1780957541.7432, 0.001438,False
1780957541.7481, 0.009360,False
1780957541.7539, 0.007569,False
1780957541.7584, 0.005799,False
1780957541.7630, 0.003392,False
1780957541.7679, 0.001543,False
1780957541.7730, 0.009760,False
1780957541.7775, 0.007595,False
1780957542.0109, 0.005798,False
1780957542.0157, 0.003531,False
1780957542.0239, 0.001945,False
1780957542.0324, 0.009835,False
1780957542.0437, 0.007588,False
1780957542.0492, 0.005679,False
1780957542.0552, 0.003701,False
1780957542.0603, 0.001888,False
1780957542.2472, 0.010095,False
1780957542.2523, 0.008365,False
1780957542.2572, 0.006418,False
1780957542.2648, 0.004336,False
1780957542.2737, 0.002373,False
1780957542.2785, 0.000583,False
1780957542.2830, 0.008738,False
1780957542.2878, 0.000141,False
1780957542.5044, 0.004763,False
1780957542.5101, 0.002758,False
1780957542.5147, 0.000808,False
1780957542.5197, 0.008998,False
1780957542.5258, 0.007219,False
1780957542.5329, 0.005228,False
1780957542.5381, 0.003626,False
1780957542.5426, 0.001559,False
1780957542.7582, 0.009676,False
1780957542.7638, 0.007878,False
1780957542.7709, 0.005585,False
1780957542.7768, 0.003729,False
1780957542.7821, 0.002319,False
1780957542.7892, 0.000388,False
1780957542.7939, 0.008700,False
1780957542.7985, 0.006813,False
1780957543.0225, 0.004945,False
1780957543.0273, 0.003221,False
1780957543.0320, 0.001419,False
1780957543.0370, 0.009636,False
1780957543.0415, 0.007610,False
1780957543.0461, 0.005847,False
1780957543.0509, 0.003663,False
1780957543.0559, 0.001762,False
1780957543.2888, 0.009862,False
1780957543.2939, 0.007650,False
1780957543.2984, 0.005784,False
1780957543.3040, 0.003980,False
1780957543.3086, 0.002071,False
1780957543.3132, 0.000398,False
1780957543.3181, 0.008607,False
1780957543.3246, 0.006667,False
1780957543.5346, 0.004880,False
1780957543.5397, 0.002860,False
1780957543.5444, 0.001135,False
1780957543.5493, 0.009487,False
1780957543.5542, 0.007711,False
1780957543.5590, 0.005775,False
1780957543.5637, 0.003378,False
1780957543.5686, 0.001689,False
1780957543.7940, 0.009369,False
1780957543.7986, 0.007036,False
1780957543.8038, 0.005201,False
1780957543.8116, 0.003537,False
1780957543.8159, 0.000135,False
1780957543.8243, 0.009526,False
1780957543.8287, 0.007827,False
1780957543.8337, 0.006158,False
1780957544.0560, 0.004790,False
1780957544.0609, 0.002416,False
1780957544.0654, 0.000447,False
1780957544.0719, 0.008712,False
1780957544.0762, 0.006516,False
1780957544.0806, 0.004512,False
1780957544.0855, 0.002977,False
1780957544.0904, 0.001261,False
1780957544.3046, 0.009189,False
1780957544.3094, 0.006949,False
1780957544.3141, 0.005171,False
1780957544.3191, 0.003159,False
1780957544.3242, 0.000860,False
1780957544.3298, 0.008994,False
1780957544.3360, 0.006655,False
1780957544.3443, 0.004948,False
1780957544.5554, 0.003305,False
1780957544.5609, 0.001437,False
1780957544.5661, 0.009515,False
1780957544.5710, 0.007305,False
1780957544.5762, 0.005479,False
1780957544.5809, 0.003517,False
1780957544.5864, 0.001780,False
1780957544.5908, 0.009884,False
1780957544.8399, 0.008199,False
1780957544.8450, 0.006165,False
1780957544.8498, 0.003814,False
1780957544.8549, 0.001876,False
1780957544.8596, 0.000333,False
1780957544.8639, 0.008515,False
1780957544.8687, 0.006713,False
1780957544.8735, 0.004963,False
1780957544.8781, 0.002990,False
1780957545.0725, 0.000939,False
1780957545.0777, 0.009239,False
1780957545.0820, 0.007143,False
1780957545.0867, 0.005180,False
1780957545.0917, 0.003370,False
1780957545.0964, 0.001376,False
1780957545.1014, 0.009706,False
1780957545.1060, 0.007998,False
1780957545.3418, 0.000132,False
1780957545.3497, 0.003917,False
1780957545.3552, 0.002062,False
1780957545.3601, 0.000243,False
1780957545.3649, 0.008160,False
1780957545.3702, 0.006120,False
1780957545.3755, 0.004222,False
1780957545.3800, 0.002201,False
1780957545.5923, 0.009907,False
1780957545.5978, 0.008223,False
1780957545.6026, 0.006115,False
1780957545.6070, 0.004113,False
1780957545.6113, 0.001768,False
1780957545.6158, 0.010068,False
1780957545.6203, 0.008122,False
1780957545.8411, 0.005814,False
1780957545.8460, 0.004115,False
1780957545.8510, 0.002207,False
1780957545.8562, 0.000305,False
1780957545.9585, 0.008364,False
1780957545.9633, 0.006527,False
1780957545.9680, 0.004991,False
1780957545.9738, 0.002873,False
1780957545.9788, 0.001330,False
1780957546.1057, 0.009403,False
1780957546.1104, 0.007564,False
1780957546.1149, 0.005482,False
1780957546.1203, 0.003463,False
1780957546.1249, 0.001371,False
1780957546.1297, 0.009318,False
1780957546.1349, 0.007420,False
1780957546.1395, 0.005577,False
1780957546.3768, 0.003854,False
1780957546.3816, 0.001988,False
1780957546.3869, 0.000215,False
1780957546.3959, 0.008149,False
1780957546.4010, 0.006625,False
1780957546.4100, 0.004273,False
1780957546.4190, 0.002232,False
1780957546.4267, 0.000403,False
1780957546.6372, 0.008688,False
1780957546.6420, 0.007019,False
1780957546.6466, 0.005051,False
1780957546.6510, 0.003197,False
1780957546.6554, 0.001502,False
1780957546.6595, 0.000121,False
1780957546.6661, 0.007547,False
1780957546.6707, 0.005529,False
1780957546.8920, 0.003789,False
1780957546.8968, 0.001961,False
1780957546.9023, 0.010153,False
1780957546.9069, 0.008310,False
1780957546.9113, 0.006355,False
1780957546.9159, 0.004597,False
1780957546.9211, 0.002703,False
1780957546.9255, 0.000294,False
1780957547.1535, 0.008304,False
1780957547.1617, 0.006500,False
1780957547.1696, 0.004687,False
1780957547.1740, 0.003015,False
1780957547.1786, 0.001499,False
1780957547.1836, 0.009960,False
1780957547.1886, 0.008541,False
1780957547.1933, 0.006745,False
1780957547.4005, 0.005305,False
1780957547.4064, 0.003630,False
1780957547.4112, 0.001701,False
1780957547.4157, 0.009975,False
1780957547.4203, 0.007753,False
1780957547.4251, 0.006068,False
1780957547.4298, 0.004821,False
1780957547.4349, 0.003204,False
1780957547.4405, 0.001903,False
1780957547.6611, 0.010038,False
1780957547.6666, 0.008120,False
1780957547.6713, 0.006170,False
1780957547.6758, 0.004543,False
1780957547.6804, 0.002545,False
1780957547.6849, 0.001226,False
1780957547.6893, 0.009454,False
1780957547.9054, 0.007448,False
1780957547.9102, 0.005873,False
1780957547.9146, 0.004115,False
1780957547.9190, 0.002132,False
1780957547.9244, 0.000376,False
1780957547.9290, 0.008934,False
1780957547.9339, 0.007420,False
1780957547.9384, 0.005742,False
1780957548.1732, 0.004220,False
1780957548.1781, 0.002285,False
1780957548.1829, 0.000117,False
1780957548.1899, 0.009116,False
1780957548.1947, 0.007604,False
1780957548.1995, 0.006113,False
1780957548.2043, 0.004421,False
1780957548.2089, 0.003036,False
1780957548.2134, 0.001068,False
1780957548.4276, 0.009503,False
1780957548.4327, 0.008125,False
1780957548.4374, 0.006630,False
1780957548.4419, 0.004867,False
1780957548.4464, 0.003258,False
1780957548.4510, 0.001952,False
1780957548.4560, 0.010028,False
1780957548.6898, 0.008585,False
1780957548.6945, 0.007498,False
1780957548.6996, 0.005737,False
1780957548.7045, 0.004400,False
1780957548.7093, 0.002815,False
1780957548.7143, 0.001117,False
1780957548.7189, 0.009390,False
1780957548.7257, 0.008144,False
1780957548.7301, 0.006504,False
1780957548.9362, 0.004795,False
1780957548.9409, 0.003503,False
1780957548.9464, 0.001714,False
1780957548.9518, 0.009970,False
1780957548.9563, 0.007997,False
1780957548.9606, 0.006091,False
1780957548.9676, 0.004433,False
1780957548.9720, 0.002435,False
1780957549.1918, 0.000734,False
1780957549.1968, 0.008563,False
1780957549.2017, 0.006923,False
1780957549.2076, 0.004948,False
1780957549.2126, 0.003071,False
1780957549.2179, 0.001195,False
1780957549.2253, 0.009257,False
1780957549.2300, 0.007387,False
1780957549.3253, 0.005448,False
1780957549.3302, 0.003684,False
1780957549.3352, 0.001639,False
1780957549.3397, 0.009851,False
1780957549.3442, 0.008231,False
1780957549.3486, 0.006407,False
1780957549.4409, 0.000053,False
1780957549.4478, 0.002700,False
1780957549.6910, 0.000367,False
1780957549.6960, 0.008460,False
1780957549.7007, 0.006500,False
1780957549.8089, 0.004455,False
1780957549.8140, 0.002651,False
1780957549.8188, 0.000877,False
1780957549.8234, 0.009043,False
1780957549.8280, 0.006582,False
1780957549.9530, 0.004912,False
1780957549.9589, 0.002942,False
1780957549.9638, 0.001006,False
1780957549.9709, 0.008716,False
1780957549.9760, 0.006566,False
1780957549.9810, 0.004544,False
1780957549.9861, 0.002861,False
1780957549.9908, 0.001200,False
1780957550.2236, 0.008981,False
1780957550.2283, 0.007045,False
1780957550.2334, 0.005262,False
1780957550.2383, 0.003407,False
1780957550.2429, 0.001557,False
1780957550.2476, 0.009579,False
1780957550.2523, 0.007729,False
1780957550.2569, 0.005964,False
1780957550.4761, 0.003676,False
1780957550.4808, 0.001923,False
1780957550.4868, 0.000319,False
1780957550.4917, 0.008431,False
1780957550.4965, 0.006399,False
1780957550.5033, 0.004632,False
1780957550.5110, 0.002773,False
1780957550.5176, 0.000430,False
1780957550.7209, 0.008545,False
1780957550.7258, 0.006981,False
1780957550.7303, 0.005032,False
1780957550.7347, 0.003095,False
1780957550.7389, 0.001326,False
1780957550.7455, 0.009511,False
1780957550.7499, 0.007317,False
1780957550.7543, 0.005496,False
1780957550.9807, 0.003622,False
1780957550.9864, 0.001701,False
1780957550.9917, 0.009948,False
1780957550.9967, 0.000137,False
1780957551.0040, 0.006434,False
1780957551.0086, 0.004474,False
1780957551.0131, 0.002582,False
1780957551.0180, 0.000230,False
1780957551.2266, 0.008461,False
1780957551.2316, 0.006757,False
1780957551.2363, 0.004842,False
1780957551.2407, 0.003621,False
1780957551.2451, 0.001242,False
1780957551.2499, 0.008955,False
1780957551.2545, 0.006964,False
1780957551.2587, 0.005315,False
1780957551.4758, 0.003579,False
1780957551.4809, 0.001436,False
1780957551.5045, 0.009606,False
1780957551.5098, 0.007811,False
1780957551.5145, 0.005722,False
1780957551.5207, 0.003456,False
1780957551.5255, 0.001318,False
1780957551.5302, 0.009436,False
1780957551.7558, 0.007349,False
1780957551.7605, 0.005494,False
1780957551.7651, 0.003431,False
1780957551.7697, 0.001459,False
1780957551.7744, 0.009701,False
1780957551.7796, 0.007783,False
1780957551.7849, 0.005923,False
1780957551.7894, 0.003482,False
1780957551.8896, 0.001754,False
1780957551.8944, 0.009387,False
1780957551.8990, 0.007455,False
1780957551.9035, 0.005488,False
1780957551.9103, 0.003674,False
1780957551.9151, 0.001954,False
1780957551.9194, 0.000301,False
1780957552.0042, 0.008918,False
1780957552.2569, 0.007415,False
1780957552.2617, 0.005486,False
1780957552.2669, 0.003597,False
1780957552.2711, 0.001763,False
1780957552.2775, 0.009513,False
1780957552.2827, 0.007417,False
1780957552.2875, 0.005506,False
1780957552.2918, 0.003502,False
1780957552.5039, 0.000061,False
1780957552.5113, 0.009377,False
1780957552.5163, 0.007541,False
1780957552.5215, 0.005860,False
1780957552.5262, 0.003824,False
1780957552.5310, 0.002171,False
1780957552.5361, 0.009758,False
1780957552.6536, 0.007870,False
1780957552.6586, 0.005611,False
1780957552.6634, 0.003872,False
1780957552.6679, 0.002140,False
1780957552.7682, 0.010221,False
1780957552.7729, 0.008438,False
1780957552.7773, 0.006561,False
1780957552.7822, 0.004662,False
1780957552.7867, 0.002847,False
1780957553.0191, 0.000894,False
1780957553.0243, 0.009112,False
1780957553.0287, 0.007205,False
1780957553.0337, 0.005431,False
1780957553.0386, 0.003494,False
1780957553.0433, 0.001603,False
1780957553.0481, 0.009682,False
1780957553.0529, 0.007737,False
1780957553.1719, 0.005603,False
1780957553.2879, 0.003429,False
1780957553.2927, 0.001386,False
1780957553.2976, 0.008964,False
1780957553.3030, 0.007294,False
1780957553.3074, 0.005424,False
1780957553.3120, 0.002949,False
1780957553.3175, 0.001211,False
1780957553.5215, 0.009258,False
1780957553.6364, 0.007265,False
1780957553.6408, 0.005173,False
1780957553.6475, 0.003491,False
1780957553.6523, 0.001594,False
1780957553.6568, 0.009560,False
1780957553.6613, 0.007754,False
1780957553.6656, 0.005952,False
1780957553.7761, 0.004449,False
1780957553.7849, 0.002555,False
1780957553.7905, 0.000184,False
1780957553.7952, 0.008373,False
1780957553.8002, 0.006703,False
1780957553.8053, 0.000127,False
1780957553.8123, 0.003998,False
1780957553.8169, 0.001024,False
1780957554.0490, 0.008902,False
1780957554.0539, 0.007036,False
1780957554.0586, 0.005195,False
1780957554.0633, 0.003316,False
1780957554.0683, 0.001019,False
1780957554.0729, 0.008562,False
1780957554.0774, 0.006339,False
1780957554.0822, 0.004435,False
1780957554.3060, 0.002481,False
1780957554.3107, 0.000776,False
1780957554.3168, 0.008936,False
1780957554.3214, 0.006742,False
1780957554.3259, 0.004988,False
1780957554.3305, 0.003329,False
1780957554.3354, 0.001263,False
1780957554.3399, 0.009423,False
1780957554.5522, 0.007826,False
1780957554.5568, 0.005787,False
1780957554.5613, 0.003995,False
1780957554.5668, 0.001925,False
1780957554.5715, 0.009961,False
1780957554.5760, 0.008413,False
1780957554.5806, 0.006630,False
1780957554.5857, 0.005002,False
1780957554.8152, 0.003256,False
1780957554.8203, 0.001219,False
1780957554.8251, 0.009418,False
1780957554.8298, 0.007566,False
1780957554.8345, 0.005844,False
1780957554.8399, 0.003987,False
1780957554.8446, 0.002262,False
1780957554.8494, 0.000557,False
1780957555.0818, 0.008714,False
1780957555.0874, 0.006805,False
1780957555.0954, 0.005169,False
1780957555.1008, 0.003394,False
1780957555.1057, 0.001834,False
1780957555.1103, 0.009978,False
1780957555.1154, 0.008199,False
1780957555.1199, 0.006367,False
1780957555.3316, 0.004829,False
1780957555.3361, 0.003105,False
1780957555.4406, 0.000168,False
1780957555.4478, 0.009793,False
1780957555.4524, 0.007935,False
1780957555.4572, 0.005903,False
1780957555.4620, 0.004651,False
1780957555.4672, 0.002996,False
1780957555.4718, 0.001547,False
1780957555.5907, 0.009850,False
1780957555.5953, 0.008315,False
1780957555.6008, 0.006754,False
1780957555.6057, 0.005137,False
1780957555.6104, 0.003552,False
1780957555.6159, 0.001574,False
1780957555.6206, 0.000322,False
1780957555.8422, 0.008524,False
1780957555.8477, 0.006698,False
1780957555.8531, 0.004744,False
1780957555.8579, 0.003192,False
1780957555.8624, 0.001277,False
1780957555.8669, 0.009560,False
1780957555.8713, 0.007818,False
1780957555.8773, 0.006159,False
1780957555.8818, 0.004209,False
1780957556.1027, 0.002759,False
1780957556.1079, 0.001151,False
1780957556.1132, 0.009143,False
1780957556.1176, 0.007398,False
1780957556.1222, 0.005562,False
1780957556.1265, 0.003695,False
1780957556.1321, 0.002027,False
1780957556.3694, 0.010089,False
1780957556.3752, 0.008455,False
1780957556.3798, 0.006628,False
1780957556.3866, 0.004488,False
1780957556.3915, 0.002782,False
1780957556.3962, 0.001417,False
1780957556.4021, 0.009816,False
1780957556.4067, 0.008202,False
1780957556.4112, 0.006762,False
1780957556.6262, 0.005384,False
1780957556.6320, 0.003321,False
1780957556.6367, 0.001987,False
1780957556.6414, 0.000333,False
1780957556.6458, 0.008805,False
1780957556.6503, 0.006970,False
1780957556.6546, 0.000124,False
1780957556.6611, 0.003932,False
1780957556.8835, 0.002448,False
1780957556.8883, 0.000735,False
1780957556.9884, 0.008993,False
1780957556.9933, 0.006805,False
1780957556.9980, 0.004849,False
1780957557.0024, 0.002841,False
1780957557.0068, 0.000488,False
1780957557.0113, 0.009214,False
1780957557.1408, 0.007755,False
1780957557.1454, 0.005965,False
1780957557.1509, 0.004542,False
1780957557.1555, 0.002638,False
1780957557.1600, 0.000644,False
1780957557.1654, 0.008819,False
1780957557.1700, 0.006969,False
1780957557.1742, 0.005230,False
1780957557.1808, 0.003541,False
1780957557.4001, 0.001548,False
1780957557.4049, 0.009674,False
1780957557.4096, 0.007425,False
1780957557.4149, 0.005683,False
1780957557.4194, 0.004133,False
1780957557.4241, 0.002273,False
1780957557.4285, 0.010053,False
1780957557.6395, 0.008497,False
1780957557.6454, 0.006322,False
1780957557.6503, 0.004773,False
1780957557.6547, 0.002373,False
1780957557.6592, 0.000284,False
1780957557.6647, 0.008742,False
1780957557.6701, 0.006772,False
1780957557.6746, 0.004609,False
1780957557.9079, 0.002662,False
1780957557.9129, 0.000344,False
1780957557.9174, 0.008499,False
1780957557.9227, 0.006650,False
1780957557.9281, 0.004906,False
1780957557.9327, 0.003288,False
1780957557.9373, 0.001389,False
1780957557.9420, 0.009595,False
1780957557.9465, 0.007652,False
1780957558.1692, 0.005952,False
1780957558.1741, 0.004086,False
1780957558.1783, 0.000109,False
1780957558.1852, 0.000915,False
1780957558.1898, 0.009138,False
1780957558.1942, 0.007189,False
1780957558.1986, 0.005273,False
1780957558.2029, 0.003212,False
1780957558.4372, 0.001342,False
1780957558.4420, 0.009430,False
1780957558.4467, 0.007667,False
1780957558.4513, 0.005821,False
1780957558.4559, 0.003312,False
1780957558.4605, 0.001063,False
1780957558.4655, 0.009392,False
1780957558.4702, 0.006801,False
1780957558.6913, 0.004688,False
1780957558.6962, 0.002772,False
1780957558.7008, 0.001106,False
1780957558.7052, 0.009390,False
1780957558.7096, 0.007760,False
1780957558.7140, 0.005518,False
1780957558.7213, 0.003901,False
1780957558.7257, 0.002098,False
1780957559.0434, 0.000237,False
1780957559.0480, 0.008225,False
1780957559.0529, 0.006098,False
1780957559.0712, 0.004676,False
1780957559.0761, 0.002621,False
1780957559.0806, 0.001054,False
1780957559.0880, 0.009062,False
1780957559.0927, 0.007014,False
1780957559.1889, 0.005141,False
1780957559.1946, 0.003054,False
1780957559.1998, 0.001075,False
1780957559.2049, 0.009202,False
1780957559.2100, 0.007415,False
1780957559.2146, 0.005870,False
1780957559.2193, 0.003713,False
1780957559.2236, 0.001153,False
1780957559.4532, 0.009396,False
1780957559.4578, 0.007448,False
1780957559.4625, 0.005620,False
1780957559.4669, 0.004206,False
1780957559.4714, 0.001755,False
1780957559.4758, 0.010000,False
1780957559.4805, 0.008149,False
1780957559.4851, 0.000126,False
1780957559.6959, 0.004434,False
1780957559.7009, 0.002513,False
1780957559.7056, 0.000627,False
1780957559.7102, 0.008912,False
1780957559.7158, 0.007121,False
1780957559.7248, 0.005334,False
1780957559.7321, 0.003253,False
1780957559.7386, 0.001467,False
1780957559.9599, 0.009513,False
1780957559.9647, 0.007717,False
1780957559.9693, 0.005805,False
1780957559.9738, 0.003730,False
1780957559.9785, 0.002116,False
1780957559.9834, 0.000000,False
1780957559.9881, 0.008457,False
1780957559.9925, 0.006159,False
1780957560.2174, 0.004279,False
1780957560.2225, 0.002103,False
1780957560.2273, 0.010089,False
1780957560.2325, 0.008046,False
1780957560.2369, 0.006330,False
1780957560.2438, 0.004525,False
1780957560.2486, 0.002585,False
1780957560.2532, 0.000493,False
1780957560.4849, 0.008666,False
1780957560.4896, 0.006959,False
1780957560.4940, 0.005608,False
1780957560.4991, 0.003126,False
1780957560.5036, 0.001120,False
1780957560.5101, 0.009588,False
1780957560.5151, 0.007853,False
1780957560.5197, 0.006070,False
1780957560.7391, 0.004349,False
1780957560.7438, 0.002483,False
1780957560.7487, 0.000579,False
1780957560.7535, 0.008836,False
1780957560.7579, 0.006459,False
1780957560.7627, 0.004392,False
1780957560.7678, 0.002778,False
1780957560.7721, 0.001055,False
1780957560.9975, 0.009296,False
1780957561.0031, 0.007410,False
1780957561.0099, 0.005326,False
1780957561.0162, 0.003635,False
1780957561.0226, 0.000144,False
1780957561.0297, 0.009966,False
1780957561.0345, 0.008262,False
1780957561.0391, 0.006374,False
1780957561.2534, 0.004603,False
1780957561.2599, 0.002843,False
1780957561.2644, 0.000929,False
1780957561.2691, 0.009153,False
1780957561.2738, 0.007082,False
1780957561.2784, 0.005617,False
1780957561.3510, 0.003706,False
1780957561.3562, 0.002048,False
1780957561.5029, 0.010030,False
1780957561.5079, 0.008266,False
1780957561.5127, 0.006187,False
1780957561.5172, 0.004490,False
1780957561.5216, 0.002694,False
1780957561.5261, 0.000909,False
1780957561.5311, 0.008876,False
1780957561.5356, 0.007493,False
1780957561.7560, 0.005489,False
1780957561.7612, 0.003745,False
1780957561.7682, 0.001835,False
1780957561.7727, 0.009922,False
1780957561.7773, 0.008316,False
1780957561.7825, 0.006543,False
1780957561.7873, 0.004550,False
1780957561.7917, 0.002607,False
1780957562.0099, 0.000810,False
1780957562.0146, 0.009563,False
1780957562.0191, 0.007486,False
1780957562.0236, 0.005510,False
1780957562.0311, 0.003929,False
1780957562.0356, 0.001980,False
1780957562.0405, 0.000593,False
1780957562.0450, 0.008548,False
1780957562.2672, 0.006825,False
1780957562.2722, 0.004830,False
1780957562.2767, 0.003103,False
1780957562.2813, 0.001511,False
1780957562.2884, 0.009585,False
1780957562.2930, 0.007321,False
1780957562.2976, 0.005508,False
1780957562.3025, 0.003360,False
1780957562.5186, 0.001351,False
1780957562.5229, 0.000119,False
1780957562.5299, 0.007790,False
1780957562.5344, 0.005867,False
1780957562.5390, 0.004066,False
1780957562.5433, 0.001618,False
1780957562.5479, 0.009411,False
1780957562.5524, 0.007606,False
1780957562.7743, 0.005732,False
1780957562.7795, 0.003451,False
1780957562.7842, 0.001638,False
1780957562.7886, 0.010073,False
1780957562.7929, 0.008036,False
1780957562.7980, 0.006315,False
1780957562.8025, 0.004483,False
1780957562.8070, 0.002387,False
1780957563.0306, 0.000753,False
1780957563.0352, 0.008703,False
1780957563.0397, 0.006409,False
1780957563.0442, 0.004571,False
1780957563.0489, 0.002419,False
1780957563.0535, 0.000751,False
1780957563.1325, 0.008912,False
1780957563.1375, 0.007053,False
1780957563.2822, 0.005149,False
1780957563.2871, 0.003283,False
1780957563.2919, 0.001433,False
1780957563.2966, 0.009641,False
1780957563.3012, 0.007887,False
1780957563.3057, 0.005989,False
1780957563.3101, 0.004202,False
1780957563.3147, 0.002173,False
1780957563.5363, 0.000606,False
1780957563.5409, 0.008301,False
1780957563.5455, 0.006384,False
1780957563.5522, 0.004611,False
1780957563.5568, 0.002800,False
1780957563.5616, 0.000923,False
1780957563.5661, 0.009195,False
1780957563.5703, 0.007485,False
1780957563.7897, 0.005417,False
1780957563.7951, 0.003449,False
1780957563.7998, 0.001274,False
1780957563.8066, 0.009539,False
1780957563.8113, 0.007394,False
1780957563.8165, 0.005546,False
1780957563.8208, 0.000141,False
1780957563.8273, 0.001729,False
1780957564.0432, 0.009934,False
1780957564.0493, 0.007927,False
1780957564.0548, 0.006297,False
1780957564.0605, 0.004023,False
1780957564.0652, 0.002085,False
1780957564.0701, 0.010100,False
1780957564.0750, 0.008395,False
1780957564.0800, 0.006830,False
1780957564.2935, 0.005239,False
1780957564.2998, 0.003357,False
1780957564.3066, 0.001266,False
1780957564.3127, 0.009492,False
1780957564.3191, 0.008031,False
1780957564.3244, 0.005738,False
1780957564.3297, 0.003962,False
1780957564.3343, 0.002148,False
1780957564.5654, 0.000314,False
1780957564.5714, 0.008750,False
1780957564.5781, 0.006386,False
1780957564.5843, 0.004564,False
1780957564.5889, 0.002578,False
1780957564.5935, 0.000678,False
1780957564.6014, 0.008854,False
1780957564.6088, 0.006612,False
1780957564.8161, 0.004816,False
1780957564.8208, 0.003090,False
1780957564.8254, 0.001149,False
1780957564.8307, 0.009085,False
1780957564.8357, 0.007575,False
1780957564.8402, 0.005714,False
1780957564.8457, 0.003483,False
1780957564.8505, 0.001566,False
1780957565.0610, 0.009915,False
1780957565.0658, 0.007592,False
1780957565.0729, 0.005600,False
1780957565.0775, 0.003615,False
1780957565.0818, 0.001776,False
1780957565.0863, 0.009998,False
1780957565.0929, 0.008437,False
1780957565.0976, 0.006365,False
1780957565.2180, 0.004564,False
1780957565.2226, 0.002792,False
1780957565.2273, 0.001194,False
1780957565.2316, 0.000000,False
1780957565.3261, 0.007018,False
1780957565.3310, 0.005329,False
1780957565.3357, 0.003198,False
1780957565.3413, 0.001408,False
1780957565.5799, 0.009477,False
1780957565.5853, 0.007658,False
1780957565.5899, 0.005899,False
1780957565.5948, 0.004105,False
1780957565.5993, 0.002111,False
1780957565.6036, 0.000517,False
1780957565.6081, 0.008853,False
1780957565.6145, 0.007249,False
1780957565.7202, 0.005599,False
1780957565.7249, 0.003444,False
1780957565.7309, 0.001499,False
1780957565.8381, 0.009176,False
1780957565.8429, 0.007024,False
1780957565.8481, 0.004926,False
1780957565.8527, 0.002999,False
1780957565.8570, 0.001095,False
1780957566.0793, 0.009126,False
1780957566.0842, 0.007086,False
1780957566.0889, 0.005333,False
1780957566.0936, 0.003602,False
1780957566.0981, 0.001801,False
1780957566.1026, 0.009706,False
1780957566.1072, 0.007589,False
1780957566.1134, 0.005605,False
1780957566.2355, 0.003517,False
1780957566.2403, 0.001891,False
1780957566.2455, 0.000248,False
1780957566.2511, 0.008413,False
1780957566.2584, 0.006247,False
1780957566.2630, 0.004394,False
1780957566.3473, 0.002696,False
1780957566.3521, 0.000211,False
1780957566.5966, 0.008391,False
1780957566.6044, 0.006420,False
1780957566.6092, 0.004455,False
1780957566.6147, 0.002689,False
1780957566.6195, 0.000944,False
1780957566.6240, 0.009069,False
1780957566.6288, 0.007459,False
1780957566.6337, 0.005776,False
1780957566.8709, 0.000088,False
1780957566.8789, 0.001810,False
1780957566.8839, 0.000248,False
1780957566.8883, 0.008221,False
1780957566.8934, 0.005955,False
1780957566.8993, 0.004182,False
1780957566.9039, 0.002198,False
1780957566.9083, 0.009904,False
1780957567.1190, 0.007550,False
1780957567.1239, 0.005824,False
1780957567.1296, 0.004151,False
1780957567.1342, 0.002393,False
1780957567.1388, 0.000269,False
1780957567.1435, 0.008705,False
1780957567.1481, 0.006939,False
1780957567.1526, 0.005035,False
1780957567.3775, 0.003173,False
1780957567.3821, 0.001202,False
1780957567.4863, 0.009389,False
1780957567.4912, 0.008002,False
1780957567.4961, 0.005857,False
1780957567.5005, 0.004034,False
1780957567.5050, 0.001979,False
1780957567.5098, 0.009846,False
1780957567.6178, 0.008124,False
1780957567.6232, 0.006394,False
1780957567.6294, 0.004620,False
1780957567.6341, 0.002785,False
1780957567.6388, 0.001335,False
1780957567.6435, 0.009420,False
1780957567.6482, 0.007672,False
1780957567.6529, 0.005737,False
1780957567.8830, 0.004047,False
1780957567.8898, 0.002054,False
1780957567.8951, 0.000296,False
1780957567.9004, 0.008223,False
1780957567.9051, 0.005974,False
1780957567.9097, 0.003927,False
1780957567.9150, 0.002316,False
1780957567.9199, 0.000796,False
1780957568.1361, 0.008880,False
1780957568.1407, 0.007043,False
1780957568.1452, 0.004760,False
1780957568.1498, 0.002939,False
1780957568.1544, 0.001012,False
1780957568.1589, 0.000132,False
1780957568.1655, 0.007109,False
1780957568.1699, 0.004835,False
1780957568.1763, 0.003269,False
1780957568.4102, 0.001328,False
1780957568.4151, 0.009230,False
1780957568.4198, 0.007057,False
1780957568.4244, 0.005077,False
1780957568.4292, 0.003341,False
1780957568.4336, 0.001483,False
1780957568.4380, 0.009201,False
1780957568.4429, 0.007391,False
1780957568.6666, 0.005375,False
1780957568.6714, 0.003775,False
1780957568.6763, 0.001874,False
1780957568.6809, 0.000230,False
1780957568.6855, 0.008257,False
1780957568.6900, 0.006103,False
1780957568.6953, 0.003876,False
1780957568.6998, 0.001596,False
1780957568.9201, 0.009340,False
1780957568.9253, 0.007620,False
1780957568.9321, 0.005776,False
1780957568.9366, 0.004020,False
1780957568.9409, 0.002069,False
1780957568.9453, 0.000291,False
1780957569.0232, 0.008092,False
1780957569.0283, 0.006176,False
1780957569.1795, 0.004431,False
1780957569.1842, 0.002701,False
1780957569.1886, 0.000783,False
1780957569.1933, 0.008922,False
1780957569.1978, 0.007120,False
1780957569.2023, 0.005296,False
1780957569.2068, 0.004105,False
1780957569.2112, 0.001333,False
1780957569.4417, 0.008976,False
1780957569.4472, 0.007074,False
1780957569.4519, 0.005231,False
1780957569.4563, 0.003375,False
1780957569.4614, 0.001504,False
1780957569.4657, 0.009348,False
1780957569.4722, 0.007865,False
1780957569.4773, 0.006126,False
1780957569.7010, 0.004655,False
1780957569.7056, 0.000131,False
1780957569.7126, 0.001132,False
1780957569.7173, 0.009436,False
1780957569.7221, 0.007757,False
1780957569.7269, 0.005682,False
1780957569.7340, 0.003944,False
1780957569.7384, 0.001982,False
1780957569.9523, 0.000212,False
1780957569.9578, 0.008412,False
1780957569.9629, 0.006565,False
1780957569.9675, 0.004681,False
1780957569.9722, 0.002377,False
1780957569.9774, 0.000564,False
1780957569.9843, 0.009176,False
1780957569.9886, 0.007172,False
1780957570.2183, 0.005332,False
1780957570.2230, 0.002923,False
1780957570.2280, 0.001137,False
1780957570.2327, 0.009285,False
1780957570.2372, 0.007247,False
1780957570.2419, 0.005103,False
1780957570.2464, 0.003375,False
1780957570.2510, 0.001231,False
1780957570.4718, 0.009324,False
1780957570.4776, 0.007814,False
1780957570.4822, 0.006037,False
1780957570.4866, 0.003922,False
1780957570.4912, 0.002015,False
1780957570.4959, 0.000234,False
1780957570.5006, 0.008172,False
1780957570.5051, 0.005972,False
1780957570.5099, 0.003977,False
1780957570.7362, 0.002220,False
1780957570.7410, 0.000426,False
1780957570.7462, 0.008483,False
1780957570.7508, 0.006735,False
1780957570.7552, 0.004770,False
1780957570.7602, 0.002754,False
1780957570.7648, 0.000964,False
1780957570.9803, 0.009011,False
1780957570.9886, 0.007246,False
1780957570.9934, 0.004926,False
1780957570.9979, 0.002808,False
1780957571.0024, 0.001134,False
1780957571.0068, 0.009189,False
1780957571.0130, 0.000132,False
1780957571.0200, 0.005630,False
1780957571.2447, 0.003696,False
1780957571.2502, 0.002650,False
1780957571.2549, 0.000459,False
1780957571.2603, 0.008766,False
1780957571.2653, 0.006499,False
1780957571.2734, 0.004828,False
1780957571.2784, 0.002516,False
1780957571.2831, 0.000687,False
1780957571.2879, 0.008268,False
1780957571.6159, 0.006492,False
1780957571.6234, 0.004679,False
1780957571.6295, 0.002322,False
1780957571.6338, 0.000390,False
1780957571.6403, 0.008722,False
1780957571.6450, 0.006969,False
1780957571.6499, 0.005181,False
1780957571.6542, 0.003226,False
1780957571.7508, 0.001641,False
1780957571.7556, 0.009588,False
1780957571.7607, 0.007414,False
1780957571.7655, 0.005673,False
1780957571.7700, 0.003660,False
1780957571.7745, 0.001758,False
1780957571.7793, 0.009515,False
1780957571.7837, 0.007433,False
1780957572.0309, 0.006047,False
1780957572.0357, 0.004086,False
1780957572.0405, 0.002199,False
1780957572.0458, 0.000444,False
1780957572.0503, 0.008480,False
1780957572.0550, 0.006851,False
1780957572.0600, 0.004979,False
1780957572.0646, 0.003091,False
1780957572.2813, 0.001254,False
1780957572.2866, 0.008822,False
1780957572.2920, 0.007114,False
1780957572.2972, 0.005378,False
1780957572.3016, 0.003959,False
1780957572.4038, 0.001763,False
1780957572.4106, 0.009487,False
1780957572.4151, 0.007564,False
1780957572.5432, 0.005764,False
1780957572.5480, 0.003852,False
1780957572.5541, 0.000128,False
1780957572.5621, 0.000286,False
1780957572.5672, 0.008311,False
1780957572.5725, 0.006560,False
1780957572.5779, 0.004853,False
1780957572.5825, 0.002338,False
1780957572.5871, 0.000681,False
1780957572.8006, 0.009103,False
1780957572.8052, 0.007053,False
1780957572.8136, 0.005365,False
1780957572.8183, 0.003481,False
1780957572.8226, 0.001500,False
1780957572.8273, 0.009794,False
1780957572.8318, 0.007569,False
1780957573.0696, 0.005556,False
1780957573.0745, 0.003933,False
1780957573.0795, 0.001663,False
1780957573.0841, 0.009781,False
1780957573.0887, 0.008319,False
1780957573.0936, 0.006496,False
1780957573.1831, 0.004818,False
1780957573.1891, 0.002881,False
1780957573.1936, 0.001123,False
1780957573.3130, 0.008770,False
1780957573.3177, 0.006571,False
1780957573.3222, 0.004550,False
1780957573.3267, 0.002266,False
1780957573.3311, 0.000710,False
1780957573.3357, 0.008451,False
1780957573.3403, 0.006643,False
1780957573.3449, 0.004546,False
1780957573.5768, 0.002549,False
1780957573.5821, 0.000793,False
1780957573.5882, 0.008601,False
1780957573.5941, 0.006652,False
1780957573.5986, 0.004872,False
1780957573.6030, 0.003005,False
1780957573.6079, 0.001231,False
1780957573.6126, 0.009473,False
1780957573.8324, 0.007361,False
1780957573.8373, 0.005826,False
1780957573.8418, 0.003759,False
1780957573.8463, 0.001981,False
1780957573.8506, 0.010047,False
1780957573.8551, 0.008167,False
1780957573.8601, 0.000099,False
1780957573.8670, 0.004338,False
1780957574.0855, 0.002570,False
1780957574.0904, 0.000750,False
1780957574.0962, 0.008889,False
1780957574.1008, 0.007109,False
1780957574.1054, 0.005397,False
1780957574.1107, 0.003590,False
1780957574.1153, 0.001781,False
1780957574.3384, 0.010012,False
1780957574.3440, 0.008043,False
1780957574.3508, 0.006129,False
1780957574.3553, 0.003826,False
1780957574.3600, 0.002110,False
1780957574.3646, 0.000238,False
1780957574.3702, 0.008322,False
1780957574.3746, 0.005949,False
1780957574.3790, 0.004436,False
1780957574.5957, 0.002494,False
1780957574.6026, 0.000771,False
1780957574.6086, 0.008811,False
1780957574.6132, 0.006557,False
1780957574.6178, 0.004598,False
1780957574.6224, 0.002911,False
1780957574.6281, 0.001033,False
1780957574.6328, 0.008766,False
1780957574.8383, 0.006463,False
1780957574.8435, 0.004407,False
1780957574.8482, 0.002207,False
1780957574.8526, 0.000372,False
1780957574.8571, 0.008622,False
1780957574.8616, 0.006686,False
1780957574.8660, 0.004459,False
1780957574.8704, 0.002454,False
1780957575.1037, 0.000406,False
1780957575.1092, 0.008402,False
1780957575.1138, 0.006776,False
1780957575.1181, 0.004448,False
1780957575.1227, 0.002474,False
1780957575.1275, 0.000638,False
1780957575.1319, 0.008867,False
1780957575.3611, 0.007005,False
1780957575.3658, 0.005290,False
1780957575.3704, 0.003491,False
1780957575.3751, 0.001276,False
1780957575.3794, 0.000120,False
1780957575.3859, 0.006536,False
1780957575.3904, 0.004628,False
1780957575.3950, 0.002691,False
1780957575.3996, 0.000961,False
1780957575.6129, 0.009148,False
1780957575.6176, 0.006952,False
1780957575.6221, 0.005453,False
1780957575.6275, 0.003765,False
1780957575.6322, 0.002016,False
1780957575.6367, 0.009808,False
1780957575.6418, 0.007745,False
1780957575.6462, 0.005608,False
1780957575.8657, 0.003641,False
1780957575.8704, 0.001885,False
1780957575.8749, 0.010041,False
1780957575.8795, 0.008282,False
1780957575.8841, 0.006402,False
1780957575.8887, 0.004581,False
1780957575.8935, 0.001926,False
1780957575.8978, 0.000479,False
1780957576.1331, 0.008302,False
1780957576.1378, 0.006731,False
1780957576.1432, 0.004438,False
1780957576.1479, 0.002379,False
1780957576.1524, 0.000760,False
1780957576.1571, 0.008875,False
1780957576.1627, 0.007166,False
1780957576.1671, 0.005261,False
1780957576.3921, 0.003467,False
1780957576.3969, 0.001728,False
1780957576.4016, 0.009876,False
1780957576.4065, 0.008308,False
1780957576.4111, 0.006744,False
1780957576.4156, 0.004672,False
1780957576.4203, 0.003089,False
1780957576.4245, 0.000898,False
1780957576.7478, 0.009035,False
1780957576.7532, 0.006927,False
1780957576.7587, 0.004829,False
1780957576.7635, 0.002855,False
1780957576.7679, 0.001068,False
1780957576.7726, 0.008650,False
1780957576.7773, 0.007054,False
1780957576.7816, 0.005171,False
1780957576.9117, 0.000106,False
1780957576.9186, 0.000755,False
1780957576.9236, 0.009079,False
1780957576.9282, 0.007363,False
1780957576.9327, 0.005041,False
1780957576.9382, 0.003114,False
1780957576.9443, 0.001395,False
1780957576.9486, 0.009580,False
1780957577.1532, 0.007362,False
1780957577.1584, 0.005214,False
1780957577.2666, 0.003679,False
1780957577.2719, 0.001759,False
1780957577.2770, 0.010014,False
1780957577.2818, 0.008574,False
1780957577.2862, 0.006467,False
1780957577.2935, 0.004809,False
1780957577.4254, 0.002807,False
1780957577.4302, 0.000908,False
1780957577.4354, 0.009055,False
1780957577.4400, 0.007318,False
1780957577.4445, 0.005465,False
1780957577.4491, 0.003591,False
1780957577.4534, 0.001321,False
1780957577.4600, 0.009458,False
1780957577.6780, 0.007820,False
1780957577.6845, 0.006199,False
1780957577.6891, 0.004200,False
1780957577.6950, 0.002653,False
1780957577.6997, 0.000363,False
1780957577.7042, 0.008324,False
1780957577.7100, 0.005716,False
1780957577.7148, 0.003988,False
1780957577.9469, 0.001962,False
1780957577.9520, 0.000216,False
1780957577.9570, 0.008340,False
1780957577.9623, 0.005951,False
1780957577.9675, 0.003904,False
1780957577.9730, 0.001925,False
1780957577.9781, 0.000213,False
1780957577.9827, 0.008118,False
1780957577.9871, 0.006082,False
1780957578.1983, 0.004282,False
1780957578.2033, 0.002432,False
1780957578.2087, 0.000625,False
1780957578.2137, 0.008519,False
1780957578.2182, 0.000103,False
1780957578.2258, 0.004945,False
1780957578.2304, 0.002918,False
1780957578.2350, 0.000947,False
1780957578.4570, 0.009068,False
1780957578.4618, 0.007240,False
1780957578.4664, 0.005325,False
1780957578.4709, 0.003130,False
1780957578.4753, 0.001388,False
1780957578.4798, 0.009609,False
1780957578.4843, 0.007938,False
1780957578.4889, 0.005883,False
1780957578.7145, 0.004022,False
1780957578.7195, 0.002436,False
1780957578.7243, 0.000618,False
1780957578.7287, 0.008696,False
1780957578.7329, 0.006792,False
1780957578.7394, 0.004603,False
1780957578.7438, 0.002671,False
1780957578.7480, 0.000837,False
1780957578.9819, 0.008888,False
1780957578.9867, 0.007278,False
1780957578.9915, 0.005360,False
1780957578.9960, 0.003474,False
1780957579.0003, 0.001344,False
1780957579.0085, 0.009704,False
1780957579.0135, 0.007481,False
1780957579.0180, 0.005759,False
1780957579.2510, 0.003629,False
1780957579.2558, 0.001649,False
1780957579.2614, 0.009852,False
1780957579.2661, 0.007633,False
1780957579.2708, 0.005739,False
1780957579.2756, 0.003703,False
1780957579.2801, 0.001948,False
1780957579.2844, 0.000251,False
1780957579.4923, 0.008384,False
1780957579.4972, 0.006681,False
1780957579.5018, 0.004783,False
1780957579.5064, 0.003221,False
1780957579.5110, 0.001320,False
1780957579.5157, 0.009421,False
1780957579.5204, 0.007256,False
1780957579.5252, 0.005338,False
1780957579.7485, 0.003314,False
1780957579.7549, 0.000114,False
1780957579.7625, 0.009582,False
1780957579.7696, 0.007428,False
1780957579.7745, 0.005695,False
1780957579.7794, 0.003912,False
1780957579.7838, 0.001993,False
1780957579.7883, 0.000199,False
1780957580.0160, 0.007987,False
1780957580.0209, 0.005974,False
1780957580.0260, 0.004047,False
1780957580.0305, 0.002289,False
1780957580.0349, 0.000470,False
1780957580.0401, 0.008598,False
1780957580.0445, 0.006846,False
1780957580.0489, 0.004863,False
1780957580.2639, 0.003344,False
1780957580.2711, 0.001419,False
1780957580.2773, 0.009242,False
1780957580.2820, 0.007162,False
1780957580.2886, 0.005156,False
1780957580.2934, 0.003331,False
1780957580.2979, 0.001832,False
1780957580.3022, 0.009955,False
1780957580.5206, 0.008179,False
1780957580.5267, 0.006180,False
1780957580.5317, 0.004119,False
1780957580.5364, 0.002315,False
1780957580.5439, 0.000272,False
1780957580.5486, 0.008637,False
1780957580.5532, 0.006817,False
1780957580.5578, 0.004805,False
1780957580.5625, 0.002669,False
1780957580.7797, 0.000774,False
1780957580.7855, 0.008966,False
1780957580.7917, 0.007133,False
1780957580.7968, 0.005387,False
1780957580.8021, 0.003434,False
1780957580.8079, 0.001403,False
1780957580.8134, 0.009336,False
1780957581.0238, 0.007347,False
1780957581.0320, 0.005403,False
1780957581.0371, 0.003373,False
1780957581.0418, 0.002104,False
1780957581.0464, 0.010277,False
1780957581.0510, 0.008475,False
1780957581.0556, 0.000122,False
1780957581.0621, 0.004885,False
1780957581.2828, 0.002415,False
1780957581.2875, 0.000500,False
1780957581.2926, 0.008869,False
1780957581.2973, 0.006800,False
1780957581.3018, 0.004850,False
1780957581.3065, 0.002379,False
1780957581.3111, 0.000738,False
1780957581.3156, 0.008869,False
1780957581.5393, 0.006556,False
1780957581.5445, 0.004540,False
1780957581.5501, 0.002785,False
1780957581.5555, 0.000517,False
1780957581.5610, 0.008591,False
1780957581.5662, 0.006880,False
1780957581.5715, 0.004871,False
1780957581.5761, 0.002825,False
1780957581.8069, 0.000996,False
1780957581.8127, 0.008777,False
1780957581.8174, 0.006856,False
1780957581.8222, 0.004537,False
1780957581.8269, 0.002724,False
1780957581.8316, 0.000833,False
1780957581.8364, 0.008753,False
1780957581.8412, 0.006525,False
1780957581.8457, 0.004288,False
1780957582.0647, 0.001974,False
1780957582.0695, 0.010061,False
1780957582.0747, 0.007707,False
1780957582.0792, 0.005545,False
1780957582.0839, 0.003281,False
1780957582.0892, 0.001656,False
1780957582.0940, 0.009677,False
1780957582.0984, 0.007718,False
1780957582.3330, 0.005332,False
1780957582.3384, 0.003791,False
1780957582.3434, 0.001924,False
1780957582.3481, 0.000471,False
1780957582.3527, 0.008736,False
1780957582.3575, 0.006745,False
1780957582.3627, 0.004795,False
1780957582.3672, 0.002634,False
1780957582.5925, 0.000710,False
1780957582.5979, 0.008908,False
1780957582.6029, 0.000063,False
1780957582.6103, 0.005409,False
1780957582.6153, 0.003155,False
1780957582.6206, 0.001690,False
1780957582.6254, 0.009327,False
1780957582.6311, 0.007422,False
1780957582.8520, 0.005630,False
1780957582.8582, 0.003942,False
1780957582.8648, 0.002310,False
1780957582.8711, 0.000554,False
1780957582.8763, 0.008714,False
1780957582.8813, 0.006690,False
1780957582.8864, 0.004535,False
1780957582.8924, 0.002711,False
1780957582.8968, 0.000723,False
1780957583.1148, 0.008808,False
1780957583.1198, 0.007044,False
1780957583.1248, 0.005063,False
1780957583.1292, 0.003382,False
1780957583.1336, 0.001923,False
1780957583.1381, 0.009911,False
1780957583.1443, 0.008259,False
1780957583.3604, 0.006184,False
1780957583.3718, 0.003968,False
1780957583.3769, 0.002092,False
1780957583.3816, 0.010084,False
1780957583.3863, 0.008028,False
1780957583.3915, 0.006131,False
1780957583.3962, 0.004622,False
1780957583.4016, 0.002272,False
1780957583.6274, 0.000877,False
1780957583.6343, 0.008735,False
1780957583.6388, 0.006607,False
1780957583.6433, 0.004786,False
1780957583.6476, 0.002923,False
1780957583.6521, 0.000825,False
1780957583.6569, 0.008561,False
1780957583.6615, 0.006957,False
1780957583.6661, 0.005144,False
1780957583.8913, 0.003063,False
1780957583.8961, 0.000732,False
1780957583.9007, 0.008276,False
1780957583.9053, 0.006777,False
1780957583.9101, 0.004829,False
1780957583.9147, 0.002853,False
1780957583.9191, 0.000115,False
1780957583.9260, 0.009046,False
1780957584.1344, 0.007212,False
1780957584.1391, 0.005790,False
1780957584.1438, 0.003570,False
1780957584.1481, 0.001754,False
1780957584.1527, 0.009513,False
1780957584.1571, 0.007612,False
1780957584.1615, 0.005499,False
1780957584.1658, 0.003708,False
1780957584.3985, 0.001558,False
1780957584.4039, 0.009441,False
1780957584.4087, 0.007427,False
1780957584.4133, 0.005583,False
1780957584.4177, 0.003898,False
1780957584.4224, 0.001944,False
1780957584.4273, 0.000186,False
1780957584.4319, 0.008340,False
1780957584.6642, 0.006574,False
1780957584.6692, 0.004483,False
1780957584.6739, 0.002304,False
1780957584.6784, 0.000362,False
1780957584.6831, 0.008729,False
1780957584.6876, 0.006448,False
1780957584.6918, 0.004101,False
1780957584.6982, 0.002364,False
1780957584.9199, 0.000538,False
1780957584.9251, 0.009089,False
1780957584.9296, 0.007279,False
1780957584.9342, 0.005296,False
1780957584.9404, 0.003559,False
1780957584.9452, 0.001748,False
1780957584.9505, 0.010018,False
1780957584.9557, 0.008392,False
1780957585.0625, 0.006452,False
1780957585.0672, 0.004512,False
1780957585.0724, 0.002746,False
1780957585.0770, 0.000929,False
1780957585.1770, 0.008637,False
1780957585.1818, 0.006980,False
1780957585.1866, 0.005127,False
1780957585.1910, 0.003167,False
1780957585.4316, 0.000904,False
1780957585.4371, 0.008846,False
1780957585.4440, 0.007007,False
1780957585.4483, 0.000103,False
1780957585.4554, 0.003560,False
1780957585.4600, 0.001836,False
1780957585.4643, 0.009873,False
1780957585.4687, 0.008179,False
1780957585.6939, 0.006186,False
1780957585.6987, 0.004432,False
1780957585.7034, 0.002647,False
1780957585.7079, 0.000669,False
1780957585.7124, 0.008909,False
1780957585.7175, 0.006989,False
1780957585.7223, 0.005172,False
1780957585.7268, 0.003229,False
1780957585.9497, 0.001284,False
1780957585.9551, 0.008802,False
1780957585.9604, 0.007084,False
1780957585.9649, 0.005323,False
1780957585.9695, 0.003371,False
1780957585.9742, 0.001466,False
1780957585.9789, 0.009586,False
1780957585.9835, 0.007852,False
1780957586.2100, 0.005628,False
1780957586.2165, 0.003623,False
1780957586.2217, 0.001454,False
1780957586.2265, 0.009308,False
1780957586.2310, 0.007876,False
1780957586.2354, 0.005616,False
1780957586.2427, 0.003828,False
1780957586.2474, 0.001897,False
1780957586.4627, 0.010071,False
1780957586.4688, 0.008106,False
1780957586.4738, 0.005986,False
1780957586.4785, 0.003961,False
1780957586.4831, 0.001673,False
1780957586.4878, 0.009928,False
1780957586.4936, 0.008090,False
1780957586.4983, 0.006488,False
1780957586.7085, 0.004905,False
1780957586.8237, 0.002907,False
1780957586.8285, 0.001028,False
1780957586.8331, 0.009484,False
1780957586.8378, 0.007865,False
1780957586.8422, 0.006018,False
1780957586.8468, 0.004071,False
1780957586.8512, 0.001721,False
1780957586.9669, 0.000058,False
1780957586.9750, 0.008041,False
1780957586.9802, 0.005903,False
1780957586.9847, 0.004123,False
1780957586.9905, 0.002229,False
1780957586.9952, 0.000416,False
1780957586.9998, 0.008626,False
1780957587.0056, 0.006801,False
1780957587.2262, 0.004734,False
1780957587.2323, 0.002945,False
1780957587.2373, 0.001274,False
1780957587.2417, 0.009333,False
1780957587.2462, 0.007028,False
1780957587.2509, 0.005565,False
1780957587.2555, 0.003447,False
1780957587.2601, 0.001565,False
1780957587.4763, 0.009324,False
1780957587.4819, 0.007488,False
1780957587.4872, 0.005569,False
1780957587.4930, 0.003937,False
1780957587.4981, 0.002023,False
1780957587.5027, 0.009685,False
1780957587.5094, 0.007789,False
1780957587.5141, 0.005998,False
1780957587.7477, 0.004389,False
1780957587.7536, 0.002374,False
1780957587.7589, 0.000250,False
1780957587.7640, 0.007986,False
1780957587.7692, 0.006125,False
1780957587.7738, 0.003879,False
1780957587.7783, 0.001806,False
1780957587.7827, 0.009955,False
1780957587.8898, 0.008136,False
1780957587.8944, 0.005849,False
1780957587.8990, 0.003961,False
1780957587.9984, 0.002198,False
1780957588.0036, 0.000289,False
1780957588.0089, 0.008691,False
1780957588.0135, 0.006846,False
1780957588.0180, 0.004862,False
1780957588.1128, 0.003240,False
1780957588.2572, 0.001584,False
1780957588.2622, 0.009633,False
1780957588.2668, 0.007729,False
1780957588.2718, 0.005305,False
1780957588.2763, 0.000068,False
1780957588.2832, 0.001641,False
1780957588.2884, 0.009863,False
1780957588.2934, 0.007906,False
1780957588.5081, 0.005682,False
1780957588.5128, 0.003611,False
1780957588.5174, 0.001342,False
1780957588.5243, 0.009356,False
1780957588.5295, 0.007166,False
1780957588.5342, 0.005316,False
1780957588.5404, 0.003788,False
1780957588.5454, 0.001511,False
1780957588.7752, 0.009698,False
1780957588.7800, 0.007823,False
1780957588.7846, 0.005420,False
1780957588.7892, 0.003252,False
1780957588.7940, 0.001473,False
1780957588.7985, 0.009389,False
1780957588.8031, 0.007787,False
1780957588.8074, 0.005468,False
1780957589.0379, 0.003362,False
1780957589.0428, 0.001228,False
1780957589.0471, 0.009538,False
1780957589.0518, 0.007470,False
1780957589.0566, 0.005473,False
1780957589.0611, 0.003541,False
1780957589.0654, 0.001501,False
1780957589.0697, 0.009715,False
1780957589.2964, 0.007708,False
1780957589.3012, 0.005937,False
1780957589.3064, 0.004114,False
1780957589.3110, 0.002172,False
1780957589.3156, 0.000298,False
1780957589.3214, 0.008429,False
1780957589.3266, 0.006659,False
1780957589.3310, 0.004750,False
1780957589.5451, 0.002859,False
1780957589.5500, 0.001160,False
1780957589.5551, 0.008763,False
1780957589.5599, 0.006950,False
1780957589.5643, 0.005282,False
1780957589.5687, 0.003033,False
1780957589.5733, 0.000903,False
1780957589.5779, 0.009076,False
1780957589.8062, 0.006999,False
1780957589.8107, 0.000130,False
1780957589.8179, 0.003316,False
1780957589.8224, 0.000964,False
1780957589.8270, 0.009090,False
1780957589.8317, 0.007218,False
1780957589.8365, 0.005478,False
1780957589.8410, 0.003782,False
1780957590.0692, 0.001882,False
1780957590.0741, 0.000300,False
1780957590.0786, 0.008324,False
1780957590.0831, 0.006404,False
1780957590.0877, 0.004590,False
1780957590.0923, 0.002552,False
1780957590.0967, 0.000921,False
1780957590.1010, 0.008926,False
1780957590.3238, 0.007298,False
1780957590.3286, 0.005454,False
1780957590.3332, 0.003619,False
1780957590.3380, 0.001975,False
1780957590.3426, 0.000405,False
1780957590.3470, 0.008313,False
1780957590.3517, 0.006405,False
1780957590.3571, 0.004675,False
1780957590.3616, 0.002628,False
1780957590.5632, 0.000448,False
1780957590.5680, 0.008529,False
1780957590.5735, 0.006837,False
1780957590.5784, 0.004905,False
1780957590.5830, 0.002951,False
1780957590.5878, 0.001295,False
1780957590.5925, 0.009359,False
1780957590.8358, 0.007662,False
1780957590.8417, 0.005535,False
1780957590.8472, 0.003513,False
1780957590.8525, 0.001749,False
1780957590.8576, 0.009998,False
1780957590.8631, 0.008138,False
1780957590.8685, 0.006245,False
1780957590.8739, 0.004397,False
1780957590.8798, 0.002101,False
1780957591.0858, 0.000229,False
1780957591.0907, 0.008684,False
1780957591.0951, 0.006688,False
1780957591.0996, 0.004818,False
1780957591.1043, 0.002798,False
1780957591.1085, 0.000139,False
1780957591.1149, 0.009487,False
1780957591.3401, 0.007536,False
1780957591.3450, 0.005709,False
1780957591.3498, 0.003881,False
1780957591.3547, 0.001523,False
1780957591.3594, 0.009737,False
1780957591.3643, 0.007841,False
1780957591.3696, 0.006357,False
1780957591.3742, 0.004033,False
1780957591.5906, 0.002280,False
1780957591.5953, 0.009845,False
1780957591.5997, 0.007937,False
1780957591.6048, 0.006233,False
1780957591.6095, 0.004092,False
1780957591.6138, 0.002418,False
1780957591.6184, 0.000563,False
1780957591.6232, 0.008635,False
1780957591.8535, 0.006605,False
1780957591.8583, 0.004621,False
1780957591.8629, 0.002545,False
1780957591.8672, 0.000628,False
1780957591.8724, 0.008843,False
1780957591.8773, 0.006853,False
1780957591.8817, 0.005062,False
1780957591.8863, 0.003000,False
1780957591.8907, 0.000876,False
1780957592.1029, 0.008987,False
1780957592.1079, 0.007167,False
1780957592.1124, 0.005873,False
1780957592.1193, 0.004202,False
1780957592.1240, 0.002187,False
1780957592.1288, 0.000536,False
1780957592.1330, 0.008589,False
1780957592.3601, 0.006953,False
1780957592.3647, 0.004883,False
1780957592.3699, 0.003119,False
1780957592.3746, 0.001297,False
1780957592.3791, 0.009503,False
1780957592.3835, 0.007483,False
1780957592.3885, 0.005848,False
1780957592.3930, 0.004246,False
1780957592.6060, 0.002297,False
1780957592.6108, 0.000284,False
1780957592.6152, 0.008675,False
1780957592.6197, 0.000134,False
1780957592.6271, 0.004786,False
1780957592.6317, 0.002867,False
1780957592.6367, 0.001355,False
1780957592.6411, 0.009466,False
1780957592.8720, 0.007698,False
1780957592.8779, 0.005821,False
1780957592.8832, 0.004030,False
1780957592.8887, 0.002242,False
1780957592.8941, 0.000507,False
1780957592.8996, 0.008764,False
1780957592.9052, 0.006410,False
1780957592.9105, 0.004516,False
1780957593.1228, 0.002757,False
1780957593.1290, 0.000775,False
1780957593.1347, 0.008832,False
1780957593.1409, 0.007279,False
1780957593.1462, 0.005257,False
1780957593.1517, 0.003415,False
1780957593.1564, 0.001719,False
1780957593.1610, 0.009477,False
1780957593.3910, 0.008051,False
1780957593.3968, 0.006578,False
1780957593.4016, 0.004556,False
1780957593.5079, 0.002819,False
1780957593.5125, 0.001339,False
1780957593.5172, 0.009457,False
1780957593.5219, 0.007524,False
1780957593.5263, 0.005292,False
1780957593.5306, 0.003445,False
1780957593.6426, 0.001082,False
1780957593.6484, 0.009312,False
1780957593.6553, 0.007352,False
1780957593.6602, 0.005300,False
1780957593.6648, 0.003278,False
1780957593.6693, 0.001631,False
1780957593.6740, 0.009286,False
1780957593.6787, 0.007470,False
1780957593.9201, 0.005599,False
1780957593.9247, 0.003126,False
1780957593.9302, 0.001524,False
1780957593.9353, 0.009762,False
1780957593.9405, 0.007411,False
1780957593.9458, 0.005723,False
1780957593.9512, 0.003741,False
1780957593.9564, 0.000118,False
1780957594.1743, 0.010054,False
1780957594.1791, 0.008150,False
1780957594.1839, 0.006421,False
1780957594.1889, 0.004678,False
1780957594.1935, 0.002784,False
1780957594.1980, 0.001073,False
1780957594.2032, 0.008733,False
1780957594.2077, 0.006822,False
1780957594.4291, 0.005142,False
1780957594.4337, 0.003244,False
1780957594.4389, 0.001497,False
1780957594.4438, 0.009504,False
1780957594.4484, 0.007326,False
1780957594.4535, 0.004991,False
1780957594.4581, 0.003053,False
1780957594.4626, 0.001163,False
1780957594.6738, 0.009413,False
1780957594.7955, 0.007569,False
1780957594.8006, 0.005772,False
1780957594.8052, 0.003847,False
1780957594.8108, 0.001764,False
1780957594.8169, 0.009756,False
1780957594.8231, 0.007685,False
1780957594.8284, 0.005832,False
1780957594.9397, 0.003506,False
1780957594.9444, 0.001535,False
1780957594.9494, 0.009762,False
1780957594.9541, 0.007403,False
1780957594.9585, 0.005644,False
1780957594.9634, 0.003700,False
1780957594.9682, 0.001399,False
1780957594.9726, 0.009497,False
1780957595.2083, 0.007621,False
1780957595.2134, 0.005631,False
1780957595.2186, 0.003661,False
1780957595.2236, 0.001847,False
1780957595.2281, 0.010097,False
1780957595.2325, 0.007913,False
1780957595.2369, 0.006080,False
1780957595.2412, 0.004069,False
1780957595.2454, 0.002292,False
1780957595.4607, 0.000411,False
1780957595.4653, 0.008460,False
1780957595.4700, 0.006761,False
1780957595.4742, 0.000131,False
1780957595.4809, 0.002803,False
1780957595.4855, 0.000408,False
1780957595.4900, 0.008571,False
1780957595.7110, 0.006713,False
1780957595.7168, 0.004327,False
1780957595.7218, 0.002646,False
1780957595.7265, 0.000791,False
1780957595.7311, 0.008878,False
1780957595.7367, 0.007197,False
1780957595.7416, 0.005648,False
1780957595.7463, 0.003585,False
1780957595.7512, 0.001604,False
1780957595.9717, 0.009716,False
1780957595.9765, 0.007567,False
1780957595.9810, 0.005804,False
1780957595.9856, 0.003643,False
1780957595.9899, 0.001573,False
1780957595.9943, 0.009722,False
1780957595.9987, 0.007680,False
1780957596.2232, 0.006034,False
1780957596.2278, 0.004191,False
1780957596.2325, 0.002363,False
1780957596.2369, 0.000507,False
1780957596.2414, 0.008294,False
1780957596.2460, 0.006729,False
1780957596.2505, 0.004876,False
1780957596.2551, 0.003337,False
1780957596.2594, 0.001277,False
1780957596.3730, 0.009462,False
1780957596.4889, 0.007747,False
1780957596.4955, 0.005943,False
1780957596.5018, 0.004172,False
1780957596.5077, 0.002114,False
1780957596.5137, 0.000528,False
1780957596.5191, 0.008846,False
1780957596.5241, 0.006904,False
1780957596.7454, 0.004783,False
1780957596.7505, 0.002894,False
1780957596.7555, 0.000795,False
1780957596.7603, 0.008746,False
1780957596.7648, 0.006905,False
1780957596.7700, 0.004961,False
1780957596.7745, 0.003064,False
1780957596.7789, 0.001330,False
1780957597.0032, 0.000131,False
1780957597.0105, 0.007565,False
1780957597.0153, 0.005453,False
1780957597.0197, 0.003600,False
1780957597.0244, 0.001765,False
1780957597.0290, 0.010085,False
1780957597.0335, 0.008065,False
1780957597.0378, 0.006198,False
1780957597.2602, 0.004350,False
1780957597.2650, 0.002223,False
1780957597.2700, 0.000365,False
1780957597.2745, 0.008012,False
1780957597.2789, 0.006202,False
1780957597.2836, 0.004325,False
1780957597.2896, 0.002277,False
1780957597.2949, 0.000369,False
1780957597.5063, 0.008395,False
1780957597.5112, 0.006458,False
1780957597.5161, 0.004856,False
1780957597.5212, 0.003059,False
1780957597.5259, 0.001062,False
1780957597.5305, 0.009261,False
1780957597.5353, 0.007491,False
1780957597.5399, 0.005509,False
1780957597.7587, 0.003744,False
1780957597.7633, 0.001670,False
1780957597.7684, 0.009817,False
1780957597.7738, 0.008630,False
1780957597.7784, 0.006695,False
1780957597.7829, 0.005410,False
1780957597.7878, 0.003245,False
1780957597.7924, 0.001291,False
1780957597.9057, 0.009186,False
1780957597.9111, 0.007255,False
1780957597.9162, 0.005585,False
1780957597.9214, 0.003873,False
1780957597.9265, 0.002029,False
1780957597.9315, 0.000283,False
1780957598.0189, 0.008472,False
1780957598.0236, 0.006611,False
1780957598.1714, 0.004834,False
1780957598.1766, 0.002985,False
1780957598.1812, 0.001100,False
1780957598.1860, 0.009211,False
1780957598.1905, 0.007336,False
1780957598.1950, 0.000144,False
1780957598.2024, 0.003702,False
1780957598.2872, 0.001684,False
1780957598.5425, 0.009701,False
1780957598.5476, 0.007951,False
1780957598.5525, 0.005988,False
1780957598.5569, 0.004128,False
1780957598.5612, 0.002478,False
1780957598.5664, 0.000602,False
1780957598.5722, 0.008141,False
1780957598.5770, 0.006394,False
1780957598.7757, 0.004500,False
1780957598.7812, 0.002929,False
1780957598.7884, 0.000962,False
1780957598.7929, 0.009259,False
1780957598.7974, 0.007395,False
1780957598.8025, 0.005783,False
1780957598.8073, 0.003789,False
1780957598.8117, 0.001648,False
1780957599.0509, 0.009537,False
1780957599.0556, 0.007721,False
1780957599.0602, 0.005917,False
1780957599.0645, 0.004104,False
1780957599.0690, 0.001672,False
1780957599.0735, 0.000172,False
1780957599.0779, 0.008350,False
1780957599.0830, 0.006221,False
1780957599.3055, 0.004609,False
1780957599.3105, 0.003222,False
1780957599.3150, 0.001489,False
1780957599.3198, 0.009443,False
1780957599.3243, 0.007637,False
1780957599.3290, 0.006004,False
1780957599.3346, 0.004180,False
1780957599.3392, 0.001963,False
1780957599.5573, 0.010076,False
1780957599.5620, 0.008201,False
1780957599.5665, 0.006204,False
1780957599.5709, 0.004188,False
1780957599.5754, 0.002338,False
1780957599.5798, 0.000388,False
1780957599.5848, 0.008400,False
1780957599.5892, 0.006347,False
1780957599.8115, 0.004824,False
1780957599.8165, 0.003065,False
1780957599.8210, 0.000117,False
1780957599.8277, 0.009474,False
1780957599.8320, 0.008051,False
1780957599.8370, 0.006006,False
1780957599.8414, 0.004048,False
1780957599.8457, 0.002154,False
1780957600.0702, 0.000487,False
1780957600.0759, 0.008581,False
1780957600.0809, 0.006709,False
1780957600.0856, 0.005103,False
1780957600.0901, 0.003283,False
1780957600.0947, 0.001157,False
1780957600.1683, 0.009518,False
1780957600.1730, 0.008109,False
1780957600.3178, 0.006330,False
1780957600.3224, 0.004028,False
1780957600.3277, 0.002308,False
1780957600.3330, 0.000339,False
1780957600.3379, 0.008596,False
1780957600.3426, 0.006951,False
1780957600.3471, 0.004502,False
1780957600.3521, 0.002622,False
1780957600.5692, 0.000217,False
1780957600.5740, 0.007823,False
1780957600.5784, 0.005944,False
1780957600.5831, 0.004321,False
1780957600.5876, 0.001832,False
1780957600.5920, 0.000178,False
1780957600.5967, 0.008358,False
1780957600.6015, 0.006238,False
1780957600.8418, 0.004628,False
1780957600.8470, 0.002892,False
1780957600.8525, 0.001048,False
1780957600.8577, 0.009235,False
1780957600.8623, 0.007351,False
1780957600.8673, 0.005082,False
1780957600.8718, 0.003078,False
1780957600.8762, 0.000962,False
1780957601.0910, 0.009106,False
1780957601.0967, 0.006838,False
1780957601.1012, 0.005463,False
1780957601.1057, 0.003586,False
1780957601.1103, 0.001444,False
1780957601.1149, 0.009137,False
1780957601.1195, 0.007284,False
1780957601.1238, 0.000101,False
1780957601.3530, 0.003394,False
1780957601.3578, 0.001270,False
1780957601.3637, 0.009221,False
1780957601.3690, 0.007070,False
1780957601.3736, 0.004915,False
1780957601.3782, 0.003067,False
1780957601.3832, 0.001237,False
1780957601.3880, 0.009338,False
1780957601.6083, 0.006924,False
1780957601.6132, 0.005387,False
1780957601.6187, 0.003201,False
1780957601.6236, 0.001502,False
1780957601.6282, 0.009174,False
1780957601.6332, 0.007209,False
1780957601.6377, 0.004971,False
1780957601.6419, 0.003405,False
1780957601.8582, 0.001457,False
1780957601.8637, 0.009624,False
1780957601.8695, 0.007415,False
1780957601.8741, 0.005853,False
1780957601.8785, 0.004086,False
1780957601.8832, 0.002325,False
1780957601.8879, 0.000865,False
1780957601.8921, 0.009218,False
1780957602.1210, 0.007309,False
1780957602.1258, 0.005029,False
1780957602.1304, 0.003433,False
1780957602.1358, 0.001422,False
1780957602.1409, 0.009399,False
1780957602.1464, 0.007897,False
1780957602.1515, 0.005559,False
1780957602.1560, 0.003709,False
1780957602.3829, 0.001768,False
1780957602.3877, 0.010007,False
1780957602.4885, 0.008349,False
1780957602.4933, 0.006208,False
1780957602.4981, 0.004523,False
1780957602.5027, 0.002685,False
1780957602.5071, 0.001010,False
1780957602.5117, 0.009083,False
1780957602.5169, 0.006900,False
1780957602.6274, 0.004967,False
1780957602.6323, 0.003192,False
1780957602.6369, 0.001299,False
1780957602.6413, 0.000135,False
1780957602.6484, 0.007540,False
1780957602.6532, 0.005705,False
1780957602.6578, 0.003860,False
1780957602.6623, 0.001543,False
1780957602.8920, 0.009717,False
1780957602.8971, 0.008015,False
1780957602.9028, 0.006244,False
1780957602.9078, 0.004440,False
1780957602.9123, 0.002548,False
1780957602.9175, 0.000732,False
1780957602.9223, 0.008867,False
1780957603.1407, 0.007077,False
1780957603.1464, 0.005190,False
1780957603.1514, 0.003304,False
1780957603.1564, 0.001112,False
1780957603.1609, 0.009359,False
1780957603.1656, 0.007261,False
1780957603.1700, 0.005037,False
1780957603.1743, 0.003090,False
1780957603.1787, 0.001198,False
1780957603.4144, 0.009272,False
1780957603.4201, 0.006936,False
1780957603.4252, 0.004725,False
1780957603.4303, 0.003235,False
1780957603.4349, 0.001353,False
1780957603.4394, 0.009450,False
1780957603.4438, 0.007690,False
1780957603.4482, 0.005876,False
1780957603.6700, 0.003967,False
1780957603.6756, 0.002113,False
1780957603.6810, 0.010135,False
1780957603.6857, 0.008292,False
1780957603.6903, 0.006462,False
1780957603.6948, 0.004667,False
1780957603.7001, 0.002535,False
1780957603.7049, 0.000703,False
1780957603.9248, 0.008544,False
1780957603.9295, 0.006977,False
1780957603.9362, 0.005259,False
1780957603.9407, 0.003372,False
1780957603.9451, 0.001290,False
1780957603.9503, 0.009290,False
1780957603.9561, 0.007541,False
1780957603.9610, 0.005870,False
1780957604.1919, 0.000132,False
1780957604.1998, 0.002098,False
1780957604.2050, 0.000542,False
1780957604.2102, 0.008545,False
1780957604.2151, 0.006779,False
1780957604.2200, 0.004849,False
1780957604.2244, 0.003210,False
1780957604.2291, 0.001139,False
1780957604.4412, 0.009215,False
1780957604.4462, 0.007242,False
1780957604.4510, 0.005443,False
1780957604.4554, 0.003526,False
1780957604.4597, 0.001470,False
1780957604.4643, 0.009889,False
1780957604.4689, 0.007500,False
1780957604.4733, 0.005714,False
1780957604.7067, 0.004397,False
1780957604.7116, 0.002543,False
1780957604.7165, 0.000872,False
1780957604.7209, 0.008962,False
1780957604.7253, 0.007105,False
1780957604.7300, 0.005224,False
1780957604.7346, 0.003167,False
1780957604.7388, 0.001682,False
1780957604.9600, 0.009472,False
1780957604.9653, 0.007135,False
1780957604.9703, 0.005376,False
1780957604.9751, 0.003799,False
1780957604.9796, 0.001514,False
1780957604.9842, 0.000590,False
1780957604.9911, 0.008079,False
1780957604.9956, 0.006094,False
1780957605.2065, 0.004386,False
1780957605.2115, 0.001956,False
1780957605.2163, 0.000231,False
1780957605.2210, 0.008230,False
1780957605.2255, 0.005805,False
1780957605.2304, 0.004274,False
1780957605.2348, 0.002273,False
1780957605.2394, 0.000506,False
1780957605.4739, 0.008168,False
1780957605.4798, 0.006522,False
1780957605.4850, 0.004652,False
1780957605.4896, 0.002685,False
1780957605.4941, 0.001075,False
1780957605.4986, 0.000136,False
1780957605.5050, 0.007470,False
1780957605.5095, 0.005621,False
1780957605.5140, 0.003841,False
1780957605.7400, 0.001871,False
1780957605.7448, 0.009913,False
1780957605.7501, 0.008021,False
1780957605.7548, 0.006552,False
1780957605.7592, 0.004613,False
1780957605.7646, 0.002644,False
1780957605.7703, 0.000906,False
1780957605.7748, 0.009203,False
1780957605.9929, 0.007250,False
1780957605.9988, 0.005501,False
1780957606.0036, 0.004197,False
1780957606.0080, 0.002142,False
1780957606.0123, 0.000217,False
1780957606.0175, 0.008142,False
1780957606.0219, 0.006422,False
1780957606.0262, 0.004576,False
1780957606.2566, 0.002788,False
1780957606.2612, 0.000522,False
1780957606.2664, 0.008430,False
1780957606.2709, 0.006824,False
1780957606.2755, 0.004958,False
1780957606.2803, 0.003069,False
1780957606.2872, 0.001160,False
1780957606.2920, 0.009432,False
1780957606.5148, 0.007578,False
1780957606.5197, 0.005956,False
1780957606.5246, 0.004302,False
1780957606.5292, 0.002438,False
1780957606.5340, 0.000388,False
1780957606.5384, 0.008049,False
1780957606.5430, 0.005876,False
1780957606.5477, 0.003505,False
1780957606.7665, 0.001580,False
1780957606.7711, 0.009355,False
1780957606.7755, 0.007335,False
1780957606.7800, 0.005626,False
1780957645.3856, 33.954103,False
1780957754.8722, 0.000077,False
1780957755.0319, 0.000040,False
1780957756.0636, 0.000070,False
1780957757.0815, 0.170108,False
1780957758.1162, 0.132848,False
1780957759.1503, 0.096402,False
1780957773.9746, 9.219768,False
1781289698.3601, 0.001185,False
1781289698.3657, 0.009237,False
1781289698.3702, 0.007028,False
1781289698.3748, 0.005408,False
1781289698.3799, 0.003598,False
1781289698.3845, 0.001779,False
1781289698.3890, 0.009831,False
1781289698.3944, 0.008183,False
1781289698.3989, 0.006441,False
1781289698.4036, 0.004517,False
1781289698.4081, 0.003001,False
1781289698.4130, 0.001196,False
1781289698.4178, 0.009052,False
1781289698.4220, 0.000099,False
1781289698.4292, 0.004534,False
1781289698.6199, 0.003245,False
1781289698.6247, 0.000945,False
1781289698.6295, 0.009115,False
1781289698.6339, 0.006670,False
1781289698.6384, 0.005215,False
1781289698.6429, 0.003096,False
1781289698.6480, 0.001430,False
1781289698.6525, 0.009409,False
1781289698.6571, 0.007767,False
1781289698.8670, 0.005914,False
1781289698.8718, 0.004090,False
1781289698.8764, 0.002328,False
1781289698.8810, 0.000776,False
1781289698.8852, 0.004829,False
1781289698.8918, 0.007090,False
1781289698.8964, 0.005394,False
1781289698.9009, 0.003847,False
1781289699.1350, 0.001993,False
1781289699.1404, 0.000232,False
1781289699.1458, 0.007918,False
1781289699.1506, 0.006012,False
1781289699.1549, 0.000127,False
1781289699.1625, 0.002388,False
1781289699.1669, 0.000781,False
1781289699.1712, 0.008819,False
1781289699.3856, 0.006953,False
1781289699.3903, 0.004885,False
1781289699.3954, 0.003206,False
1781289699.4000, 0.001163,False
1781289699.4046, 0.009636,False
1781289699.4094, 0.007787,False
1781289699.4140, 0.005698,False
1781289699.4183, 0.003965,False
1781289699.6362, 0.001953,False
1781289699.6411, 0.010094,False
1781289699.6462, 0.008263,False
1781289699.6508, 0.006885,False
1781289699.6553, 0.004725,False
1781289699.6599, 0.002972,False
1781289699.6645, 0.001566,False
1781289699.6688, 0.010009,False
1781289699.8806, 0.008351,False
1781289699.8855, 0.006601,False
1781289699.8901, 0.000076,False
1781289699.8995, 0.002610,False
1781289699.9041, 0.000975,False
1781289699.9086, 0.009294,False
1781289699.9132, 0.007417,False
1781289699.9178, 0.005427,False
1781289700.0429, 0.004346,False
1781289700.0479, 0.002710,False
1781289700.0526, 0.000850,False
1781289700.0570, 0.008878,False
1781289700.1504, 0.007276,False
1781289700.1553, 0.005545,False
1781289700.1606, 0.003530,False
1781289700.1651, 0.001858,False
1781289700.4141, 0.009903,False
1781289700.4197, 0.008192,False
1781289700.4245, 0.006511,False
1781289700.4291, 0.004646,False
1781289700.4338, 0.002957,False
1781289700.4382, 0.001239,False
1781289700.4434, 0.009523,False
1781289700.4482, 0.007729,False
1781289700.4525, 0.006322,False
1781289700.6703, 0.004303,False
1781289700.6750, 0.002460,False
1781289700.6806, 0.000852,False
1781289700.6852, 0.009030,False
1781289700.6896, 0.006807,False
1781289700.6941, 0.004787,False
1781289700.6988, 0.002575,False
1781289700.7032, 0.000922,False
1781289700.9190, 0.008753,False
1781289700.9237, 0.006825,False
1781289700.9285, 0.001385,False
1781289700.9362, 0.003214,False
1781289700.9408, 0.001282,False
1781289700.9457, 0.009190,False
1781289700.9507, 0.007212,False
1781289700.9552, 0.004958,False
1781289701.1845, 0.003826,False
1781289701.1892, 0.001846,False
1781289701.1936, 0.000196,False
1781289701.1985, 0.008308,False
1781289701.2029, 0.006347,False
1781289701.2074, 0.004415,False
1781289701.2121, 0.000157,False
1781289701.2188, 0.001142,False
1781289701.4497, 0.009376,False
1781289701.4547, 0.007908,False
1781289701.4600, 0.006170,False
1781289701.4649, 0.004075,False
1781289701.4694, 0.002274,False
1781289701.4740, 0.000335,False
1781289701.4793, 0.008607,False
1781289701.4840, 0.006358,False
1781289701.7008, 0.004572,False
1781289701.7053, 0.003024,False
1781289701.7107, 0.000911,False
1781289701.7157, 0.009553,False
1781289701.7204, 0.007869,False
1781289701.7249, 0.005799,False
1781289701.7302, 0.003737,False
1781289701.7348, 0.002515,False
1781289701.9491, 0.000785,False
1781289701.9541, 0.009070,False
1781289701.9587, 0.007616,False
1781289701.9636, 0.005930,False
1781289701.9681, 0.004166,False
1781289701.9726, 0.002150,False
1781289701.9775, 0.000360,False
1781289701.9822, 0.008662,False
1781289702.1970, 0.006389,False
1781289702.2025, 0.004933,False
1781289702.2077, 0.003369,False
1781289702.2124, 0.001757,False
1781289702.2169, 0.009713,False
1781289702.2214, 0.007911,False
1781289702.2260, 0.005923,False
1781289702.2306, 0.004222,False
1781289702.4637, 0.002213,False
1781289702.4684, 0.000228,False
1781289702.4730, 0.008720,False
1781289702.4775, 0.006560,False
1781289702.4821, 0.004983,False
1781289702.4871, 0.003407,False
1781289702.4917, 0.001206,False
1781289702.4962, 0.008888,False
1781289702.7148, 0.007242,False
1781289702.7194, 0.001531,False
1781289702.8171, 0.003788,False
1781289702.8222, 0.000116,False
1781289702.8298, 0.000661,False
1781289702.8349, 0.008434,False
1781289702.8416, 0.006686,False
1781289702.8484, 0.005066,False
1781289702.9644, 0.003266,False
1781289702.9700, 0.001666,False
1781289702.9752, 0.009804,False
1781289702.9797, 0.008037,False
1781289702.9842, 0.006375,False
1781289702.9886, 0.004486,False
1781289702.9933, 0.002153,False
1781289702.9982, 0.000218,False
1781289703.2162, 0.008240,False
1781289703.2209, 0.006217,False
1781289703.2258, 0.004148,False
1781289703.2304, 0.002796,False
1781289703.2350, 0.000432,False
1781289703.2396, 0.008518,False
1781289703.2442, 0.006679,False
1781289703.2490, 0.004540,False
1781289703.4811, 0.003068,False
1781289703.4860, 0.001280,False
1781289703.4905, 0.009282,False
1781289703.4955, 0.007289,False
1781289703.5001, 0.005336,False
1781289703.5046, 0.003357,False
1781289703.5094, 0.001611,False
1781289703.5138, 0.009514,False
1781289703.7386, 0.007662,False
1781289703.7441, 0.005700,False
1781289703.7510, 0.003849,False
1781289703.7558, 0.002180,False
1781289703.7611, 0.000225,False
1781289703.7658, 0.008059,False
1781289703.8418, 0.006163,False
1781289703.8468, 0.004599,False
1781289703.9924, 0.002884,False
1781289703.9971, 0.001365,False
1781289704.0017, 0.009592,False
1781289704.0063, 0.007686,False
1781289704.0108, 0.005614,False
1781289704.0152, 0.003564,False
1781289704.0196, 0.001576,False
1781289704.0238, 0.010078,False
1781289704.2497, 0.000093,False
1781289704.2568, 0.006254,False
1781289704.2620, 0.004254,False
1781289704.2665, 0.002713,False
1781289704.2712, 0.000617,False
1781289704.2766, 0.008792,False
1781289704.2811, 0.006519,False
1781289704.2855, 0.004426,False
1781289704.5013, 0.002813,False
1781289704.5061, 0.000834,False
1781289704.5108, 0.009325,False
1781289704.5153, 0.007472,False
1781289704.5198, 0.005462,False
1781289704.5245, 0.004015,False
1781289704.5289, 0.002074,False
1781289704.5332, 0.000778,False
1781289704.7512, 0.008852,False
1781289704.7558, 0.006987,False
1781289704.7610, 0.004839,False
1781289704.7658, 0.003292,False
1781289704.7703, 0.001610,False
1781289704.7750, 0.009515,False
1781289704.7804, 0.007691,False
1781289704.7850, 0.005425,False
1781289704.9082, 0.003643,False
1781289704.9146, 0.001749,False
1781289705.0041, 0.009731,False
1781289705.0115, 0.007944,False
1781289705.0164, 0.005888,False
1781289705.0213, 0.004035,False
1781289705.0262, 0.002161,False
1781289705.0311, 0.000396,False
1781289705.2834, 0.007825,False
1781289705.2882, 0.006580,False
1781289705.2933, 0.005080,False
1781289705.2978, 0.003005,False
1781289705.3021, 0.001169,False
1781289705.3064, 0.008929,False
1781289705.3109, 0.007126,False
1781289705.3154, 0.005128,False
1781289705.5294, 0.003356,False
1781289705.5351, 0.000990,False
1781289705.5399, 0.009121,False
1781289705.5448, 0.007173,False
1781289705.5496, 0.005345,False
1781289705.5540, 0.000142,False
1781289705.5620, 0.001426,False
1781289705.5666, 0.005521,False
1781289705.7790, 0.007397,False
1781289705.7855, 0.006235,False
1781289705.7909, 0.004135,False
1781289705.7953, 0.002282,False
1781289705.7998, 0.000714,False
1781289705.8042, 0.008584,False
1781289705.8088, 0.006331,False
1781289705.8130, 0.000063,False
1781289706.0504, 0.002456,False
1781289706.0560, 0.000701,False
1781289706.0609, 0.008985,False
1781289706.0653, 0.007678,False
1781289706.0697, 0.006037,False
1781289706.0747, 0.004389,False
1781289706.0791, 0.002247,False
1781289706.0835, 0.000415,False
1781289706.2953, 0.008806,False
1781289706.3008, 0.007018,False
1781289706.3055, 0.005970,False
1781289706.3113, 0.004459,False
1781289706.3167, 0.002892,False
1781289706.3214, 0.000423,False
1781289706.3270, 0.008585,False
1781289706.3337, 0.007192,False
1781289706.3381, 0.005772,False
1781289706.5494, 0.004035,False
1781289706.5542, 0.002316,False
1781289706.5588, 0.000524,False
1781289706.5637, 0.008818,False
1781289706.5685, 0.006663,False
1781289706.5735, 0.004779,False
1781289706.5798, 0.002896,False
1781289706.5846, 0.001383,False
1781289706.8050, 0.009279,False
1781289706.8115, 0.007526,False
1781289706.8172, 0.005671,False
1781289706.8218, 0.003541,False
1781289706.8263, 0.001865,False
1781289706.8315, 0.009879,False
1781289706.8360, 0.008190,False
1781289706.8403, 0.006722,False
1781289707.0758, 0.004649,False
1781289707.0826, 0.000099,False
1781289707.0907, 0.001235,False
1781289707.0957, 0.009366,False
1781289707.1003, 0.007439,False
1781289707.1051, 0.005886,False
1781289707.1124, 0.003713,False
1781289707.1174, 0.001673,False
1781289707.2107, 0.009499,False
1781289707.2155, 0.007478,False
1781289707.2199, 0.005569,False
1781289707.3260, 0.003474,False
1781289707.3339, 0.001501,False
1781289707.3383, 0.005510,False
1781289707.3454, 0.008172,False
1781289707.3498, 0.006107,False
1781289707.5768, 0.004261,False
1781289707.5816, 0.002503,False
1781289707.5863, 0.000747,False
1781289707.5914, 0.009002,False
1781289707.5960, 0.007142,False
1781289707.6000, 0.001361,False
1781289707.6072, 0.003640,False
1781289707.6117, 0.001905,False
1781289707.8364, 0.000252,False
1781289707.8415, 0.008308,False
1781289707.8462, 0.006384,False
1781289707.8507, 0.004618,False
1781289707.8550, 0.003100,False
1781289707.8613, 0.001151,False
1781289707.8667, 0.009376,False
1781289707.8710, 0.007492,False
1781289708.0942, 0.005696,False
1781289708.0988, 0.004071,False
1781289708.1035, 0.002631,False
1781289708.1083, 0.000790,False
1781289708.1129, 0.009088,False
1781289708.1173, 0.007178,False
1781289708.1218, 0.005511,False
1781289708.1260, 0.003485,False
1781289708.3508, 0.001758,False
1781289708.3556, 0.010001,False
1781289708.3614, 0.008067,False
1781289708.3660, 0.006163,False
1781289708.3705, 0.003960,False
1781289708.3757, 0.002282,False
1781289708.3800, 0.000142,False
1781289708.3865, 0.009044,False
1781289708.6163, 0.007257,False
1781289708.6211, 0.005287,False
1781289708.6258, 0.003127,False
1781289708.6302, 0.001538,False
1781289708.6347, 0.009745,False
1781289708.6391, 0.007468,False
1781289708.6437, 0.005765,False
1781289708.6482, 0.003997,False
1781289708.8645, 0.001773,False
1781289708.8689, 0.009799,False
1781289708.8742, 0.008284,False
1781289708.8794, 0.006447,False
1781289708.8841, 0.004400,False
1781289708.8886, 0.002250,False
1781289708.8938, 0.000982,False
1781289708.8983, 0.009062,False
1781289709.1285, 0.007511,False
1781289709.1339, 0.005612,False
1781289709.1384, 0.004014,False
1781289709.1431, 0.002571,False
1781289709.1476, 0.001101,False
1781289709.1523, 0.009294,False
1781289709.1568, 0.007522,False
1781289709.1613, 0.005463,False
1781289709.3946, 0.003624,False
1781289709.3997, 0.001762,False
1781289709.4045, 0.009582,False
1781289709.4093, 0.008324,False
1781289709.4136, 0.002265,False
1781289709.4202, 0.004937,False
1781289709.4248, 0.003090,False
1781289709.4295, 0.001876,False
1781289709.4339, 0.010079,False
1781289709.6496, 0.008496,False
1781289709.6547, 0.006571,False
1781289709.6604, 0.004444,False
1781289709.6650, 0.002458,False
1781289709.6694, 0.000850,False
1781289709.6752, 0.008906,False
1781289709.6812, 0.007113,False
1781289709.6856, 0.005043,False
1781289709.8929, 0.003470,False
1781289709.8975, 0.001532,False
1781289709.9020, 0.000078,False
1781289709.9109, 0.008339,False
1781289709.9167, 0.006717,False
1781289709.9212, 0.005066,False
1781289709.9263, 0.003190,False
1781289709.9308, 0.000739,False
1781289710.1581, 0.009122,False
1781289710.1636, 0.007252,False
1781289710.1684, 0.005622,False
1781289710.1727, 0.003273,False
1781289710.1772, 0.001679,False
1781289710.1816, 0.009845,False
1781289710.1862, 0.008075,False
1781289710.1905, 0.006244,False
1781289710.4095, 0.004500,False
1781289710.4151, 0.002953,False
1781289710.4200, 0.000774,False
1781289710.4248, 0.009385,False
1781289710.4292, 0.007015,False
1781289710.4337, 0.005027,False
1781289710.4383, 0.003363,False
1781289710.4430, 0.001588,False
1781289710.6814, 0.009836,False
1781289710.6862, 0.007802,False
1781289710.6907, 0.005913,False
1781289710.6953, 0.004115,False
1781289710.6998, 0.002049,False
1781289710.7044, 0.000300,False
1781289710.7094, 0.008641,False
1781289710.7138, 0.007208,False
1781289710.9312, 0.005542,False
1781289710.9358, 0.003857,False
1781289710.9409, 0.001730,False
1781289710.9455, 0.009816,False
1781289710.9499, 0.007980,False
1781289710.9542, 0.005748,False
1781289710.9592, 0.004052,False
1781289710.9636, 0.002151,False
1781289711.1934, 0.000597,False
1781289711.1982, 0.008834,False
1781289711.2035, 0.003139,False
1781289711.2100, 0.005445,False
1781289711.2147, 0.003896,False
1781289711.2192, 0.002083,False
1781289711.2236, 0.000268,False
1781289711.2277, 0.000111,False
1781289711.4407, 0.007182,False
1781289711.4455, 0.005677,False
1781289711.4509, 0.000067,False
1781289711.4586, 0.002540,False
1781289711.4632, 0.000737,False
1781289711.4677, 0.009141,False
1781289711.4727, 0.007288,False
1781289711.4773, 0.005623,False
1781289711.7114, 0.003737,False
1781289711.7177, 0.001703,False
1781289711.7226, 0.000220,False
1781289711.7273, 0.007982,False
1781289711.7320, 0.006682,False
1781289711.7365, 0.004823,False
1781289711.8300, 0.003094,False
1781289711.8349, 0.001213,False
1781289711.8400, 0.009463,False
1781289711.9465, 0.007441,False
1781289711.9512, 0.005769,False
1781289711.9560, 0.003695,False
1781289711.9608, 0.001801,False
1781289711.9655, 0.009691,False
1781289711.9701, 0.007811,False
1781289711.9752, 0.005656,False
1781289711.9799, 0.003569,False
1781289712.2075, 0.001720,False
1781289712.2131, 0.010026,False
1781289712.2176, 0.008222,False
1781289712.2224, 0.006278,False
1781289712.2267, 0.004405,False
1781289712.2310, 0.002474,False
1781289712.2353, 0.000613,False
1781289712.4569, 0.008523,False
1781289712.4623, 0.006324,False
1781289712.4672, 0.004475,False
1781289712.4717, 0.002632,False
1781289712.4764, 0.000712,False
1781289712.4809, 0.009109,False
1781289712.4853, 0.007557,False
1781289712.4896, 0.005829,False
1781289712.7216, 0.003746,False
1781289712.7266, 0.001874,False
1781289712.7314, 0.009959,False
1781289712.7360, 0.008414,False
1781289712.7404, 0.000136,False
1781289712.7473, 0.004222,False
1781289712.7520, 0.002845,False
1781289712.7565, 0.000648,False
1781289712.9742, 0.008707,False
1781289712.9811, 0.002748,False
1781289712.9879, 0.004810,False
1781289712.9928, 0.003058,False
1781289712.9975, 0.001310,False
1781289713.0022, 0.009484,False
1781289713.0069, 0.007885,False
1781289713.0114, 0.005948,False
1781289713.2215, 0.003976,False
1781289713.2265, 0.001919,False
1781289713.2313, 0.010174,False
1781289713.2357, 0.008485,False
1781289713.2401, 0.006330,False
1781289713.2445, 0.004387,False
1781289713.2492, 0.002558,False
1781289713.2537, 0.000259,False
1781289713.4828, 0.008675,False
1781289713.4883, 0.006762,False
1781289713.4927, 0.004912,False
1781289713.4973, 0.003092,False
1781289713.5019, 0.001042,False
1781289713.5068, 0.009110,False
1781289713.5121, 0.006869,False
1781289713.5167, 0.004970,False
1781289713.5216, 0.003474,False
1781289713.7480, 0.001895,False
1781289713.7528, 0.009703,False
1781289713.7581, 0.007433,False
1781289713.7627, 0.005818,False
1781289713.7677, 0.003992,False
1781289713.7728, 0.002781,False
1781289713.7778, 0.000956,False
1781289713.9900, 0.009362,False
1781289713.9960, 0.007595,False
1781289714.0008, 0.005819,False
1781289714.0057, 0.004045,False
1781289714.0100, 0.001656,False
1781289714.0143, 0.009648,False
1781289714.0186, 0.008076,False
1781289714.0230, 0.006324,False
1781289714.2410, 0.004127,False
1781289714.2456, 0.000000,False
1781289714.2524, 0.000501,False
1781289714.2569, 0.008408,False
1781289714.2613, 0.006741,False
1781289714.2658, 0.005042,False
1781289714.2701, 0.003248,False
1781289714.2745, 0.001585,False
1781289714.4952, 0.005769,False
1781289714.5041, 0.008327,False
1781289714.5088, 0.006638,False
1781289714.5133, 0.004465,False
1781289714.5178, 0.002584,False
1781289714.5235, 0.001064,False
1781289714.5281, 0.009360,False
1781289714.5326, 0.007235,False
1781289714.7609, 0.001779,False
1781289714.7679, 0.004445,False
1781289714.7725, 0.002746,False
1781289714.7771, 0.000808,False
1781289714.7815, 0.008952,False
1781289714.7859, 0.007468,False
1781289714.7905, 0.005698,False
1781289714.7949, 0.003883,False
1781289714.7992, 0.002384,False
1781289715.0134, 0.000625,False
1781289715.0182, 0.009238,False
1781289715.0229, 0.007062,False
1781289715.0281, 0.005043,False
1781289715.0330, 0.003328,False
1781289715.0376, 0.001558,False
1781289715.0425, 0.009263,False
1781289715.2577, 0.007330,False
1781289715.2623, 0.005579,False
1781289715.2671, 0.003819,False
1781289715.2717, 0.001682,False
1781289715.2763, 0.010147,False
1781289715.2810, 0.008456,False
1781289715.2855, 0.006735,False
1781289715.2899, 0.004740,False
1781289715.5108, 0.003009,False
1781289715.5165, 0.000908,False
1781289715.5221, 0.008980,False
1781289715.5273, 0.006985,False
1781289715.5318, 0.005305,False
1781289715.5380, 0.003363,False
1781289715.5425, 0.000000,False
1781289715.5490, 0.009093,False
1781289715.7781, 0.006809,False
1781289715.7828, 0.005108,False
1781289715.7875, 0.003153,False
1781289715.7920, 0.001664,False
1781289715.7965, 0.010094,False
1781289715.8011, 0.008108,False
1781289715.8057, 0.006175,False
1781289715.8102, 0.004458,False
1781289716.0288, 0.002934,False
1781289716.0335, 0.000843,False
1781289716.0401, 0.008913,False
1781289716.0449, 0.007256,False
1781289716.0493, 0.005881,False
1781289716.0539, 0.004234,False
1781289716.0592, 0.002624,False
1781289716.0637, 0.000682,False
1781289716.2902, 0.008816,False
1781289716.2949, 0.007393,False
1781289716.2996, 0.005603,False
1781289716.3041, 0.003748,False
1781289716.3087, 0.001953,False
1781289716.3132, 0.010147,False
1781289716.3175, 0.008320,False
1781289716.3219, 0.002599,False
1781289716.3284, 0.004803,False
1781289716.5434, 0.002783,False
1781289716.5480, 0.000655,False
1781289716.5530, 0.009003,False
1781289716.5588, 0.007161,False
1781289716.5632, 0.005322,False
1781289716.5676, 0.003261,False
1781289716.5727, 0.001802,False
1781289716.8102, 0.010041,False
1781289716.8165, 0.008546,False
1781289716.8216, 0.006074,False
1781289716.8263, 0.004038,False
1781289716.8306, 0.002340,False
1781289716.8350, 0.000560,False
1781289716.8401, 0.008698,False
1781289716.8448, 0.006652,False
1781289716.8493, 0.004906,False
1781289717.0591, 0.002872,False
1781289717.0640, 0.001373,False
1781289717.0684, 0.000128,False
1781289717.0760, 0.007169,False
1781289717.0806, 0.005123,False
1781289717.0850, 0.003188,False
1781289717.0901, 0.001557,False
1781289717.0948, 0.000227,False
1781289717.3239, 0.007943,False
1781289717.3295, 0.006145,False
1781289717.3341, 0.004056,False
1781289717.3385, 0.002322,False
1781289717.3429, 0.000406,False
1781289717.3474, 0.009036,False
1781289717.3521, 0.007489,False
1781289717.3565, 0.006148,False
1781289717.4673, 0.004519,False
1781289717.4722, 0.002594,False
1781289717.4768, 0.000874,False
1781289717.4813, 0.008827,False
1781289717.4858, 0.007250,False
1781289717.4907, 0.005774,False
1781289717.4951, 0.004057,False
1781289717.5709, 0.002490,False
1781289717.8393, 0.000739,False
1781289717.8439, 0.009210,False
1781289717.8484, 0.007307,False
1781289717.8531, 0.005197,False
1781289717.8577, 0.003453,False
1781289717.8623, 0.001580,False
1781289717.8668, 0.009402,False
1781289717.8714, 0.007980,False
1781289718.0793, 0.006097,False
1781289718.0843, 0.003740,False
1781289718.0905, 0.002538,False
1781289718.0956, 0.000696,False
1781289718.1000, 0.009110,False
1781289718.1046, 0.002870,False
1781289718.1111, 0.005298,False
1781289718.1155, 0.003054,False
1781289718.3559, 0.000906,False
1781289718.3616, 0.008755,False
1781289718.3667, 0.006569,False
1781289718.3721, 0.004760,False
1781289718.3775, 0.002799,False
1781289718.3824, 0.000781,False
1781289718.3868, 0.009328,False
1781289718.3911, 0.000127,False
1781289718.6070, 0.005207,False
1781289718.6132, 0.002982,False
1781289718.6187, 0.001379,False
1781289718.6233, 0.009509,False
1781289718.6281, 0.007622,False
1781289718.6326, 0.005897,False
1781289718.6375, 0.003971,False
1781289718.6425, 0.001949,False
1781289718.7588, 0.010094,False
1781289718.7638, 0.007895,False
1781289718.7685, 0.005629,False
1781289718.8782, 0.003748,False
1781289718.8833, 0.002525,False
1781289718.8884, 0.000275,False
1781289718.8931, 0.008130,False
1781289718.8979, 0.006535,False
1781289718.9028, 0.004679,False
1781289719.1316, 0.003178,False
1781289719.1368, 0.001476,False
1781289719.1425, 0.009464,False
1781289719.1475, 0.007565,False
1781289719.1522, 0.005759,False
1781289719.1569, 0.004354,False
1781289719.1617, 0.002242,False
1781289719.1662, 0.000304,False
1781289719.2782, 0.008655,False
1781289719.2831, 0.006811,False
1781289719.2881, 0.004630,False
1781289719.2925, 0.002903,False
1781289719.2977, 0.000928,False
1781289719.3024, 0.008925,False
1781289719.3911, 0.006857,False
1781289719.3976, 0.004892,False
1781289719.6450, 0.002852,False
1781289719.6497, 0.001074,False
1781289719.6544, 0.009002,False
1781289719.6589, 0.003039,False
1781289719.6656, 0.005008,False
1781289719.6714, 0.002999,False
1781289719.6760, 0.001251,False
1781289719.6803, 0.009526,False
1781289719.9124, 0.007726,False
1781289719.9171, 0.005882,False
1781289719.9223, 0.004000,False
1781289719.9269, 0.000072,False
1781289719.9336, 0.000441,False
1781289719.9384, 0.008561,False
1781289719.9445, 0.006979,False
1781289719.9494, 0.005203,False
1781289720.1629, 0.003052,False
1781289720.1677, 0.001078,False
1781289720.1728, 0.009161,False
1781289720.1775, 0.007591,False
1781289720.1821, 0.005253,False
1781289720.1869, 0.003446,False
1781289720.1921, 0.001400,False
1781289720.1966, 0.009547,False
1781289720.4245, 0.008314,False
1781289720.4300, 0.006331,False
1781289720.4358, 0.004170,False
1781289720.4411, 0.002451,False
1781289720.4462, 0.000801,False
1781289720.4511, 0.008548,False
1781289720.4558, 0.006812,False
1781289720.4603, 0.004907,False
1781289720.6784, 0.003164,False
1781289720.6841, 0.001340,False
1781289720.6892, 0.009680,False
1781289720.6937, 0.008112,False
1781289720.6981, 0.006494,False
1781289720.7028, 0.004902,False
1781289720.7071, 0.003206,False
1781289720.7115, 0.001160,False
1781289720.9416, 0.009544,False
1781289720.9478, 0.007509,False
1781289720.9531, 0.005864,False
1781289720.9577, 0.004122,False
1781289720.9623, 0.002158,False
1781289720.9668, 0.000502,False
1781289720.9714, 0.008774,False
1781289720.9763, 0.007147,False
1781289720.9808, 0.005210,False
1781289721.1934, 0.003563,False
1781289721.1983, 0.001963,False
1781289721.2034, 0.000222,False
1781289721.2082, 0.008489,False
1781289721.2127, 0.006830,False
1781289721.2170, 0.005216,False
1781289721.2217, 0.003190,False
1781289721.2261, 0.000095,False
1781289721.4421, 0.009821,False
1781289721.4466, 0.004139,False
1781289721.4535, 0.006171,False
1781289721.4582, 0.004190,False
1781289721.4625, 0.002100,False
1781289721.4671, 0.000268,False
1781289721.4715, 0.008268,False
1781289721.6933, 0.006232,False
1781289721.7002, 0.004256,False
1781289721.7057, 0.002615,False
1781289721.7106, 0.000636,False
1781289721.7151, 0.008872,False
1781289721.7197, 0.006820,False
1781289721.7251, 0.005406,False
1781289721.7298, 0.003890,False
1781289721.7343, 0.001837,False
1781289721.9592, 0.010103,False
1781289721.9639, 0.008696,False
1781289721.9689, 0.007060,False
1781289721.9746, 0.005091,False
1781289721.9792, 0.003766,False
1781289721.9838, 0.002048,False
1781289721.9886, 0.000270,False
1781289722.2052, 0.008092,False
1781289722.2114, 0.006134,False
1781289722.2162, 0.004123,False
1781289722.2214, 0.002164,False
1781289722.2266, 0.000579,False
1781289722.2313, 0.008743,False
1781289722.2361, 0.006759,False
1781289722.2409, 0.005013,False
1781289722.4665, 0.003321,False
1781289722.4722, 0.001425,False
1781289722.4769, 0.009262,False
1781289722.4814, 0.007637,False
1781289722.4862, 0.005372,False
1781289722.4916, 0.003777,False
1781289722.4967, 0.001879,False
1781289722.5017, 0.010209,False
1781289722.5061, 0.008320,False
1781289722.7323, 0.006160,False
1781289722.7373, 0.004068,False
1781289722.7419, 0.002152,False
1781289722.7468, 0.009851,False
1781289722.7512, 0.000000,False
1781289722.7582, 0.005616,False
1781289722.7628, 0.003974,False
1781289722.7674, 0.002050,False
1781289722.9946, 0.000225,False
1781289722.9995, 0.008512,False
1781289723.0043, 0.006827,False
1781289723.0087, 0.005115,False
1781289723.0131, 0.002763,False
1781289723.0180, 0.001047,False
1781289723.0239, 0.009223,False
1781289723.0284, 0.007162,False
1781289723.2624, 0.001381,False
1781289723.2697, 0.003279,False
1781289723.2745, 0.001498,False
1781289723.2789, 0.009251,False
1781289723.2833, 0.007230,False
1781289723.2886, 0.005112,False
1781289723.2932, 0.003330,False
1781289723.2976, 0.001035,False
1781289723.5056, 0.009216,False
1781289723.5102, 0.007327,False
1781289723.5151, 0.005984,False
1781289723.5197, 0.003668,False
1781289723.5242, 0.002080,False
1781289723.5287, 0.000237,False
1781289723.5330, 0.008500,False
1781289723.5372, 0.006983,False
1781289723.7654, 0.004961,False
1781289723.7709, 0.003318,False
1781289723.7760, 0.001218,False
1781289723.7810, 0.008996,False
1781289723.7863, 0.007347,False
1781289723.7910, 0.005688,False
1781289723.7955, 0.003637,False
1781289723.8000, 0.002467,False
1781289724.0189, 0.000791,False
1781289724.0237, 0.008761,False
1781289724.0282, 0.007232,False
1781289724.0327, 0.005601,False
1781289724.0375, 0.003814,False
1781289724.0421, 0.002105,False
1781289724.0466, 0.000305,False
1781289724.0512, 0.008422,False
1781289724.2689, 0.006740,False
1781289724.2744, 0.000115,False
1781289724.2818, 0.003154,False
1781289724.2871, 0.001379,False
1781289724.2922, 0.009595,False
1781289724.2970, 0.007529,False
1781289724.3018, 0.005609,False
1781289724.3069, 0.003694,False
1781289724.3392, 0.001855,False
1781289724.3471, 0.009858,False
1781289724.3544, 0.008207,False
1781289724.3617, 0.006730,False
1781289724.3688, 0.004925,False
1781289724.3750, 0.002943,False
1781290348.1875, 0.002362,False
1781290348.1924, 0.000588,False
1781290348.1969, 0.008565,False
1781290348.2016, 0.006964,False
1781290348.2063, 0.005284,False
1781290348.2108, 0.003870,False
1781290348.2154, 0.002960,False
1781290348.2201, 0.002125,False
1781290348.2246, 0.001256,False
1781290348.2296, 0.009747,False
1781290348.2345, 0.008139,False
1781290348.2390, 0.006054,False
1781290348.2436, 0.004238,False
1781290348.2489, 0.002244,False
1781290348.2536, 0.000327,False
1781290348.4515, 0.008444,False
1781290348.4584, 0.007026,False
1781290348.4633, 0.004934,False
1781290348.4684, 0.003222,False
1781290348.4729, 0.002143,False
1781290348.4775, 0.000350,False
1781290348.4822, 0.008632,False
1781290348.4866, 0.000123,False
1781290348.4930, 0.004992,False
1781290348.5915, 0.003579,False
1781290348.5964, 0.002386,False
1781290348.6009, 0.000584,False
1781290348.7024, 0.008697,False
1781290348.7070, 0.002420,False
1781290348.7136, 0.006197,False
1781290348.7180, 0.004024,False
1781290348.7224, 0.002330,False
1781290348.9653, 0.000552,False
1781290348.9699, 0.008551,False
1781290348.9761, 0.006603,False
1781290348.9813, 0.004707,False
1781290348.9859, 0.003278,False
1781290349.0690, 0.000959,False
1781290349.0758, 0.009638,False
1781290349.0809, 0.007892,False
1781290349.2173, 0.006242,False
1781290349.2222, 0.004071,False
1781290349.2277, 0.001805,False
1781290349.2345, 0.000233,False
1781290349.2390, 0.008868,False
1781290349.2436, 0.007547,False
1781290349.2487, 0.006518,False
1781290349.2532, 0.004597,False
1781290349.2574, 0.002937,False
1781290349.3732, 0.002028,False
1781290349.3795, 0.000209,False
1781290349.3840, 0.008779,False
1781290349.3885, 0.007171,False
1781290349.4874, 0.004938,False
1781290349.4923, 0.003287,False
1781290349.4977, 0.002050,False
1781290349.5024, 0.000288,False
1781290349.7534, 0.008637,False
1781290349.7582, 0.006739,False
1781290349.7631, 0.005150,False
1781290349.7681, 0.003187,False
1781290349.7725, 0.001728,False
1781290349.7772, 0.000201,False
1781290349.7819, 0.008878,False
1781290349.7870, 0.006970,False
1781290350.0134, 0.005428,False
1781290350.0184, 0.003431,False
1781290350.0227, 0.000075,False
1781290350.0298, 0.000297,False
1781290350.0346, 0.008328,False
1781290350.0392, 0.006853,False
1781290350.0435, 0.005050,False
1781290350.0483, 0.003332,False
1781290350.2629, 0.002029,False
1781290350.2679, 0.000224,False
1781290350.2727, 0.008397,False
1781290350.2777, 0.006001,False
1781290350.2826, 0.004256,False
1781290350.2871, 0.002016,False
1781290350.2918, 0.010097,False
1781290350.2967, 0.008596,False
1781290350.5237, 0.006632,False
1781290350.5289, 0.004910,False
1781290350.5335, 0.003062,False
1781290350.5380, 0.000888,False
1781290350.5424, 0.008827,False
1781290350.5485, 0.007038,False
1781290350.5530, 0.005256,False
1781290350.5572, 0.003213,False
1781290350.7780, 0.002049,False
1781290350.7835, 0.000434,False
1781290350.7883, 0.003515,False
1781290350.7957, 0.006920,False
1781290350.8006, 0.005167,False
1781290350.8052, 0.003678,False
1781290350.8097, 0.001766,False
1781290350.8143, 0.000223,False
1781290350.9313, 0.008293,False
1781290350.9362, 0.006232,False
1781290350.9407, 0.004298,False
1781290350.9453, 0.002369,False
1781290351.0515, 0.000333,False
1781290351.0564, 0.008626,False
1781290351.0612, 0.006854,False
1781290351.0660, 0.005042,False
1781290351.0704, 0.003517,False
1781290351.3010, 0.001803,False
1781290351.3057, 0.000320,False
1781290351.3102, 0.008957,False
1781290351.3149, 0.007172,False
1781290351.3194, 0.005827,False
1781290351.3238, 0.004272,False
1781290351.4017, 0.000073,False
1781290351.4086, 0.001752,False
1781290351.5543, 0.000225,False
1781290351.5589, 0.008447,False
1781290351.5642, 0.007137,False
1781290351.5687, 0.005897,False
1781290351.5735, 0.004394,False
1781290351.5782, 0.002539,False
1781290351.5830, 0.000485,False
1781290351.5875, 0.008607,False
1781290351.7965, 0.006719,False
1781290351.8014, 0.004659,False
1781290351.8062, 0.003081,False
1781290351.8107, 0.001727,False
1781290351.8154, 0.000255,False
1781290351.8200, 0.008716,False
1781290351.8245, 0.006979,False
1781290351.8289, 0.005373,False
1781290352.0492, 0.003208,False
1781290352.0539, 0.001974,False
1781290352.0592, 0.010178,False
1781290352.0643, 0.008673,False
1781290352.0694, 0.007129,False
1781290352.0747, 0.005015,False
1781290352.0803, 0.002788,False
1781290352.0893, 0.000824,False
1781290352.3141, 0.008959,False
1781290352.3189, 0.007461,False
1781290352.3233, 0.006354,False
1781290352.3281, 0.004213,False
1781290352.3328, 0.001821,False
1781290352.3381, 0.000296,False
1781290352.3425, 0.008934,False
1781290352.3469, 0.006892,False
1781290352.5724, 0.005207,False
1781290352.6026, 0.003555,False
1781290352.6076, 0.002154,False
1781290352.6125, 0.000237,False
1781290352.6170, 0.008496,False
1781290352.6214, 0.006896,False
1781290352.6258, 0.004672,False
1781290352.6309, 0.002931,False
1781290352.7135, 0.000802,False
1781290352.7213, 0.009211,False
1781290352.7295, 0.007598,False
1781290352.7373, 0.000065,False
1781290352.7496, 0.004496,True
1781290426.4775, 3.617444,True
1781290426.4847, 0.005156,True
1781290426.4914, 0.000111,True
1781290426.4989, 0.002883,True
1781290426.5057, 0.001488,True
1781290426.5106, 0.009911,True
1781290426.5155, 0.007932,True
1781290426.5208, 0.006211,True
1781290426.5259, 0.004664,True
1781290426.5310, 0.002901,True
1781290426.5360, 0.001079,True
1781290426.5412, 0.009379,True
1781290426.5460, 0.007456,True
1781290426.5508, 0.005947,True
1781290426.5565, 0.004828,True
1781290426.5615, 0.002854,True
1781290426.5661, 0.000648,True
1781290426.5715, 0.008613,True
1781290426.5766, 0.007289,True
1781290426.5815, 0.005445,True
1781290426.5868, 0.003677,True
1781290426.5918, 0.002039,True
1781290426.5969, 0.010105,True
1781290426.6019, 0.008396,True
1781290426.6073, 0.006876,True
1781290426.6133, 0.005676,True
1781290426.6185, 0.001201,True
1781290426.6254, 0.009525,True
1781290426.6304, 0.007907,True
1781290426.6351, 0.005767,True
1781290426.6403, 0.004828,True
1781290426.6454, 0.002901,True
1781290426.6502, 0.001485,True
1781290426.6552, 0.006396,True
1781290426.6605, 0.005095,True
1781290426.6656, 0.003509,True
1781290426.6729, 0.001825,True
1781290426.6781, 0.010074,True
1781290426.6832, 0.009116,True
1781290426.6894, 0.006982,True
1781290426.6948, 0.005569,True
1781290426.6994, 0.000119,True
1781290426.7084, 0.002163,True
1781290426.7135, 0.006544,True
1781290426.7183, 0.005115,True
1781290426.7256, 0.003096,True
1781290426.7304, 0.001048,True
1781290426.7354, 0.008763,True
1781290426.7406, 0.007129,True
1781290426.7461, 0.005793,True
1781290426.7513, 0.004649,True
1781290426.7579, 0.003442,True
1781290426.7641, 0.001901,True
1781290426.7731, 0.009972,True
1781290426.7783, 0.008789,True
1781290426.7831, 0.007088,True
1781290426.7882, 0.004475,True
1781290426.7933, 0.002634,True
1781290426.7982, 0.000933,True
1781290426.8031, 0.009199,True
1781290426.8080, 0.007379,True
1781290426.8128, 0.005106,True
1781290426.8176, 0.003634,True
1781290426.8228, 0.002336,True
1781290426.8277, 0.000248,True
1781290426.8328, 0.008838,True
1781290426.8378, 0.006936,True
1781290426.8434, 0.005252,True
1781290426.8496, 0.003786,True
1781290426.8547, 0.001378,True
1781290426.8603, 0.009721,True
1781290426.8653, 0.007675,True
1781290426.8709, 0.006111,True
1781290426.8768, 0.004300,True
1781290426.8816, 0.002640,True
1781290426.8864, 0.001086,True
1781290426.8916, 0.009157,True
1781290426.8967, 0.006810,True
1781290426.9017, 0.005502,True
1781290426.9066, 0.003267,True
1781290426.9114, 0.001898,True
1781290426.9163, 0.010065,True
1781290426.9211, 0.008974,True
1781290426.9263, 0.007146,True
1781290426.9313, 0.005125,True
1781290426.9362, 0.003289,True
1781290426.9409, 0.000141,True
1781290426.9481, 0.000294,True
1781290426.9529, 0.008853,True
1781290426.9578, 0.007033,True
1781290426.9628, 0.005135,True
1781290426.9677, 0.002941,True
1781290426.9728, 0.001721,True
1781290426.9779, 0.010113,True
1781290426.9827, 0.008596,True
1781290426.9880, 0.006601,True
1781290426.9934, 0.004580,True
1781290426.9990, 0.002775,True
1781290427.0053, 0.000998,True
1781290427.0101, 0.009398,True
1781290427.0173, 0.008381,True
1781290427.0224, 0.006909,True
1781290427.0279, 0.005223,True
1781290427.0330, 0.003378,True
1781290427.0380, 0.001980,True
1781290427.0430, 0.000311,True
1781290427.0479, 0.008905,True
1781290427.0525, 0.006777,True
1781290427.0604, 0.005381,True
1781290427.0660, 0.003376,True
1781290427.0718, 0.001470,True
1781290427.0777, 0.009926,True
1781290427.0828, 0.009029,True
1781290427.0888, 0.006854,True
1781290427.0940, 0.004752,True
1781290427.0986, 0.002865,True
1781290427.1086, 0.001030,True
1781290427.1140, 0.009582,True
1781290427.1195, 0.008832,True
1781290427.1248, 0.006665,True
1781290427.1321, 0.005202,True
1781290427.1377, 0.003271,True
1781290427.1428, 0.001615,True
1781290427.1479, 0.010275,True
1781290427.1530, 0.008261,True
1781290427.1581, 0.006598,True
1781290427.1639, 0.004857,True
1781290427.1694, 0.002904,True
1781290427.1745, 0.001120,True
1781290427.1799, 0.009442,True
1781290427.1852, 0.008431,True
1781290427.1904, 0.000137,True
1781290427.1976, 0.005025,True
1781290427.2029, 0.003172,True
1781290427.2085, 0.001411,True
1781290427.2135, 0.009260,True
1781290427.2189, 0.007654,True
1781290427.2246, 0.005703,True
1781290427.2294, 0.010231,True
1781290427.2342, 0.008514,True
1781290427.2396, 0.006962,True
1781290427.2445, 0.005181,True
1781290427.2493, 0.003570,True
1781290427.2546, 0.001889,True
1781290427.2599, 0.009998,True
1781290427.2649, 0.008358,True
1781290427.2702, 0.006581,True
1781290427.2752, 0.005327,True
1781290427.2801, 0.003519,True
1781290427.2851, 0.002081,True
1781290427.2900, 0.000435,True
1781290427.2950, 0.008588,True
1781290427.3002, 0.007050,True
1781290427.3083, 0.005334,True
1781290427.3137, 0.003395,True
1781290427.3212, 0.001373,True
1781290427.3281, 0.009348,True
1781290427.3338, 0.007610,True
1781290427.3394, 0.006103,True
1781290427.3454, 0.004465,True
1781290427.3511, 0.002940,True
1781290427.3572, 0.000974,True
1781290427.3621, 0.008965,True
1781290427.3713, 0.007796,True
1781290427.3793, 0.006100,True
1781290427.3844, 0.004076,True
1781290427.3898, 0.003015,True
1781290427.3949, 0.001208,True
1781290427.3999, 0.009826,True
1781290427.4048, 0.008247,True
1781290427.4097, 0.006826,True
1781290427.4170, 0.005363,True
1781290427.4222, 0.003567,True
1781290427.4273, 0.001792,True
1781290427.4322, 0.000233,True
1781290427.4382, 0.008753,True
1781290427.4433, 0.000143,True
1781290427.4504, 0.005630,True
1781290427.4559, 0.004267,True
1781290427.4635, 0.002831,True
1781290427.4689, 0.001299,True
1781290427.4763, 0.009847,True
1781290427.4812, 0.008370,True
1781290427.4865, 0.006968,True
1781290427.4919, 0.005291,True
1781290427.4968, 0.003324,True
1781290427.5014, 0.001619,True
1781290427.5092, 0.009978,True
1781290427.5140, 0.008317,True
1781290427.5192, 0.006564,True
1781290427.5252, 0.005188,True
1781290427.5301, 0.003467,True
1781290427.5349, 0.001949,True
1781290427.5403, 0.007342,True
1781290427.5451, 0.005781,True
1781290427.5497, 0.004521,True
1781290427.5554, 0.002610,True
1781290427.5613, 0.000652,True
1781290427.5662, 0.008958,True
1781290427.5720, 0.007051,True
1781290427.5770, 0.005364,True
1781290427.5816, 0.004368,True
1781290427.5868, 0.002959,True
1781290427.5918, 0.001270,True
1781290427.5964, 0.009330,True
1781290427.6010, 0.007697,True
1781290427.6073, 0.005754,True
1781290427.6132, 0.001487,True
1781290427.6186, 0.000215,True
1781290427.6263, 0.008462,True
1781290427.6312, 0.006951,True
1781290427.6366, 0.004614,True
1781290427.6426, 0.002547,True
1781290427.6478, 0.000791,True
1781290427.6527, 0.008564,True
1781290427.6583, 0.006445,True
1781290427.6635, 0.004516,True
1781290427.6683, 0.002667,True
1781290427.6748, 0.001579,True
1781290427.6798, 0.009830,True
1781290427.6847, 0.008622,True
1781290427.6895, 0.000158,True
1781290427.6966, 0.005773,True
1781290427.7017, 0.003349,True
1781290427.7072, 0.001791,True
1781290427.7121, 0.009926,True
1781290427.7196, 0.009260,True
1781290427.7253, 0.007207,True
1781290427.7303, 0.005921,True
1781290427.7353, 0.004400,True
1781290427.7424, 0.003392,True
1781290427.7475, 0.001527,True
1781290427.7536, 0.009872,True
1781290427.7584, 0.008373,True
1781290427.7657, 0.006693,True
1781290427.7716, 0.005261,True
1781290427.7768, 0.000764,True
1781290427.7817, 0.009181,True
1781290427.7868, 0.007601,True
1781290427.7921, 0.005765,True
1781290427.7970, 0.004571,True
1781290427.8017, 0.002497,True
1781290427.8090, 0.000778,True
1781290427.8139, 0.009104,True
1781290427.8189, 0.007641,True
1781290427.8240, 0.005848,True
1781290427.8288, 0.004256,True
1781290427.8338, 0.002587,True
1781290427.8391, 0.001172,True
1781290427.8446, 0.009148,True
1781290427.8495, 0.008383,True
1781290427.8547, 0.006227,True
1781290427.8596, 0.004192,True
1781290427.8644, 0.002566,True
1781290427.8695, 0.001027,True
1781290427.8747, 0.009284,True
1781290427.8795, 0.008428,True
1781290427.8843, 0.006857,True
1781290427.8896, 0.004821,True
1781290427.8943, 0.002932,True
1781290427.8995, 0.001347,True
1781290427.9044, 0.009369,True
1781290427.9094, 0.008225,True
1781290427.9143, 0.006479,True
1781290427.9189, 0.004175,True
1781290427.9241, 0.002538,True
1781290427.9286, 0.000140,True
1781290427.9357, 0.009411,True
1781290427.9406, 0.007174,True
1781290427.9454, 0.005401,True
1781290427.9502, 0.004543,True
1781290427.9550, 0.002464,True
1781290427.9599, 0.000427,True
1781290427.9646, 0.008183,True
1781290427.9693, 0.006715,True
1781290427.9742, 0.005117,True
1781290427.9789, 0.003107,True
1781290427.9835, 0.001601,True
1781290427.9885, 0.000305,True
1781290427.9932, 0.008392,True
1781290427.9979, 0.006640,True
1781290428.0027, 0.004987,True
1781290428.0077, 0.003433,True
1781290428.0123, 0.001647,True
1781290428.0169, 0.009924,True
1781290428.0225, 0.008493,True
1781290428.0292, 0.006712,True
1781290428.0340, 0.005098,True
1781290428.0400, 0.003329,True
1781290428.0448, 0.001743,True
1781290428.0496, 0.000246,True
1781290428.0564, 0.008271,True
1781290428.0620, 0.006784,True
1781290428.0673, 0.004772,True
1781290428.0732, 0.003451,True
1781290428.0782, 0.001735,True
1781290428.0828, 0.009755,True
1781290428.0902, 0.008648,True
1781290428.0951, 0.006905,True
1781290428.1001, 0.005337,True
1781290428.1049, 0.004165,True
1781290428.1099, 0.002208,True
1781290428.1147, 0.000301,True
1781290428.1205, 0.008498,True
1781290428.1269, 0.006365,True
1781290428.1320, 0.004205,True
1781290428.1377, 0.002447,True
1781290428.1437, 0.000400,True
1781290428.1484, 0.008193,True
1781290428.1539, 0.006427,True
1781290428.1615, 0.004437,True
1781290428.1664, 0.000137,True
1781290428.1751, 0.000667,True
1781290428.1826, 0.009237,True
1781290428.1880, 0.002451,True
1781290428.1930, 0.000570,True
1781290428.1979, 0.008288,True
1781290428.2030, 0.006246,True
1781290428.2080, 0.003892,True
1781290428.2128, 0.002225,True
1781290428.2176, 0.010124,True
1781290428.2228, 0.008201,True
1781290428.2278, 0.006848,True
1781290428.2331, 0.004984,True
1781290428.2387, 0.003028,True
1781290428.2437, 0.001575,True
1781290428.2489, 0.000243,True
1781290428.2542, 0.008365,True
1781290428.2597, 0.006978,True
1781290428.2659, 0.005128,True
1781290428.2742, 0.004170,True
1781290428.2796, 0.002140,True
1781290428.2866, 0.000479,True
1781290428.2927, 0.009345,True
1781290428.2984, 0.008266,True
1781290428.3040, 0.006336,True
1781290428.3091, 0.004131,True
1781290428.3139, 0.002297,True
1781290428.3189, 0.000732,True
1781290428.3241, 0.009269,True
1781290428.3290, 0.007345,True
1781290428.3339, 0.005666,True
1781290428.3393, 0.004137,True
1781290428.3445, 0.002487,True
1781290428.3493, 0.000630,True
1781290428.3550, 0.009173,True
1781290428.3600, 0.007379,True
1781290428.3650, 0.005631,True
1781290428.3703, 0.004363,True
1781290428.3762, 0.002362,True
1781290428.3810, 0.000215,True
1781290428.3868, 0.008077,True
1781290428.3946, 0.006471,True
1781290428.3996, 0.004965,True
1781290428.4055, 0.002775,True
1781290428.4107, 0.001052,True
1781290428.4190, 0.000125,True
1781290428.4273, 0.008391,True
1781290428.4323, 0.006612,True
1781290428.4371, 0.004779,True
1781290428.4448, 0.002998,True
1781290428.4500, 0.001142,True
1781290428.4558, 0.009505,True
1781290428.4607, 0.007980,True
1781290428.4654, 0.006355,True
1781290428.4705, 0.004238,True
1781290428.4762, 0.002969,True
1781290428.4807, 0.001110,False
1781290428.4884, 0.009587,False
1781290428.4933, 0.008339,False
1781290428.4981, 0.006563,False
1781290428.5037, 0.005025,False
1781290428.5089, 0.003062,False
1781290428.5138, 0.001176,False
1781290428.5191, 0.009385,False
1781290428.5243, 0.007509,False
1781290428.5296, 0.005644,False
1781290428.5347, 0.004358,False
1781290428.5405, 0.002365,False
1781290428.5457, 0.000379,False
1781290428.5507, 0.008511,False
1781290428.5561, 0.006919,False
1781290428.5610, 0.005370,False
1781290428.5657, 0.003222,False
1781290428.5714, 0.001635,False
1781290428.5766, 0.009554,False
1781290428.5816, 0.008582,False
1781290428.5873, 0.006745,False
1781290428.5924, 0.004150,False
1781290428.5972, 0.003123,False
1781290428.6024, 0.001245,False
1781290428.6076, 0.005503,False
1781290428.6135, 0.009075,False
1781290428.6183, 0.007218,False
1781290428.6240, 0.005590,False
1781290428.6289, 0.004137,False
1781290428.6338, 0.002446,False
1781290428.6395, 0.000735,False
1781290428.6449, 0.008915,False
1781290428.6525, 0.007424,False
1781290428.6578, 0.006101,False
1781290428.6621, 0.000152,False
1781290428.6699, 0.002455,False
1781290428.6758, 0.000578,False
1781290428.6808, 0.008267,False
1781290428.6864, 0.006396,False
1781290428.6928, 0.004282,False
1781290428.7001, 0.003942,False
1781290428.7054, 0.002267,False
1781290428.7103, 0.000450,False
1781290428.7151, 0.008522,False
1781290428.7204, 0.006815,False
1781290428.7254, 0.004949,False
1781290428.7301, 0.002906,False
1781290428.7349, 0.000965,False
1781290428.7423, 0.009039,False
1781290428.7470, 0.007272,False
1781290428.7517, 0.005550,False
1781290428.7565, 0.004248,False
1781290428.7613, 0.002417,False
1781290428.7660, 0.000260,False
1781290428.7708, 0.008777,False
1781290428.7758, 0.006898,False
1781290428.7807, 0.005719,False
1781290428.7859, 0.003924,False
1781290428.7910, 0.002144,False
1781290428.7956, 0.010016,False
1781290428.8005, 0.008073,False
1781290428.8055, 0.006321,False
1781290428.8101, 0.004035,False
1781290428.8149, 0.007892,False
1781290428.8196, 0.006419,False
1781290428.8246, 0.004863,False
1781290428.8298, 0.003215,False
1781290428.8348, 0.001044,False
1781290428.8407, 0.009031,False
1781290428.8457, 0.007059,False
1781290428.8504, 0.005245,False
1781290428.8553, 0.004103,False
1781290428.8599, 0.002290,False
1781290428.8648, 0.010011,False
1781290428.8702, 0.008522,False
1781290428.8755, 0.006669,False
1781290428.8808, 0.004871,False
1781290428.8860, 0.003061,False
1781290428.8908, 0.001231,False
1781290428.8956, 0.000132,False
1781290428.9034, 0.008482,False
1781290428.9094, 0.006885,False
1781290428.9149, 0.005174,False
1781290428.9212, 0.003212,False
1781290428.9264, 0.001338,False
1781290428.9313, 0.009658,False
1781290428.9361, 0.008034,False
1781290428.9435, 0.006507,False
1781290428.9484, 0.004838,False
1781290428.9535, 0.003049,False
1781290428.9582, 0.001423,False
1781290428.9629, 0.009923,False
1781290428.9676, 0.004263,False
1781290428.9730, 0.002224,False
1781290428.9775, 0.000401,False
1781290428.9844, 0.008422,False
1781290428.9892, 0.006822,False
1781290428.9940, 0.004930,False
1781290428.9986, 0.003263,False
1781290429.0042, 0.001350,False
1781290429.0091, 0.009419,False
1781290429.0143, 0.007870,False
1781290429.0196, 0.006197,False
1781290429.0247, 0.004060,False
1781290429.0297, 0.002841,False
1781290429.0345, 0.001095,False
1781290429.0398, 0.009192,False
1781290429.0454, 0.007419,False
1781290429.0501, 0.005716,False
1781290429.0565, 0.004048,False
1781290429.0613, 0.002010,False
1781290429.0660, 0.000706,False
1781290429.0713, 0.009182,False
1781290429.0761, 0.007891,False
1781290429.0809, 0.006482,False
1781290429.0859, 0.004243,False
1781290429.0913, 0.002531,False
1781290429.0961, 0.000547,False
1781290429.1012, 0.009085,False
1781290429.1065, 0.007337,False
1781290429.1123, 0.005703,False
1781290429.1214, 0.004174,False
1781290429.1281, 0.002330,False
1781290429.1338, 0.000567,False
1781290429.1393, 0.000000,False
1781290429.1464, 0.007272,False
1781290429.1514, 0.005560,False
1781290429.1579, 0.004134,False
1781290429.1628, 0.007980,False
1781290429.1677, 0.006467,False
1781290429.1730, 0.003904,False
1781290429.1779, 0.002391,False
1781290429.1826, 0.000583,False
1781290429.1875, 0.008514,False
1781290429.1947, 0.006961,False
1781290429.1997, 0.005985,False
1781290429.2049, 0.004129,False
1781290429.2100, 0.002094,False
1781290429.2151, 0.000247,False
1781290429.2207, 0.008215,False
1781290429.2278, 0.006706,False
1781290429.2332, 0.004652,False
1781290429.2413, 0.002965,False
1781290429.2464, 0.000403,False
1781290429.2520, 0.009254,False
1781290429.2572, 0.008008,False
1781290429.2620, 0.006401,False
1781290429.2670, 0.004065,False
1781290429.2729, 0.002763,False
1781290429.2779, 0.000951,False
1781290429.2873, 0.009110,False
1781290429.2952, 0.006915,False
1781290429.3007, 0.005286,False
1781290429.3060, 0.002893,False
1781290429.3110, 0.006052,False
1781290429.3158, 0.004137,False
1781290429.3215, 0.002958,False
1781290429.3264, 0.001159,False
1781290429.3313, 0.009244,False
1781290429.3363, 0.007762,False
1781290429.3414, 0.005790,False
1781290429.3464, 0.003992,False
1781290429.3514, 0.002076,False
1781290429.3568, 0.000631,False
1781290429.3618, 0.008907,False
1781290429.3669, 0.007339,False
1781290429.3720, 0.005811,False
1781290429.3772, 0.004093,False
1781290429.3820, 0.002129,False
1781290429.3871, 0.000141,False
1781290429.3959, 0.009042,False
1781290429.4007, 0.007197,False
1781290429.4065, 0.005075,False
1781290429.4119, 0.003079,False
1781290429.4168, 0.001552,False
1781290429.4236, 0.010062,False
1781290429.4284, 0.008347,False
1781290429.4334, 0.006333,False
1781290429.4385, 0.004969,False
1781290429.4431, 0.003010,False
1781290429.4477, 0.001041,False
1781290429.4535, 0.009010,False
1781290429.4588, 0.007735,False
1781290429.4636, 0.006252,False
1781290429.4686, 0.004355,False
1781290429.4739, 0.002549,False
1781290429.4788, 0.000477,False
1781290429.4837, 0.008782,False
1781290429.4890, 0.006817,False
1781290429.4962, 0.005441,False
1781290429.5013, 0.004047,False
1781290429.5068, 0.002038,False
1781290429.5117, 0.000398,False
1781290429.5167, 0.008871,False
1781290429.5230, 0.007137,False
1781290429.5278, 0.005829,False
1781290429.5322, 0.004042,False
1781290429.5399, 0.002169,False
1781290429.5446, 0.000453,False
1781290429.5494, 0.008720,False
1781290429.5563, 0.007107,False
1781290429.5612, 0.005709,False
1781290429.5660, 0.003646,False
1781290429.5719, 0.002264,False
1781290429.5766, 0.000614,False
1781290429.5837, 0.008737,False
1781290429.5895, 0.006887,False
1781290429.5946, 0.004722,False
1781290429.5994, 0.002901,False
1781290429.6050, 0.001098,False
1781290429.6098, 0.009317,False
1781290429.6160, 0.008003,False
1781290429.6241, 0.006300,False
1781290429.6299, 0.003709,False
1781290429.6345, 0.000115,False
1781290429.6425, 0.009947,False
1781290429.6474, 0.008316,False
1781290429.6527, 0.006168,False
1781290429.6577, 0.003946,False
1781290429.6626, 0.001995,False
1781290429.6675, 0.009951,False
1781290429.6738, 0.007836,False
1781290429.6791, 0.006149,False
1781290429.6841, 0.004373,False
1781290429.6904, 0.002307,False
1781290429.6957, 0.000344,False
1781290429.7006, 0.008216,False
1781290429.7065, 0.006359,False
1781290429.7117, 0.004141,False
1781290429.7165, 0.002880,False
1781290429.7218, 0.001612,False
1781290429.7266, 0.010013,False
1781290429.7314, 0.007959,False
1781290429.7366, 0.006207,False
1781290429.7416, 0.004314,False
1781290429.7463, 0.002477,False
1781290429.7514, 0.001056,False
1781290429.7565, 0.010100,False
1781290429.7615, 0.008347,False
1781290429.7666, 0.006255,False
1781290429.7719, 0.004248,False
1781290429.7769, 0.002784,False
1781290429.7821, 0.000800,False
1781290429.7875, 0.008943,False
1781290429.7950, 0.007203,False
1781290429.8002, 0.005862,False
1781290429.8057, 0.003972,False
1781290429.8106, 0.002234,False
1781290429.8157, 0.000754,False
1781290429.8206, 0.009102,False
1781290429.8255, 0.006997,False
1781290429.8299, 0.005530,False
1781290429.8378, 0.003842,False
1781290429.8427, 0.002052,False
1781290429.8476, 0.000391,False
1781290429.8525, 0.008360,False
1781290429.8577, 0.006308,False
1781290429.8630, 0.003977,False
1781290429.8678, 0.001935,False
1781290429.8728, 0.000138,False
1781290429.8805, 0.003558,False
1781290429.8858, 0.001357,False
1781290429.8916, 0.009747,False
1781290429.8982, 0.007997,False
1781290429.9045, 0.006465,False
1781290429.9114, 0.004692,False
1781290429.9173, 0.002882,False
1781290429.9239, 0.000895,False
1781290429.9293, 0.009317,False
1781290429.9346, 0.007968,False
1781290429.9401, 0.006132,False
1781290429.9462, 0.003942,False
1781290429.9516, 0.001934,False
1781290429.9569, 0.010236,False
1781290429.9622, 0.008238,False
1781290429.9677, 0.006708,False
1781290429.9729, 0.004864,False
1781290429.9780, 0.003742,False
1781290429.9830, 0.002209,False
1781290429.9882, 0.000841,False
1781290429.9936, 0.008992,False
1781290429.9991, 0.006754,False
1781290430.0051, 0.004962,False
1781290430.0119, 0.003755,False
1781290430.0174, 0.002089,False
1781290430.0236, 0.000683,False
1781290430.0296, 0.009153,False
1781290430.0370, 0.008027,False
1781290430.0436, 0.006477,False
1781290430.0493, 0.004891,False
1781290430.0548, 0.004089,False
1781290430.0603, 0.002101,False
1781290430.0653, 0.000624,False
1781290430.0708, 0.008356,False
1781290430.0762, 0.007049,False
1781290430.0816, 0.005197,False
1781290430.0868, 0.001547,False
1781290430.0918, 0.000231,False
1781290430.0970, 0.007818,False
1781290430.1044, 0.007004,False
1781290430.1097, 0.004923,False
1781290430.1147, 0.003870,False
1781290430.1203, 0.002140,False
1781290430.1252, 0.000655,False
1781290430.1298, 0.000128,False
1781290430.1392, 0.006877,False
1781290430.1439, 0.005280,False
1781290430.1515, 0.003856,False
1781290430.1565, 0.001939,False
1781290430.1613, 0.000469,False
1781290430.1660, 0.008835,False
1781290430.1715, 0.007183,False
1781290430.1765, 0.005297,False
1781290430.1814, 0.003761,False
1781290430.1862, 0.001849,False
1781290430.1934, 0.010219,False
1781290430.1982, 0.007622,False
1781290430.2036, 0.005986,False
1781290430.2087, 0.003916,False
1781290430.2138, 0.002101,False
1781290430.2193, 0.010053,False
1781290430.2247, 0.007475,False
1781290430.2310, 0.006057,False
1781290430.2366, 0.003629,False
1781290430.2414, 0.001869,False
1781290430.2463, 0.010049,False
1781290430.2512, 0.008346,False
1781290430.2565, 0.006451,False
1781290430.2612, 0.004859,False
1781290430.2660, 0.002822,False
1781290430.2720, 0.001152,False
1781290430.2770, 0.009393,False
1781290430.2828, 0.007868,False
1781290430.2889, 0.006033,False
1781290430.2942, 0.004155,False
1781290430.2991, 0.002429,False
1781290430.3044, 0.000942,False
1781290430.3094, 0.008865,False
1781290430.3144, 0.006905,False
1781290430.3204, 0.005298,False
1781290430.3263, 0.003882,False
1781290430.3313, 0.002013,False
1781290430.3371, 0.010133,False
1781290430.3422, 0.007816,False
1781290430.3507, 0.006047,False
1781290430.3569, 0.003774,False
1781290430.3622, 0.002045,False
1781290430.3674, 0.000394,False
1781290430.3728, 0.008615,False
1781290430.3779, 0.000146,False
1781290430.3852, 0.005056,False
1781290430.3905, 0.003725,False
1781290430.3956, 0.002035,False
1781290430.4004, 0.000622,False
1781290430.4055, 0.009156,False
1781290430.4108, 0.007050,False
1781290430.4158, 0.005709,False
1781290430.4222, 0.003778,False
1781290430.4273, 0.002161,False
1781290430.4322, 0.000288,False
1781290430.4389, 0.008834,False
1781290430.4439, 0.007587,False
1781290430.4517, 0.006137,False
1781290430.4573, 0.004328,False
1781290430.4626, 0.002604,False
1781290430.4678, 0.000583,False
1781290430.4736, 0.009098,False
1781290430.4785, 0.008577,False
1781290430.4833, 0.006748,False
1781290430.4887, 0.004961,False
1781290430.4958, 0.002963,False
1781290430.5009, 0.001339,False
1781290430.5064, 0.009985,False
1781290430.5115, 0.008268,False
1781290430.5165, 0.006128,False
1781290430.5215, 0.004790,False
1781290430.5266, 0.003675,False
1781290430.5312, 0.002097,False
1781290430.5387, 0.000394,False
1781290430.5434, 0.008780,False
1781290430.5479, 0.007231,False
1781290430.5532, 0.005550,False
1781290430.5583, 0.003895,False
1781290430.5635, 0.002084,False
1781290430.5688, 0.000328,False
1781290430.5755, 0.008756,False
1781290430.5803, 0.007046,False
1781290430.5851, 0.005631,False
1781290430.5903, 0.003838,False
1781290430.5950, 0.002339,False
1781290430.5998, 0.000486,False
1781290430.6053, 0.009311,False
1781290430.6102, 0.008184,False
1781290430.6156, 0.006130,False
1781290430.6215, 0.000121,False
1781290430.6289, 0.003674,False
1781290430.6335, 0.001922,False
1781290430.6396, 0.000509,False
1781290430.6445, 0.008481,False
1781290430.6493, 0.006618,False
1781290430.6552, 0.004959,False
1781290430.6600, 0.000563,False
1781290430.6647, 0.008486,False
1781290430.6712, 0.006790,False
1781290430.6762, 0.005354,False
1781290430.6808, 0.003780,False
1781290430.6870, 0.002418,False
1781290430.6923, 0.001019,False
1781290430.6971, 0.009209,False
1781290430.7027, 0.007698,False
1781290430.7089, 0.005788,False
1781290430.7140, 0.003734,False
1781290430.7195, 0.001805,False
1781290430.7247, 0.010132,False
1781290430.7297, 0.007985,False
1781290430.7344, 0.006112,False
1781290430.7395, 0.004138,False
1781290430.7442, 0.002614,False
1781290430.7489, 0.000953,False
1781290430.7560, 0.008449,False
1781290430.7607, 0.006915,False
1781290430.7656, 0.004927,False
1781290430.7709, 0.003605,False
1781290430.7757, 0.001578,False
1781290430.7801, 0.009986,False
1781290430.7875, 0.007644,False
1781290430.7923, 0.005744,False
1781290430.7969, 0.003581,False
1781290430.8022, 0.001509,False
1781290430.8070, 0.010076,False
1781290430.8117, 0.007672,False
1781290430.8166, 0.006098,False
1781290430.8216, 0.004516,False
1781290430.8286, 0.002490,False
1781290430.8337, 0.001256,False
1781290430.8388, 0.009405,False
1781290430.8440, 0.003693,False
1781290430.8513, 0.001668,False
1781290430.8566, 0.009929,False
1781290430.8613, 0.000106,False
1781290430.8684, 0.005959,False
1781290430.8735, 0.004186,False
1781290430.8784, 0.001920,False
1781290430.8833, 0.000499,False
1781290430.8881, 0.008577,False
1781290430.8930, 0.006646,False
1781290430.8977, 0.004924,False
1781290430.9040, 0.002559,False
1781290430.9094, 0.000860,False
1781290430.9144, 0.009429,False
1781290430.9196, 0.007425,False
1781290430.9248, 0.005949,False
1781290430.9296, 0.004093,False
1781290430.9344, 0.002481,False
1781290430.9395, 0.000948,False
1781290430.9444, 0.009206,False
1781290430.9493, 0.007774,False
1781290430.9549, 0.006101,False
1781290430.9597, 0.004679,False
1781290430.9644, 0.002362,False
1781290430.9700, 0.000897,False
1781290430.9752, 0.008966,False
1781290430.9801, 0.007417,False
1781290430.9850, 0.005361,False
1781290430.9904, 0.003705,False
1781290430.9952, 0.001697,False
1781290431.0001, 0.000230,False
1781290431.0066, 0.008696,False
1781290431.0120, 0.007603,False
1781290431.0171, 0.005521,False
1781290431.0232, 0.003304,False
1781290431.0282, 0.001873,False
1781290431.0332, 0.000677,False
1781290431.0382, 0.008992,False
1781290431.0432, 0.007633,False
1781290431.0480, 0.005696,False
1781290431.0527, 0.003859,False
1781290431.0575, 0.008692,False
1781290431.0627, 0.007603,False
1781290431.0685, 0.005507,False
1781290431.0763, 0.003485,False
1781290431.0813, 0.001661,False
1781290431.0867, 0.009251,False
1781290431.0949, 0.007286,False
1781290431.1002, 0.000131,False
1781290431.1076, 0.003609,False
1781290431.1124, 0.002495,False
1781290431.1171, 0.000840,False
1781290431.1243, 0.009235,False
1781290431.1299, 0.008284,False
1781290431.1367, 0.006521,False
1781290431.1418, 0.004935,False
1781290431.1472, 0.003431,False
1781290431.1538, 0.001774,False
1781290431.1588, 0.010129,False
1781290431.1644, 0.008482,False
1781290431.1707, 0.006583,False
1781290431.1758, 0.005151,False
1781290431.1811, 0.003286,False
1781290431.1867, 0.001664,False
1781290431.1919, 0.010002,False
1781290431.1972, 0.008624,False
1781290431.2033, 0.007329,False
1781290431.2095, 0.005698,False
1781290431.2144, 0.004118,False
1781290431.2198, 0.002108,False
1781290431.2249, 0.000351,False
1781290431.2300, 0.008732,False
1781290431.2355, 0.007507,False
1781290431.2405, 0.006032,False
1781290431.2453, 0.004181,False
1781290431.2499, 0.002383,False
1781290431.2560, 0.000704,False
1781290431.2610, 0.008990,False
1781290431.2659, 0.007849,False
1781290431.2714, 0.006074,False
1781290431.2767, 0.004210,False
1781290431.2814, 0.002650,False
1781290431.2865, 0.000781,False
1781290431.2914, 0.009010,False
1781290431.2961, 0.007788,False
1781290431.3012, 0.005771,False
1781290431.3066, 0.004162,False
1781290431.3116, 0.002525,False
1781290431.3170, 0.001047,False
1781290431.3221, 0.009276,False
1781290431.3269, 0.007617,False
1781290431.3318, 0.005543,False
1781290431.3377, 0.003516,False
1781290431.3423, 0.000122,False
1781290431.3498, 0.009377,False
1781290431.3553, 0.007765,False
1781290431.3602, 0.006128,False
1781290431.3652, 0.004493,False
1781290431.3709, 0.003622,False
1781290431.3757, 0.001861,False
1781290431.3811, 0.000513,False
1781290431.3866, 0.008608,False
1781290431.3916, 0.006602,False
1781290431.3965, 0.004903,False
1781290431.4021, 0.009458,False
1781290431.4072, 0.007929,False
1781290431.4118, 0.005909,False
1781290431.4201, 0.004380,False
1781290431.4251, 0.002661,False
1781290431.4299, 0.001243,False
1781290431.4357, 0.009319,False
1781290431.4410, 0.007810,False
1781290431.4458, 0.006238,False
1781290431.4517, 0.004587,False
1781290431.4580, 0.003231,False
1781290431.4656, 0.001656,False
1781290431.4717, 0.009639,False
1781290431.4769, 0.007902,False
1781290431.4818, 0.006058,False
1781290431.4874, 0.004669,False
1781290431.4933, 0.002538,False
1781290431.4985, 0.000758,False
1781290431.5041, 0.009042,False
1781290431.5093, 0.007628,False
1781290431.5144, 0.005755,False
1781290431.5202, 0.003458,False
1781290431.5255, 0.001821,False
1781290431.5307, 0.009949,False
1781290431.5366, 0.008618,False
1781290431.5418, 0.007752,False
1781290431.5467, 0.005928,False
1781290431.5523, 0.004522,False
1781290431.5578, 0.003265,False
1781290431.5629, 0.001901,False
1781290431.5687, 0.010067,False
1781290431.5745, 0.008600,False
1781290431.5802, 0.007641,False
1781290431.5864, 0.005851,False
1781290431.5915, 0.000147,False
1781290431.5990, 0.002386,False
1781290431.6051, 0.000553,False
1781290431.6103, 0.009179,False
1781290431.6165, 0.002877,False
1781290431.6222, 0.001274,False
1781290431.6272, 0.009928,False
1781290431.6322, 0.008431,False
1781290431.6382, 0.007551,False
1781290431.6449, 0.005840,False
1781290431.6501, 0.004550,False
1781290431.6565, 0.002574,False
1781290431.6615, 0.000741,False
1781290431.6666, 0.009119,False
1781290431.6720, 0.007818,False
1781290431.6771, 0.005933,False
1781290431.6823, 0.004258,False
1781290431.6884, 0.002299,False
1781290431.6938, 0.000720,False
1781290431.6989, 0.004177,False
1781290431.7043, 0.002333,False
1781290431.7095, 0.000899,False
1781290431.7144, 0.008904,False
1781290431.7200, 0.007841,False
1781290431.7277, 0.006226,False
1781290431.7326, 0.004592,False
1781290431.7387, 0.003299,False
1781290431.7439, 0.001582,False
1781290431.7487, 0.009701,False
1781290431.7552, 0.007420,False
1781290431.7600, 0.005417,False
1781290431.7644, 0.003205,False
1781290431.7713, 0.001519,False
1781290431.7759, 0.010063,False
1781290431.7806, 0.008462,False
1781290431.7856, 0.006504,False
1781290431.7904, 0.004746,False
1781290431.7951, 0.003359,False
1781290431.7999, 0.001517,False
1781290431.8049, 0.009854,False
1781290431.8097, 0.007931,False
1781290431.8145, 0.006351,False
1781290431.8211, 0.004267,False
1781290431.8264, 0.003291,False
1781290431.8312, 0.001596,False
1781290431.8368, 0.000128,False
1781290431.8444, 0.007760,False
1781290431.8496, 0.005525,False
1781290431.8545, 0.003131,False
1781290431.8593, 0.002483,False
1781290431.8641, 0.000637,False
1781290431.8696, 0.008876,False
1781290431.8745, 0.007869,False
1781290431.8796, 0.006175,False
1781290431.8846, 0.004693,False
1781290431.8894, 0.002492,False
1781290431.8942, 0.000827,False
1781290431.8990, 0.008837,False
1781290431.9044, 0.007797,False
1781290431.9096, 0.006093,False
1781290431.9143, 0.004399,False
1781290431.9191, 0.003218,False
1781290431.9239, 0.001637,False
1781290431.9292, 0.010229,False
1781290431.9339, 0.008512,False
1781290431.9393, 0.006474,False
1781290431.9448, 0.004688,False
1781290431.9496, 0.003583,False
1781290431.9548, 0.002585,False
1781290431.9597, 0.000734,False
1781290431.9646, 0.008267,False
1781290431.9702, 0.006465,False
1781290431.9756, 0.005353,False
1781290431.9808, 0.003489,False
1781290431.9860, 0.001527,False
1781290431.9910, 0.009992,False
1781290431.9957, 0.008411,False
1781290432.0003, 0.006701,False
1781290432.0056, 0.004967,False
1781290432.0104, 0.003267,False
1781290432.0153, 0.001819,False
1781290432.0204, 0.010054,False
1781290432.0251, 0.008470,False
1781290432.0297, 0.007585,False
1781290432.0345, 0.005576,False
1781290432.0402, 0.004054,False
1781290432.0448, 0.002250,False
1781290432.0496, 0.000404,False
1781290432.0549, 0.008758,False
1781290432.0597, 0.007430,False
1781290432.0644, 0.000143,False
1781290432.0719, 0.004049,False
1781290432.0767, 0.002526,False
1781290432.0815, 0.000645,False
1781290432.0871, 0.008071,False
1781290432.0943, 0.007404,False
1781290432.0997, 0.005801,False
1781290432.1048, 0.003798,False
1781290432.1095, 0.002248,False
1781290432.1143, 0.000234,False
1781290432.1208, 0.008317,False
1781290432.1256, 0.006289,False
1781290432.1302, 0.004286,False
1781290432.1378, 0.002338,False
1781290432.1424, 0.000403,False
1781290432.1471, 0.008885,False
1781290432.1528, 0.007830,False
1781290432.1578, 0.005804,False
1781290432.1624, 0.003441,False
1781290432.1674, 0.002072,False
1781290432.1729, 0.000352,False
1781290432.1798, 0.008449,False
1781290432.1850, 0.006553,False
1781290432.1904, 0.004716,False
1781290432.1953, 0.002172,False
1781290432.2002, 0.000720,False
1781290432.2053, 0.009228,False
1781290432.2100, 0.007283,False
1781290432.2148, 0.005332,False
1781290432.2200, 0.003517,False
1781290432.2253, 0.001618,False
1781290432.2300, 0.009180,False
1781290432.2353, 0.007320,False
1781290432.2404, 0.005539,False
1781290432.2453, 0.003890,False
1781290432.2503, 0.002351,False
1781290432.2562, 0.000637,False
1781290432.2615, 0.008480,False
1781290432.2665, 0.007689,False
1781290432.2721, 0.005833,False
1781290432.2770, 0.003883,False
1781290432.2818, 0.002313,False
1781290432.2871, 0.000909,False
1781290432.2921, 0.008997,False
1781290432.2971, 0.007425,False
1781290432.3018, 0.000127,False
1781290432.3087, 0.003438,False
1781290432.3136, 0.001330,False
1781290432.3188, 0.009761,False
1781290432.3238, 0.008281,False
1781290432.3289, 0.006147,False
1781290432.3340, 0.004564,False
1781290432.3394, 0.003559,False
1781290432.3442, 0.001764,False
1781290432.3489, 0.009859,False
1781290432.3545, 0.008389,False
1781290432.3594, 0.006403,False
1781290432.3642, 0.004776,False
1781290432.3692, 0.003272,False
1781290432.3742, 0.001501,False
1781290432.3790, 0.009381,False
1781290432.3839, 0.008217,False
1781290432.3891, 0.006500,False
1781290432.3937, 0.005090,False
1781290432.3982, 0.003568,False
1781290432.4033, 0.001789,False
1781290432.4081, 0.009853,False
1781290432.4126, 0.008199,False
1781290432.4208, 0.006704,False
1781290432.4259, 0.004872,False
1781290432.4305, 0.003798,False
1781290432.4359, 0.001970,False
1781290432.4407, 0.010005,False
1781290432.4461, 0.008014,False
1781290432.4515, 0.006174,False
1781290432.4568, 0.004591,False
1781290432.4641, 0.005032,False
1781290432.4693, 0.003437,False
1781290432.4741, 0.001963,False
1781290432.4792, 0.000307,False
1781290432.4842, 0.008169,False
1781290432.4899, 0.006668,False
1781290432.4952, 0.005056,False
1781290432.5003, 0.003600,False
1781290432.5060, 0.001410,False
1781290432.5109, 0.009527,False
1781290432.5159, 0.007123,False
1781290432.5219, 0.005283,False
1781290432.5271, 0.003484,False
1781290432.5321, 0.001735,False
1781290432.5386, 0.000000,False
1781290432.5465, 0.008236,False
1781290432.5523, 0.006607,False
1781290432.5576, 0.005112,False
1781290432.5629, 0.003261,False
1781290432.5691, 0.001165,False
1781290432.5745, 0.009299,False
1781290432.5799, 0.007645,False
1781290432.5868, 0.005806,False
1781290432.5948, 0.004236,False
1781290432.6018, 0.007151,False
1781290432.6075, 0.005525,False
1781290432.6126, 0.003600,False
1781290432.6194, 0.002334,False
1781290432.6248, 0.000470,False
1781290432.6297, 0.008755,False
1781290432.6349, 0.007095,False
1781290432.6449, 0.005709,False
1781290432.6501, 0.003730,False
1781290432.6580, 0.002209,False
1781290432.6642, 0.000491,False
1781290432.6697, 0.008794,False
1781290432.6747, 0.007511,False
1781290432.6794, 0.005640,False
1781290432.6840, 0.003886,False
1781290432.6925, 0.001918,False
1781290432.6975, 0.000277,False
1781290432.7049, 0.008516,False
1781290432.7104, 0.007318,False
1781290432.7154, 0.005381,False
1781290432.7214, 0.003814,False
1781290432.7264, 0.002191,False
1781290432.7309, 0.000575,False
1781290432.7387, 0.008861,False
1781290432.7437, 0.007406,False
1781290432.7486, 0.005517,False
1781290432.7543, 0.003603,False
1781290432.7596, 0.001606,False
1781290432.7647, 0.010078,False
1781290432.7701, 0.008168,False
1781290432.7750, 0.006128,False
1781290432.7800, 0.004116,False
1781290432.7866, 0.003108,False
1781290432.7922, 0.001237,False
1781290432.7970, 0.009272,False
1781290432.8022, 0.000141,False
1781290432.8095, 0.005534,False
1781290432.8145, 0.003665,False
1781290432.8197, 0.002015,False
1781290432.8246, 0.000814,False
1781290432.8293, 0.008738,False
1781290432.8354, 0.007822,False
1781290432.8405, 0.005765,False
1781290432.8456, 0.003830,False
1781290432.8511, 0.002049,False
1781290432.8562, 0.000386,False
1781290432.8620, 0.008791,False
1781290432.8674, 0.007240,False
1781290432.8729, 0.005590,False
1781290432.8789, 0.003269,False
1781290432.8839, 0.001623,False
1781290432.8889, 0.010135,False
1781290432.8937, 0.008029,False
1781290432.8984, 0.006461,False
1781290432.9039, 0.004918,False
1781290432.9088, 0.002895,False
1781290432.9135, 0.001359,False
1781290432.9185, 0.009756,False
1781290432.9237, 0.008105,False
1781290432.9283, 0.006015,False
1781290432.9331, 0.004468,False
1781290432.9382, 0.002262,False
1781290432.9432, 0.000530,False
1781290432.9480, 0.008998,False
1781290432.9537, 0.002396,False
1781290432.9586, 0.000963,False
1781290432.9632, 0.009112,False
1781290432.9684, 0.003436,False
1781290432.9739, 0.001730,False
1781290432.9787, 0.009955,False
1781290432.9832, 0.008268,False
1781290432.9882, 0.002913,False
1781290432.9932, 0.001446,False
1781290432.9982, 0.009808,False
1781290433.0032, 0.008125,False
1781290433.0081, 0.006218,False
1781290433.0128, 0.004424,False
1781290433.0175, 0.003057,False
1781290433.0224, 0.001323,False
1781290433.0270, 0.010030,False
1781290433.0314, 0.000142,False
1781290433.0389, 0.007056,False
1781290433.0435, 0.005206,False
1781290433.0528, 0.003109,False
1781290433.0575, 0.001530,False
1781290433.0625, 0.010086,False
1781290433.0674, 0.008776,False
1781290433.0724, 0.007223,False
1781290433.0773, 0.005585,False
1781290433.0822, 0.004105,False
1781290433.0880, 0.003282,False
1781290433.0930, 0.007585,False
1781290433.0978, 0.005737,False
1781290433.1034, 0.004075,False
1781290433.1083, 0.002450,False
1781290433.1132, 0.000266,False
1781290433.1185, 0.008694,False
1781290433.1250, 0.007509,False
1781290433.1297, 0.005668,False
1781290433.1351, 0.004162,False
1781290433.1401, 0.002271,False
1781290433.1447, 0.000374,False
1781290433.1499, 0.008652,False
1781290433.1554, 0.006930,False
1781290433.1604, 0.005219,False
1781290433.1652, 0.003317,False
1781290433.1701, 0.001139,False
1781290433.1751, 0.009779,False
1781290433.1797, 0.007834,False
1781290433.1881, 0.006196,False
1781290433.1932, 0.004315,False
1781290433.1990, 0.003460,False
1781290433.2057, 0.002203,False
1781290433.2106, 0.000725,False
1781290433.2154, 0.009054,False
1781290433.2205, 0.007204,False
1781290433.2268, 0.005752,False
1781290433.2316, 0.004029,False
1781290433.2369, 0.001960,False
1781290433.2419, 0.000525,False
1781290433.2467, 0.008417,False
1781290433.2518, 0.007621,False
1781290433.2569, 0.005417,False
1781290433.2617, 0.003843,False
1781290433.2666, 0.001721,False
1781290433.2743, 0.000179,False
1781290433.2814, 0.005364,False
1781290433.2864, 0.002945,False
1781290433.2912, 0.001433,False
1781290433.2961, 0.009696,False
1781290433.3013, 0.008376,False
1781290433.3064, 0.007104,False
1781290433.3114, 0.005513,False
1781290433.3161, 0.004241,False
1781290433.3212, 0.002851,False
1781290433.3265, 0.001295,False
1781290433.3312, 0.009680,False
1781290433.3368, 0.008304,False
1781290433.3417, 0.006434,False
1781290433.3466, 0.004725,False
1781290433.3516, 0.003163,False
1781290433.3566, 0.001377,False
1781290433.3613, 0.009576,False
1781290433.3661, 0.008003,False
1781290433.3712, 0.005835,False
1781290433.3761, 0.004037,False
1781290433.3808, 0.002964,False
1781290433.3864, 0.001364,False
1781290433.3914, 0.009465,False
1781290433.3960, 0.007549,False
1781290433.4011, 0.005739,False
1781290433.4062, 0.004466,False
1781290433.4110, 0.002117,False
1781290433.4156, 0.000635,False
1781290433.4221, 0.009356,False
1781290433.4277, 0.007553,False
1781290433.4323, 0.005808,False
1781290433.4382, 0.004006,False
1781290433.4431, 0.002218,False
1781290433.4479, 0.000485,False
1781290433.4534, 0.009034,False
1781290433.4584, 0.006894,False
1781290433.4633, 0.005309,False
1781290433.4685, 0.003090,False
1781290433.4734, 0.001107,False
1781290433.4785, 0.009669,False
1781290433.4860, 0.007538,False
1781290433.4908, 0.005493,False
1781290433.4954, 0.003876,False
1781290433.5001, 0.002025,False
1781290433.5050, 0.000117,False
1781290433.5118, 0.008885,False
1781290433.5210, 0.006988,False
1781290433.5274, 0.005340,False
1781290433.5323, 0.003630,False
1781290433.5385, 0.001744,False
1781290433.5438, 0.009940,False
1781290433.5485, 0.008049,False
1781290433.5546, 0.006189,False
1781290433.5602, 0.004353,False
1781290433.5678, 0.003060,False
1781290433.5733, 0.000807,False
1781290433.5785, 0.008900,False
1781290433.5838, 0.007243,False
1781290433.5893, 0.005535,False
1781290433.5940, 0.003597,False
1781290433.5987, 0.001988,False
1781290433.6040, 0.000201,False
1781290433.6116, 0.008713,False
1781290433.6185, 0.007433,False
1781290433.6244, 0.005410,False
1781290433.6296, 0.003171,False
1781290433.6356, 0.001302,False
1781290433.6407, 0.009665,False
1781290433.6456, 0.008014,False
1781290433.6504, 0.006459,False
1781290433.6562, 0.004700,False
1781290433.6614, 0.003158,False
1781290433.6664, 0.001338,False
1781290433.6720, 0.009508,False
1781290433.6770, 0.008124,False
1781290433.6822, 0.006470,False
1781290433.6878, 0.004891,False
1781290433.6930, 0.003151,False
1781290433.6979, 0.001079,False
1781290433.7049, 0.008956,False
1781290433.7100, 0.007286,False
1781290433.7151, 0.005688,False
1781290433.7205, 0.004356,False
1781290433.7256, 0.003114,False
1781290433.7306, 0.001424,False
1781290433.7373, 0.010099,False
1781290433.7420, 0.008430,False
1781290433.7467, 0.007481,False
1781290433.7520, 0.005709,False
1781290433.7569, 0.000122,False
1781290433.7642, 0.001574,False
1781290433.7698, 0.009969,False
1781290433.7749, 0.008280,False
1781290433.7800, 0.006133,False
1781290433.7858, 0.004431,False
1781290433.7908, 0.003093,False
1781290433.7960, 0.001178,False
1781290433.8025, 0.009770,False
1781290433.8080, 0.008205,False
1781290433.8130, 0.006386,False
1781290433.8181, 0.004559,False
1781290433.8230, 0.002771,False
1781290433.8278, 0.001195,False
1781290433.8327, 0.009528,False
1781290433.8380, 0.003775,False
1781290433.8428, 0.002121,False
1781290433.8478, 0.000647,False
1781290433.8529, 0.008852,False
1781290433.8576, 0.007170,False
1781290433.8649, 0.005726,False
1781290433.8703, 0.003764,False
1781290433.8759, 0.002030,False
1781290433.8813, 0.000402,False
1781290433.8864, 0.008926,False
1781290433.8912, 0.007249,False
1781290433.8960, 0.005346,False
1781290433.9003, 0.003993,False
1781290433.9073, 0.002129,False
1781290433.9122, 0.000747,False
1781290433.9175, 0.009303,False
1781290433.9224, 0.007091,False
1781290433.9273, 0.005726,False
1781290433.9320, 0.004446,False
1781290433.9367, 0.003164,False
1781290433.9411, 0.001419,False
1781290433.9480, 0.009766,False
1781290433.9529, 0.008071,False
1781290433.9578, 0.007180,False
1781290433.9626, 0.005731,False
1781290433.9672, 0.004185,False
1781290433.9720, 0.003016,False
1781290433.9771, 0.001510,False
1781290433.9822, 0.000128,False
1781290433.9894, 0.008372,False
1781290433.9940, 0.000140,False
1781290434.0008, 0.006026,False
1781290434.0057, 0.004278,False
1781290434.0104, 0.008052,False
1781290434.0148, 0.005958,False
1781290434.0196, 0.004658,False
1781290434.0246, 0.002780,False
1781290434.0294, 0.001176,False
1781290434.0343, 0.009506,False
1781290434.0395, 0.007856,False
1781290434.0444, 0.006423,False
1781290434.0491, 0.004959,False
1781290434.0538, 0.003788,False
1781290434.0585, 0.002208,False
1781290434.0635, 0.000426,False
1781290434.0683, 0.008499,False
1781290434.0731, 0.007328,False
1781290434.0777, 0.005315,False
1781290434.0826, 0.003849,False
1781290434.0874, 0.002752,False
1781290434.0923, 0.001007,False
1781290434.0971, 0.008981,False
1781290434.1027, 0.007458,False
1781290434.1077, 0.005115,False
1781290434.1124, 0.003037,False
1781290434.1174, 0.001626,False
1781290434.1222, 0.000314,False
1781290434.1270, 0.008919,False
1781290434.1324, 0.007333,False
1781290434.1391, 0.005485,False
1781290434.1438, 0.003437,False
1781290434.1496, 0.001644,False
1781290434.1548, 0.009984,False
1781290434.1597, 0.008288,False
1781290434.1643, 0.006761,False
1781290434.1697, 0.004968,False
1781290434.1746, 0.002726,False
1781290434.1792, 0.001012,False
1781290434.1837, 0.009151,False
1781290434.1887, 0.006765,False
1781290434.1933, 0.005104,False
1781290434.1979, 0.003433,False
1781290434.2033, 0.002162,False
1781290434.2082, 0.010094,False
1781290434.2128, 0.008426,False
1781290434.2175, 0.000133,False
1781290434.2244, 0.005528,False
1781290434.2290, 0.003814,False
1781290434.2337, 0.001793,False
1781290434.2385, 0.010170,False
1781290434.2432, 0.008387,False
1781290434.2478, 0.006675,False
1781290434.2531, 0.005040,False
1781290434.2576, 0.002529,False
1781290434.2643, 0.000760,False
1781290434.2696, 0.009199,False
1781290434.2742, 0.007409,False
1781290434.2789, 0.005549,False
1781290434.2838, 0.003982,False
1781290434.2885, 0.002786,False
1781290434.2932, 0.001714,False
1781290434.2980, 0.010042,False
1781290434.3033, 0.008329,False
1781290434.3086, 0.006685,False
1781290434.3133, 0.004716,False
1781290434.3192, 0.002695,False
1781290434.3246, 0.001068,False
1781290434.3314, 0.009220,False
1781290434.3370, 0.007088,False
1781290434.3422, 0.005058,False
1781290434.3475, 0.002629,False
1781290434.3526, 0.001050,False
1781290434.3574, 0.009589,False
1781290434.3619, 0.007789,False
1781290434.3669, 0.006874,False
1781290434.3717, 0.004569,False
1781290434.3765, 0.002818,False
1781290434.3812, 0.000863,False
1781290434.3869, 0.009548,False
1781290434.3919, 0.007921,False
1781290434.3967, 0.006578,False
1781290434.4018, 0.004661,False
1781290434.4066, 0.002863,False
1781290434.4113, 0.000763,False
1781290434.4162, 0.009318,False
1781290434.4233, 0.007991,False
1781290434.4280, 0.006893,False
1781290434.4330, 0.005325,False
1781290434.4379, 0.003781,False
1781290434.4427, 0.002732,False
1781290434.4471, 0.000121,False
1781290434.4547, 0.009195,False
1781290434.4599, 0.007153,False
1781290434.4649, 0.005906,False
1781290434.4708, 0.004173,False
1781290434.4758, 0.003028,False
1781290434.4808, 0.001206,False
1781290434.4867, 0.009623,False
1781290434.4916, 0.007839,False
1781290434.4962, 0.006018,False
1781290434.5013, 0.004364,False
1781290434.5061, 0.002743,False
1781290434.5109, 0.000938,False
1781290434.5159, 0.009293,False
1781290434.5210, 0.007745,False
1781290434.5258, 0.005836,False
1781290434.5306, 0.003988,False
1781290434.5356, 0.002764,False
1781290434.5406, 0.000738,False
1781290434.5452, 0.009822,False
1781290434.5499, 0.008400,False
1781290434.5547, 0.006872,False
1781290434.5594, 0.004945,False
1781290434.5642, 0.002808,False
1781290434.5693, 0.006956,False
1781290434.5740, 0.005108,False
1781290434.5785, 0.002806,False
1781290434.5862, 0.001086,False
1781290434.5914, 0.009309,False
1781290434.5962, 0.007912,False
1781290434.6012, 0.006118,False
1781290434.6061, 0.004222,False
1781290434.6107, 0.002599,False
1781290434.6162, 0.001749,False
1781290434.6210, 0.010057,False
1781290434.6259, 0.008406,False
1781290434.6307, 0.006787,False
1781290434.6366, 0.005440,False
1781290434.6420, 0.004037,False
1781290434.6468, 0.009882,False
1781290434.6523, 0.007763,False
1781290434.6573, 0.006131,False
1781290434.6619, 0.004508,False
1781290434.6681, 0.003010,False
1781290434.6732, 0.000837,False
1781290434.6778, 0.000136,False
1781290434.6850, 0.007661,False
1781290434.6900, 0.005301,False
1781290434.6946, 0.003886,False
1781290434.6991, 0.007336,False
1781290434.7054, 0.005770,False
1781290434.7102, 0.004077,False
1781290434.7151, 0.009478,False
1781290434.7201, 0.008063,False
1781290434.7248, 0.006252,False
1781290434.7294, 0.004456,False
1781290434.7342, 0.003030,False
1781290434.7392, 0.001096,False
1781290434.7439, 0.009257,False
1781290434.7487, 0.007678,False
1781290434.7537, 0.005894,False
1781290434.7584, 0.003976,False
1781290434.7634, 0.009502,False
1781290434.7684, 0.007599,False
1781290434.7729, 0.005882,False
1781290434.7772, 0.004065,False
1781290434.7842, 0.002589,False
1781290434.7891, 0.000984,False
1781290434.7938, 0.009380,False
1781290434.7987, 0.008309,False
1781290434.8035, 0.007003,False
1781290434.8082, 0.005068,False
1781290434.8127, 0.003159,False
1781290434.8175, 0.001506,False
1781290434.8243, 0.010096,False
1781290434.8290, 0.008105,False
1781290434.8337, 0.006302,False
1781290434.8384, 0.004694,False
1781290434.8430, 0.002404,False
1781290434.8478, 0.000619,False
1781290434.8525, 0.008739,False
1781290434.8573, 0.006585,False
1781290434.8623, 0.005082,False
1781290434.8670, 0.003722,False
1781290434.8716, 0.001759,False
1781290434.8761, 0.000225,False
1781290434.8806, 0.008173,False
1781290434.8852, 0.007089,False
1781290434.8900, 0.004934,False
1781290434.8951, 0.003137,False
1781290434.8994, 0.000117,False
1781290434.9065, 0.009803,False
1781290434.9112, 0.007591,False
1781290434.9158, 0.005373,False
1781290434.9204, 0.003540,False
1781290434.9249, 0.001810,False
1781290434.9297, 0.000656,False
1781290434.9343, 0.008752,False
1781290434.9391, 0.006975,False
1781290434.9440, 0.005022,False
1781290434.9487, 0.002913,False
1781290434.9538, 0.001089,False
1781290434.9588, 0.009678,False
1781290434.9634, 0.008152,False
1781290434.9682, 0.006884,False
1781290434.9729, 0.005126,False
1781290434.9777, 0.003395,False
1781290434.9825, 0.001534,False
1781290434.9872, 0.010004,False
1781290434.9919, 0.008380,False
1781290434.9968, 0.006658,False
1781290435.0017, 0.005037,False
1781290435.0066, 0.002767,False
1781290435.0114, 0.000768,False
1781290435.0161, 0.008538,False
1781290435.0219, 0.006784,False
1781290435.0266, 0.004983,False
1781290435.0311, 0.002842,False
1781290435.0358, 0.000841,False
1781290435.0405, 0.009334,False
1781290435.0449, 0.007669,False
1781290435.0522, 0.006245,False
1781290435.0569, 0.004410,False
1781290435.0615, 0.002365,False
1781290435.0662, 0.001307,False
1781290435.0713, 0.009267,False
1781290435.0759, 0.007651,False
1781290435.0804, 0.006741,False
1781290435.0850, 0.004944,False
1781290435.0921, 0.003149,False
1781290435.0970, 0.001014,False
1781290435.1026, 0.009497,False
1781290435.1087, 0.007714,False
1781290435.1134, 0.005813,False
1781290435.1194, 0.004205,False
1781290435.1240, 0.000136,False
1781290435.1307, 0.001384,False
1781290435.1376, 0.009737,False
1781290435.1425, 0.008116,False
1781290435.1481, 0.007244,False
1781290435.1533, 0.005679,False
1781290435.1579, 0.004179,False
1781290435.1625, 0.002479,False
1781290435.1673, 0.000656,False
1781290435.1726, 0.008804,False
1781290435.1772, 0.006719,False
1781290435.1817, 0.005052,False
1781290435.1865, 0.003412,False
1781290435.1916, 0.002516,False
1781290435.1967, 0.000816,False
1781290435.2020, 0.009023,False
1781290435.2069, 0.006873,False
1781290435.2117, 0.005034,False
1781290435.2168, 0.003487,False
1781290435.2215, 0.001637,False
1781290435.2261, 0.009995,False
1781290435.2307, 0.008005,False
1781290435.2359, 0.006915,False
1781290435.2407, 0.005102,False
1781290435.2457, 0.003538,False
1781290435.2507, 0.002393,False
1781290435.2555, 0.000487,False
1781290435.2600, 0.008664,False
1781290435.2646, 0.006269,False
1781290435.2697, 0.004623,False
1781290435.2743, 0.002625,False
1781290435.2788, 0.000938,False
1781290435.2839, 0.009570,False
1781290435.2891, 0.007578,False
1781290435.2951, 0.005478,False
1781290435.3016, 0.003746,False
1781290435.3068, 0.002182,False
1781290435.3119, 0.000333,False
1781290435.3171, 0.008580,False
1781290435.3220, 0.006373,False
1781290435.3268, 0.005038,False
1781290435.3317, 0.003217,False
1781290435.3374, 0.001121,False
1781290435.3420, 0.009453,False
1781290435.3468, 0.007686,False
1781290435.3523, 0.000128,False
1781290435.3594, 0.004129,False
1781290435.3640, 0.002481,False
1781290435.3698, 0.000499,False
1781290435.3748, 0.008671,False
1781290435.3796, 0.006962,False
1781290435.3859, 0.004924,False
1781290435.3929, 0.002456,False
1781290435.3979, 0.000499,False
1781290435.4033, 0.008370,False
1781290435.4083, 0.006262,False
1781290435.4129, 0.004012,False
1781290435.4205, 0.002440,False
1781290435.4257, 0.000791,False
1781290435.4307, 0.009116,False
1781290435.4357, 0.007127,False
1781290435.4406, 0.005579,False
1781290435.4454, 0.003703,False
1781290435.4507, 0.002310,False
1781290435.4555, 0.000691,False
1781290435.4629, 0.008687,False
1781290435.4681, 0.006330,False
1781290435.4730, 0.004868,False
1781290435.4777, 0.003313,False
1781290435.4825, 0.001217,False
1781290435.4876, 0.009461,False
1781290435.4924, 0.008088,False
1781290435.4974, 0.006266,False
1781290435.5027, 0.004675,False
1781290435.5078, 0.003253,False
1781290435.5128, 0.001610,False
1781290435.5181, 0.009873,False
1781290435.5229, 0.008197,False
1781290435.5275, 0.006635,False
1781290435.5321, 0.004973,False
1781290435.5373, 0.003145,False
1781290435.5420, 0.001028,False
1781290435.5465, 0.009458,False
1781290435.5517, 0.007483,False
1781290435.5564, 0.005532,False
1781290435.5609, 0.003817,False
1781290435.5656, 0.002695,False
1781290435.5705, 0.000824,False
1781290435.5753, 0.008833,False
1781290435.5801, 0.006902,False
1781290435.5848, 0.000155,False
1781290435.5934, 0.004004,False
1781290435.5983, 0.002632,False
1781290435.6034, 0.000725,False
1781290435.6083, 0.009264,False
1781290435.6128, 0.007531,False
1781290435.6187, 0.005592,False
1781290435.6234, 0.003616,False
1781290435.6282, 0.002529,False
1781290435.6337, 0.000626,False
1781290435.6383, 0.009065,False
1781290435.6430, 0.007467,False
1781290435.6478, 0.005522,False
1781290435.6540, 0.003533,False
1781290435.6589, 0.002490,False
1781290435.6634, 0.000581,False
1781290435.6690, 0.008355,False
1781290435.6737, 0.006721,False
1781290435.6782, 0.004670,False
1781290435.6831, 0.002388,False
1781290435.6882, 0.000714,False
1781290435.6928, 0.009052,False
1781290435.6999, 0.008059,False
1781290435.7061, 0.006441,False
1781290435.7108, 0.004993,False
1781290435.7154, 0.003401,False
1781290435.7203, 0.001511,False
1781290435.7248, 0.009741,False
1781290435.7294, 0.008121,False
1781290435.7337, 0.007008,False
1781290435.7405, 0.005028,False
1781290435.7450, 0.003514,False
1781290435.7496, 0.008976,False
1781290435.7545, 0.007071,False
1781290435.7592, 0.004936,False
1781290435.7639, 0.003476,False
1781290435.7685, 0.001610,False
1781290435.7730, 0.000214,False
1781290435.7798, 0.008812,False
1781290435.7846, 0.006796,False
1781290435.7895, 0.004812,False
1781290435.7945, 0.003167,False
1781290435.7994, 0.000921,False
1781290435.8042, 0.009071,False
1781290435.8090, 0.007856,False
1781290435.8136, 0.000134,False
1781290435.8205, 0.004879,False
1781290435.8253, 0.003314,False
1781290435.8303, 0.001599,False
1781290435.8352, 0.009374,False
1781290435.8399, 0.007446,False
1781290435.8447, 0.005589,False
1781290435.8496, 0.003872,False
1781290435.8545, 0.002523,False
1781290435.8593, 0.000772,False
1781290435.8645, 0.008907,False
1781290435.8694, 0.006790,False
1781290435.8742, 0.004689,False
1781290435.8793, 0.002887,False
1781290435.8842, 0.001082,False
1781290435.8891, 0.009190,False
1781290435.8940, 0.007507,False
1781290435.8985, 0.005717,False
1781290435.9032, 0.003742,False
1781290435.9082, 0.002407,False
1781290435.9129, 0.000620,False
1781290435.9175, 0.009637,False
1781290435.9222, 0.008030,False
1781290435.9269, 0.006830,False
1781290435.9315, 0.004809,False
1781290435.9360, 0.003520,False
1781290435.9409, 0.001519,False
1781290435.9456, 0.009375,False
1781290435.9502, 0.007676,False
1781290435.9551, 0.005524,False
1781290435.9598, 0.004205,False
1781290435.9652, 0.002443,False
1781290435.9698, 0.000610,False
1781290435.9750, 0.009221,False
1781290435.9801, 0.007653,False
1781290435.9852, 0.003301,False
1781290435.9903, 0.001577,False
1781290435.9970, 0.009572,False
1781290436.0024, 0.007935,False
1781290436.0078, 0.006766,False
1781290436.0140, 0.004965,False
1781290436.0198, 0.003119,False
1781290436.0260, 0.001400,False
1781290436.0308, 0.009696,False
1781290436.0358, 0.008075,False
1781290436.0403, 0.000130,False
1781290436.0471, 0.004860,False
1781290436.0518, 0.003278,False
1781290436.0566, 0.002282,False
1781290436.0611, 0.000743,False
1781290436.0658, 0.008530,False
1781290436.0708, 0.006647,False
1781290436.0755, 0.004938,False
1781290436.0802, 0.002899,False
1781290436.0854, 0.001034,False
1781290436.0902, 0.000358,False
1781290436.0974, 0.007317,False
1781290436.1023, 0.006158,False
1781290436.1071, 0.004311,False
1781290436.1126, 0.002235,False
1781290436.1180, 0.000643,False
1781290436.1228, 0.008665,False
1781290436.1276, 0.006644,False
1781290436.1333, 0.004451,False
1781290436.1383, 0.002246,False
1781290436.1430, 0.000403,False
1781290436.1490, 0.008523,False
1781290436.1544, 0.002346,False
1781290436.1592, 0.000743,False
1781290436.1640, 0.009021,False
1781290436.1692, 0.007345,False
1781290436.1739, 0.006371,False
1781290436.1786, 0.004938,False
1781290436.1838, 0.003080,False
1781290436.1889, 0.000894,False
1781290436.1935, 0.009340,False
1781290436.1982, 0.008127,False
1781290436.2033, 0.006846,False
1781290436.2084, 0.005000,False
1781290436.2129, 0.003612,False
1781290436.2179, 0.001431,False
1781290436.2225, 0.009700,False
1781290436.2270, 0.008098,False
1781290436.2316, 0.006515,False
1781290436.2365, 0.004762,False
1781290436.2412, 0.003133,False
1781290436.2458, 0.000747,False
1781290436.2509, 0.009430,False
1781290436.2558, 0.008135,False
1781290436.2603, 0.006426,False
1781290436.2646, 0.000135,False
1781290436.2719, 0.003715,False
1781290436.2769, 0.008916,False
1781290436.2814, 0.007302,False
1781290436.2864, 0.005824,False
1781290436.2909, 0.004345,False
1781290436.2954, 0.002409,False
1781290436.3005, 0.000636,False
1781290436.3051, 0.009200,False
1781290436.3098, 0.008289,False
1781290436.3144, 0.006574,False
1781290436.3205, 0.004823,False
1781290436.3253, 0.002846,False
1781290436.3301, 0.000752,False
1781290436.3350, 0.009303,False
1781290436.3395, 0.007682,False
1781290436.3440, 0.006426,False
1781290436.3484, 0.004890,False
1781290436.3534, 0.003390,False
1781290436.3582, 0.002466,False
1781290436.3629, 0.001117,False
1781290436.3688, 0.009548,False
1781290436.3739, 0.007660,False
1781290436.3785, 0.006527,False
1781290436.3835, 0.004366,False
1781290436.3885, 0.002659,False
1781290436.3930, 0.000817,False
1781290436.3975, 0.009041,False
1781290436.4024, 0.007242,False
1781290436.4074, 0.005535,False
1781290436.4121, 0.003953,False
1781290436.4177, 0.002508,False
1781290436.4228, 0.000568,False
1781290436.4275, 0.008806,False
1781290436.4323, 0.007237,False
1781290436.4382, 0.005595,False
1781290436.4430, 0.004056,False
1781290436.4475, 0.002383,False
1781290436.4529, 0.000673,False
1781290436.4579, 0.008683,False
1781290436.4626, 0.006161,False
1781290436.4683, 0.004366,False
1781290436.4732, 0.002238,False
1781290436.4779, 0.000759,False
1781290436.4825, 0.008793,False
1781290436.4875, 0.000139,False
1781290436.4944, 0.005444,False
1781290436.4992, 0.004124,False
1781290436.5048, 0.002264,False
1781290436.5095, 0.000555,False
1781290436.5142, 0.008865,False
1781290436.5197, 0.007140,False
1781290436.5246, 0.005289,False
1781290436.5293, 0.003731,False
1781290436.5350, 0.003214,False
1781290436.5399, 0.001203,False
1781290436.5446, 0.009557,False
1781290436.5497, 0.007859,False
1781290436.5551, 0.006251,False
1781290436.5598, 0.004837,False
1781290436.5646, 0.003151,False
1781290436.5701, 0.002105,False
1781290436.5749, 0.000308,False
1781290436.5795, 0.008100,False
1781290436.5854, 0.006624,False
1781290436.5902, 0.004427,False
1781290436.5948, 0.002309,False
1781290436.6004, 0.000411,False
1781290436.6055, 0.008391,False
1781290436.6104, 0.006465,False
1781290436.6155, 0.004481,False
1781290436.6223, 0.003068,False
1781290436.6271, 0.001254,False
1781290436.6319, 0.009486,False
1781290436.6372, 0.004136,False
1781290436.6422, 0.002004,False
1781290436.6472, 0.009831,False
1781290436.6530, 0.008344,False
1781290436.6580, 0.006520,False
1781290436.6630, 0.004504,False
1781290436.6688, 0.002804,False
1781290436.6738, 0.001003,False
1781290436.6787, 0.009400,False
1781290436.6845, 0.007869,False
1781290436.6898, 0.006594,False
1781290436.6949, 0.004632,False
1781290436.7017, 0.003047,False
1781290436.7082, 0.001167,False
1781290436.7131, 0.009641,False
1781290436.7183, 0.007716,False
1781290436.7228, 0.000182,False
1781290436.7295, 0.004703,False
1781290436.7342, 0.002849,False
1781290436.7394, 0.001116,False
1781290436.7441, 0.009799,False
1781290436.7489, 0.007838,False
1781290436.7539, 0.006244,False
1781290436.7585, 0.004555,False
1781290436.7632, 0.002951,False
1781290436.7679, 0.000692,False
1781290436.7727, 0.009101,False
1781290436.7772, 0.007702,False
1781290436.7817, 0.006158,False
1781290436.7864, 0.004526,False
1781290436.7910, 0.002195,False
1781290436.7957, 0.000904,False
1781290436.8004, 0.009239,False
1781290436.8052, 0.007399,False
1781290436.8098, 0.005082,False
1781290436.8149, 0.003299,False
1781290436.8198, 0.001878,False
1781290436.8246, 0.000538,False
1781290436.8297, 0.008653,False
1781290436.8347, 0.006693,False
1781290436.8393, 0.004480,False
1781290436.8437, 0.002190,False
1781290436.8482, 0.000899,False
1781290436.8526, 0.009180,False
1781290436.8574, 0.007719,False
1781290436.8621, 0.006724,False
1781290436.8669, 0.004967,False
1781290436.8716, 0.003432,False
1781290436.8761, 0.002262,False
1781290436.8807, 0.000517,False
1781290436.8852, 0.009093,False
1781290436.8902, 0.006896,False
1781290436.8951, 0.005152,False
1781290436.8999, 0.003629,False
1781290436.9045, 0.002231,False
1781290436.9092, 0.000405,False
1781290436.9141, 0.008320,False
1781290436.9189, 0.005876,False
1781290436.9239, 0.004593,False
1781290436.9284, 0.002232,False
1781290436.9329, 0.000955,False
1781290436.9374, 0.000142,False
1781290436.9447, 0.008066,False
1781290436.9493, 0.006471,False
1781290436.9544, 0.004461,False
1781290436.9593, 0.002445,False
1781290436.9649, 0.001046,False
1781290436.9722, 0.008979,False
1781290436.9772, 0.007322,False
1781290436.9832, 0.006174,False
1781290436.9888, 0.004475,False
1781290436.9937, 0.002210,False
1781290436.9986, 0.000629,False
1781290437.0035, 0.008676,False
1781290437.0085, 0.007144,False
1781290437.0137, 0.005351,False
1781290437.0185, 0.003776,False
1781290437.0233, 0.002319,False
1781290437.0280, 0.000540,False
1781290437.0326, 0.008992,False
1781290437.0375, 0.007257,False
1781290437.0428, 0.005950,False
1781290437.0474, 0.004179,False
1781290437.0521, 0.002298,False
1781290437.0566, 0.000446,False
1781290437.0611, 0.008736,False
1781290437.0659, 0.007024,False
1781290437.0716, 0.005599,False
1781290437.0765, 0.004364,False
1781290437.0813, 0.002124,False
1781290437.0861, 0.010275,False
1781290437.0911, 0.008228,False
1781290437.0959, 0.006178,False
1781290437.1006, 0.001171,False
1781290437.1055, 0.009502,False
1781290437.1103, 0.007614,False
1781290437.1152, 0.006371,False
1781290437.1202, 0.004640,False
1781290437.1254, 0.002898,False
1781290437.1301, 0.001994,False
1781290437.1354, 0.000209,False
1781290437.1403, 0.008697,False
1781290437.1451, 0.006991,False
1781290437.1504, 0.004830,False
1781290437.1557, 0.003056,False
1781290437.1605, 0.001282,False
1781290437.1649, 0.000140,False
1781290437.1724, 0.007099,False
1781290437.1773, 0.005037,False
1781290437.1828, 0.003319,False
1781290437.1895, 0.002301,False
1781290437.1942, 0.000427,False
1781290437.1991, 0.008963,False
1781290437.2039, 0.007005,False
1781290437.2087, 0.005391,False
1781290437.2133, 0.003717,False
1781290437.2188, 0.002051,False
1781290437.2237, 0.000461,False
1781290437.2283, 0.008706,False
1781290437.2334, 0.007114,False
1781290437.2383, 0.005350,False
1781290437.2433, 0.004040,False
1781290437.2483, 0.001970,False
1781290437.2533, 0.000519,False
1781290437.2579, 0.008629,False
1781290437.2624, 0.006989,False
1781290437.2673, 0.005109,False
1781290437.2719, 0.003213,False
1781290437.2766, 0.007511,False
1781290437.2811, 0.006294,False
1781290437.2863, 0.004388,False
1781290437.2912, 0.002988,False
1781290437.2959, 0.001197,False
1781290437.3010, 0.009059,False
1781290437.3058, 0.006920,False
1781290437.3104, 0.005176,False
1781290437.3150, 0.003639,False
1781290437.3200, 0.002031,False
1781290437.3247, 0.000225,False
1781290437.3293, 0.008152,False
1781290437.3341, 0.006172,False
1781290437.3392, 0.004319,False
1781290437.3440, 0.002584,False
1781290437.3487, 0.006700,False
1781290437.3536, 0.004912,False
1781290437.3582, 0.002793,False
1781290437.3626, 0.000855,False
1781290437.3678, 0.009435,False
1781290437.3731, 0.007381,False
1781290437.3777, 0.006123,False
1781290437.3823, 0.004424,False
1781290437.3870, 0.000126,False
1781290437.3937, 0.000817,False
1781290437.3985, 0.009255,False
1781290437.4032, 0.007663,False
1781290437.4078, 0.006348,False
1781290437.4128, 0.004829,False
1781290437.4179, 0.003198,False
1781290437.4225, 0.001972,False
1781290437.4270, 0.000249,False
1781290437.4314, 0.008854,False
1781290437.4366, 0.006989,False
1781290437.4412, 0.005301,False
1781290437.4457, 0.003267,False
1781290437.4506, 0.001980,False
1781290437.4554, 0.000381,False
1781290437.4599, 0.008971,False
1781290437.4645, 0.007198,False
1781290437.4698, 0.004983,False
1781290437.4745, 0.003398,False
1781290437.4791, 0.001956,False
1781290437.4848, 0.010086,False
1781290437.4895, 0.008563,False
1781290437.4940, 0.006994,False
1781290437.4988, 0.005227,False
1781290437.5037, 0.003546,False
1781290437.5084, 0.001856,False
1781290437.5131, 0.000239,False
1781290437.5181, 0.008533,False
1781290437.5231, 0.006992,False
1781290437.5278, 0.005344,False
1781290437.5328, 0.003569,False
1781290437.5377, 0.001999,False
1781290437.5424, 0.000238,False
1781290437.5469, 0.008411,False
1781290437.5522, 0.007171,False
1781290437.5570, 0.005039,False
1781290437.5618, 0.003689,False
1781290437.5673, 0.002076,False
1781290437.5724, 0.009984,False
1781290437.5771, 0.008119,False
1781290437.5819, 0.001948,False
1781290437.5868, 0.010151,False
1781290437.5914, 0.008721,False
1781290437.5959, 0.006782,False
1781290437.6007, 0.005266,False
1781290437.6050, 0.000137,False
1781290437.6132, 0.008624,False
1781290437.6195, 0.006968,False
1781290437.6242, 0.006159,False
1781290437.6289, 0.004526,False
1781290437.6340, 0.002939,False
1781290437.6387, 0.000961,False
1781290437.6433, 0.009228,False
1781290437.6480, 0.007775,False
1781290437.6544, 0.006073,False
1781290437.6614, 0.004595,False
1781290437.6672, 0.003083,False
1781290437.6747, 0.002058,False
1781290437.6824, 0.000222,False
1781290437.6882, 0.008965,False
1781290437.6933, 0.007783,False
1781290437.6984, 0.006167,False
1781290437.7056, 0.004353,False
1781290437.7111, 0.002857,False
1781290437.7165, 0.001166,False
1781290437.7217, 0.009061,False
1781290437.7267, 0.007149,False
1781290437.7317, 0.004954,False
1781290437.7375, 0.003341,False
1781290437.7424, 0.000958,False
1781290437.7474, 0.009066,False
1781290437.7523, 0.006686,False
1781290437.7575, 0.004861,False
1781290437.7625, 0.002761,False
1781290437.7676, 0.001044,False
1781290437.7726, 0.009548,False
1781290437.7776, 0.007979,False
1781290437.7833, 0.005940,False
1781290437.7885, 0.004166,False
1781290437.7934, 0.002751,False
1781290437.7989, 0.001848,False
1781290437.8041, 0.000295,False
1781290437.8093, 0.008540,False
1781290437.8143, 0.006631,False
1781290437.8192, 0.004666,False
1781290437.8247, 0.002891,False
1781290437.8310, 0.000728,False
1781290437.8357, 0.009145,False
1781290437.8405, 0.004351,False
1781290437.8457, 0.002596,False
1781290437.8503, 0.000173,False
1781290437.8574, 0.009458,False
1781290437.8625, 0.008137,False
1781290437.8682, 0.005700,False
1781290437.8733, 0.004151,False
1781290437.8787, 0.002666,False
1781290437.8839, 0.000780,False
1781290437.8893, 0.009215,False
1781290437.8949, 0.007273,False
1781290437.8998, 0.006077,False
1781290437.9045, 0.004149,False
1781290437.9091, 0.002842,False
1781290437.9137, 0.000921,False
1781290437.9183, 0.009590,False
1781290437.9230, 0.007867,False
1781290437.9277, 0.005898,False
1781290437.9323, 0.004365,False
1781290437.9368, 0.002855,False
1781290437.9415, 0.000921,False
1781290437.9461, 0.009431,False
1781290437.9508, 0.007682,False
1781290437.9557, 0.005944,False
1781290437.9603, 0.004424,False
1781290437.9649, 0.002583,False
1781290437.9695, 0.000978,False
1781290437.9742, 0.009404,False
1781290437.9788, 0.007572,False
1781290437.9836, 0.006056,False
1781290437.9884, 0.004459,False
1781290437.9929, 0.001889,False
1781290437.9975, 0.009943,False
1781290438.0020, 0.008435,False
1781290438.0069, 0.007000,False
1781290438.0117, 0.005116,False
1781290438.0164, 0.003859,False
1781290438.0211, 0.001916,False
1781290438.0258, 0.010059,False
1781290438.0306, 0.008160,False
1781290438.0355, 0.005870,False
1781290438.0402, 0.004188,False
1781290438.0448, 0.001887,False
1781290438.0494, 0.006680,False
1781290438.0542, 0.005042,False
1781290438.0588, 0.003219,False
1781290438.0636, 0.001988,False
1781290438.0680, 0.000157,False
1781290438.0749, 0.008563,False
1781290438.0797, 0.007239,False
1781290438.0844, 0.006330,False
1781290438.0890, 0.004240,False
1781290438.0935, 0.002602,False
1781290438.0981, 0.000815,False
1781290438.1040, 0.009192,False
1781290438.1089, 0.006790,False
1781290438.1136, 0.004613,False
1781290438.1185, 0.002935,False
1781290438.1237, 0.000746,False
1781290438.1299, 0.009249,False
1781290438.1347, 0.007694,False
1781290438.1394, 0.005898,False
1781290438.1447, 0.004312,False
1781290438.1504, 0.002468,False
1781290438.1554, 0.000225,False
1781290438.1602, 0.008631,False
1781290438.1652, 0.007250,False
1781290438.1701, 0.005930,False
1781290438.1749, 0.004185,False
1781290438.1798, 0.002806,False
1781290438.1852, 0.001559,False
1781290438.1901, 0.010001,False
1781290438.1948, 0.008275,False
1781290438.1997, 0.006828,False
1781290438.2046, 0.005147,False
1781290438.2092, 0.003081,False
1781290438.2139, 0.001753,False
1781290438.2187, 0.009927,False
1781290438.2234, 0.007674,False
1781290438.2282, 0.005988,False
1781290438.2333, 0.004469,False
1781290438.2379, 0.002841,False
1781290438.2424, 0.001804,False
1781290438.2470, 0.010021,False
1781290438.2522, 0.008501,False
1781290438.2569, 0.006587,False
1781290438.2614, 0.004989,False
1781290438.2662, 0.002895,False
1781290438.2712, 0.000883,False
1781290438.2762, 0.009345,False
1781290438.2811, 0.007789,False
1781290438.2862, 0.006017,False
1781290438.2907, 0.000145,False
1781290438.2976, 0.003049,False
1781290438.3028, 0.000973,False
1781290438.3076, 0.009382,False
1781290438.3124, 0.007310,False
1781290438.3175, 0.006381,False
1781290438.3226, 0.004288,False
1781290438.3277, 0.002669,False
1781290438.3331, 0.000938,False
1781290438.3385, 0.009243,False
1781290438.3432, 0.007558,False
1781290438.3478, 0.005901,False
1781290438.3526, 0.004567,False
1781290438.3572, 0.002574,False
1781290438.3620, 0.000732,False
1781290438.3672, 0.009209,False
1781290438.3718, 0.007765,False
1781290438.3763, 0.005876,False
1781290438.3816, 0.004385,False
1781290438.3872, 0.001762,False
1781290438.3918, 0.000813,False
1781290438.3963, 0.009238,False
1781290438.4013, 0.007247,False
1781290438.4060, 0.001453,False
1781290438.4103, 0.000753,False
1781290438.4181, 0.008324,False
1781290438.4228, 0.006730,False
1781290438.4275, 0.005647,False
1781290438.4325, 0.004235,False
1781290438.4376, 0.003057,False
1781290438.4422, 0.001824,False
1781290438.4469, 0.010081,False
1781290438.4526, 0.007828,False
1781290438.4576, 0.006030,False
1781290438.4625, 0.004510,False
1781290438.4674, 0.002387,False
1781290438.4721, 0.006151,False
1781290438.4770, 0.004400,False
1781290438.4825, 0.002602,False
1781290438.4872, 0.001610,False
1781290438.4927, 0.010096,False
1781290438.4973, 0.008199,False
1781290438.5027, 0.006349,False
1781290438.5076, 0.004951,False
1781290438.5123, 0.003310,False
1781290438.5172, 0.000137,False
1781290438.5241, 0.000626,False
1781290438.5291, 0.009122,False
1781290438.5345, 0.007414,False
1781290438.5393, 0.005835,False
1781290438.5443, 0.004218,False
1781290438.5497, 0.002674,False
1781290438.5547, 0.001151,False
1781290438.5595, 0.009296,False
1781290438.5643, 0.007136,False
1781290438.5693, 0.005925,False
1781290438.5742, 0.004126,False
1781290438.5787, 0.002147,False
1781290438.5841, 0.000235,False
1781290438.5891, 0.008338,False
1781290438.5940, 0.006785,False
1781290438.5990, 0.005029,False
1781290438.6038, 0.003702,False
1781290438.6086, 0.001877,False
1781290438.6135, 0.009904,False
1781290438.6222, 0.007863,False
1781290438.6293, 0.005845,False
1781290438.6349, 0.004177,False
1781290438.6412, 0.002570,False
1781290438.6466, 0.000787,False
1781290438.6525, 0.009033,False
1781290438.6573, 0.007209,False
1781290438.6622, 0.005750,False
1781290438.6676, 0.004357,False
1781290438.6727, 0.002853,False
1781290438.6774, 0.001635,False
1781290438.6824, 0.004745,False
1781290438.6873, 0.003407,False
1781290438.6923, 0.001852,False
1781290438.6971, 0.000973,False
1781290438.7043, 0.008502,False
1781290438.7090, 0.004462,False
1781290438.7138, 0.002933,False
1781290438.7186, 0.001578,False
1781290438.7232, 0.009717,False
1781290438.7282, 0.007915,False
1781290438.7333, 0.006175,False
1781290438.7384, 0.004481,False
1781290438.7435, 0.002834,False
1781290438.7487, 0.001508,False
1781290438.7536, 0.000132,False
1781290438.7606, 0.008232,False
1781290438.7656, 0.006370,False
1781290438.7703, 0.004431,False
1781290438.7750, 0.002675,False
1781290438.7797, 0.000743,False
1781290438.7845, 0.008868,False
1781290438.7890, 0.007227,False
1781290438.7937, 0.005785,False
1781290438.7985, 0.004231,False
1781290438.8033, 0.002605,False
1781290438.8080, 0.000569,False
1781290438.8128, 0.008888,False
1781290438.8176, 0.006952,False
1781290438.8221, 0.005020,False
1781290438.8269, 0.003597,False
1781290438.8319, 0.001648,False
1781290438.8366, 0.000220,False
1781290438.8414, 0.008732,False
1781290438.8462, 0.006696,False
1781290438.8510, 0.004587,False
1781290438.8559, 0.002846,False
1781290438.8609, 0.001708,False
1781290438.8655, 0.010009,False
1781290438.8701, 0.008238,False
1781290438.8746, 0.006323,False
1781290438.8792, 0.004558,False
1781290438.8839, 0.003077,False
1781290438.8888, 0.001831,False
1781290438.8937, 0.009982,False
1781290438.8982, 0.008210,False
1781290438.9033, 0.006604,False
1781290438.9087, 0.005023,False
1781290438.9134, 0.003535,False
1781290438.9181, 0.002154,False
1781290438.9227, 0.000832,False
1781290438.9273, 0.009180,False
1781290438.9318, 0.007489,False
1781290438.9365, 0.005910,False
1781290438.9413, 0.004494,False
1781290438.9458, 0.003086,False
1781290438.9506, 0.001960,False
1781290438.9553, 0.010013,False
1781290438.9598, 0.008232,False
1781290438.9645, 0.006757,False
1781290438.9689, 0.000136,False
1781290438.9757, 0.003150,False
1781290438.9802, 0.001373,False
1781290438.9850, 0.009816,False
1781290438.9900, 0.007939,False
1781290438.9946, 0.006569,False
1781290438.9992, 0.005001,False
1781290439.0041, 0.003024,False
1781290439.0087, 0.001000,False
1781290439.0132, 0.009361,False
1781290439.0182, 0.007616,False
1781290439.0229, 0.005691,False
1781290439.0277, 0.003933,False
1781290439.0325, 0.002374,False
1781290439.0379, 0.000398,False
1781290439.0425, 0.008636,False
1781290439.0471, 0.007247,False
1781290439.0519, 0.005785,False
1781290439.0565, 0.004498,False
1781290439.0610, 0.002946,False
1781290439.0656, 0.001152,False
1781290439.0702, 0.008929,False
1781290439.0747, 0.006598,False
1781290439.0795, 0.004850,False
1781290439.0844, 0.003231,False
1781290439.0893, 0.001311,False
1781290439.0942, 0.009629,False
1781290439.0994, 0.007589,False
1781290439.1041, 0.005832,False
1781290439.1089, 0.003836,False
1781290439.1139, 0.001771,False
1781290439.1187, 0.009659,False
1781290439.1233, 0.007292,False
1781290439.1287, 0.005144,False
1781290439.1345, 0.003508,False
1781290439.1402, 0.001647,False
1781290439.1453, 0.010206,False
1781290439.1505, 0.008566,False
1781290439.1554, 0.007162,False
1781290439.1601, 0.005275,False
1781290439.1652, 0.003634,False
1781290439.1700, 0.002007,False
1781290439.1746, 0.000301,False
1781290439.1793, 0.008394,False
1781290439.1854, 0.006603,False
1781290439.1907, 0.000133,False
1781290439.1976, 0.003084,False
1781290439.2025, 0.001347,False
1781290439.2072, 0.009791,False
1781290439.2120, 0.008080,False
1781290439.2171, 0.006693,False
1781290439.2219, 0.004870,False
1781290439.2267, 0.003322,False
1781290439.2316, 0.001436,False
1781290439.2368, 0.009444,False
1781290439.2415, 0.007605,False
1781290439.2462, 0.005835,False
1781290439.2515, 0.004321,False
1781290439.2561, 0.002471,False
1781290439.2608, 0.000678,False
1781290439.2657, 0.009031,False
1781290439.2704, 0.007630,False
1781290439.2753, 0.006110,False
1781290439.2800, 0.003858,False
1781290439.2852, 0.001689,False
1781290439.2903, 0.010022,False
1781290439.2951, 0.008297,False
1781290439.3004, 0.006743,False
1781290439.3053, 0.004927,False
1781290439.3102, 0.003048,False
1781290439.3153, 0.001159,False
1781290439.3201, 0.009293,False
1781290439.3247, 0.007240,False
1781290439.3293, 0.005543,False
1781290439.3342, 0.003931,False
1781290439.3389, 0.002181,False
1781290439.3437, 0.000593,False
1781290439.3487, 0.008472,False
1781290439.3537, 0.006993,False
1781290439.3582, 0.005275,False
1781290439.3628, 0.003171,False
1781290439.3674, 0.001066,False
1781290439.3720, 0.009361,False
1781290439.3765, 0.007369,False
1781290439.3812, 0.005515,False
1781290439.3864, 0.004297,False
1781290439.3922, 0.002477,False
1781290439.3987, 0.000575,False
1781290439.4050, 0.008386,False
1781290439.4099, 0.006758,False
1781290439.4144, 0.000154,False
1781290439.4218, 0.003079,False
1781290439.4267, 0.001515,False
1781290439.4316, 0.009218,False
1781290439.4364, 0.007217,False
1781290439.4413, 0.004990,False
1781290439.4462, 0.003174,False
1781290439.4512, 0.001501,False
1781290439.4558, 0.000218,False
1781290439.4604, 0.008716,False
1781290439.4654, 0.006842,False
1781290439.4705, 0.004906,False
1781290439.4752, 0.002835,False
1781290439.4799, 0.000698,False
1781290439.4849, 0.009187,False
1781290439.4899, 0.007591,False
1781290439.4961, 0.005859,False
1781290439.5016, 0.003720,False
1781290439.5063, 0.001959,False
1781290439.5109, 0.010088,False
1781290439.5155, 0.008253,False
1781290439.5201, 0.006998,False
1781290439.5246, 0.005002,False
1781290439.5291, 0.002895,False
1781290439.5338, 0.001078,False
1781290439.5384, 0.009416,False
1781290439.5434, 0.007486,False
1781290439.5483, 0.005871,False
1781290439.5534, 0.003988,False
1781290439.5580, 0.001973,False
1781290439.5628, 0.000542,False
1781290439.5678, 0.008463,False
1781290439.5725, 0.006900,False
1781290439.5772, 0.004692,False
1781290439.5822, 0.002989,False
1781290439.5872, 0.001085,False
1781290439.5922, 0.009619,False
1781290439.5968, 0.007832,False
1781290439.6018, 0.006017,False
1781290439.6064, 0.004112,False
1781290439.6111, 0.002660,False
1781290439.6164, 0.000769,False
1781290439.6228, 0.008778,False
1781290439.6278, 0.006977,False
1781290439.6330, 0.004556,False
1781290439.6376, 0.000124,False
1781290439.6446, 0.001117,False
1781290439.6495, 0.008780,False
1781290439.6556, 0.007026,False
1781290439.6603, 0.004797,False
1781290439.6649, 0.002925,False
1781290439.6697, 0.001456,False
1781290439.6746, 0.009355,False
1781290439.6794, 0.007898,False
1781290439.6844, 0.006332,False
1781290439.6895, 0.004106,False
1781290439.6945, 0.002069,False
1781290439.6993, 0.000689,False
1781290439.7040, 0.009115,False
1781290439.7086, 0.007008,False
1781290439.7133, 0.005294,False
1781290439.7183, 0.003062,False
1781290439.7230, 0.001629,False
1781290439.7278, 0.009839,False
1781290439.7326, 0.008230,False
1781290439.7373, 0.006438,False
1781290439.7420, 0.004989,False
1781290439.7470, 0.003368,False
1781290439.7519, 0.001563,False
1781290439.7567, 0.009956,False
1781290439.7614, 0.008119,False
1781290439.7661, 0.006404,False
1781290439.7711, 0.005013,False
1781290439.7759, 0.003473,False
1781290439.7805, 0.001698,False
1781290439.7852, 0.009992,False
1781290439.7897, 0.008368,False
1781290439.7945, 0.006213,False
1781290439.7992, 0.005254,False
1781290439.8040, 0.003394,False
1781290439.8084, 0.001689,False
1781290439.8130, 0.009713,False
1781290439.8176, 0.007733,False
1781290439.8223, 0.005788,False
1781290439.8273, 0.004089,False
1781290439.8320, 0.002015,False
1781290439.8365, 0.009935,False
1781290440.0238, 0.008393,False
1781290440.0289, 0.006323,False
1781290440.0341, 0.004644,False
1781290440.0386, 0.000128,False
1781290440.0456, 0.000309,False
1781290440.0504, 0.007978,False
1781290440.0551, 0.006470,False
1781290440.0598, 0.004755,False
1781290440.2721, 0.002510,False
1781290440.2768, 0.000396,False
1781290440.2818, 0.008504,False
1781290440.2868, 0.006604,False
1781290440.2914, 0.004141,False
1781290440.2961, 0.002335,False
1781290440.3012, 0.000828,False
1781290440.3061, 0.009288,False
1781290440.5238, 0.007426,False
1781290440.5288, 0.005647,False
1781290440.5339, 0.003676,False
1781290440.5387, 0.001891,False
1781290440.5434, 0.009947,False
1781290440.5484, 0.007842,False
1781290440.6381, 0.006020,False
1781290440.6450, 0.004375,False
1781290440.7833, 0.002410,False
1781290440.7901, 0.000334,False
1781290440.7956, 0.008664,False
1781290440.8013, 0.006696,False
1781290440.8062, 0.005108,False
1781290440.8117, 0.003424,False
1781290440.8171, 0.001427,False
1781290440.8217, 0.009557,False
1781290441.0411, 0.007552,False
1781290441.0463, 0.005989,False
1781290441.0513, 0.004088,False
1781290441.0562, 0.002178,False
1781290441.0609, 0.000586,False
1781290441.0659, 0.008866,False
1781290441.0706, 0.007442,False
1781290441.0750, 0.006341,False
1781290441.2887, 0.004726,False
1781290441.2937, 0.002705,False
1781290441.2992, 0.000862,False
1781290441.3043, 0.009189,False
1781290441.3098, 0.007298,False
1781290441.3148, 0.005733,False
1781290441.3198, 0.004122,False
1781290441.3245, 0.002504,False
1781290441.5581, 0.000136,False
1781290441.5662, 0.008883,False
1781290441.5711, 0.007101,False
1781290441.5757, 0.005369,False
1781290441.5802, 0.004079,False
1781290441.5850, 0.002704,False
1781290441.5895, 0.001506,False
1781290441.5941, 0.009494,False
1781290441.8023, 0.007788,False
1781290441.8074, 0.006404,False
1781290441.8123, 0.004766,False
1781290441.8177, 0.003046,False
1781290441.8227, 0.001501,False
1781290441.8276, 0.009848,False
1781290441.8329, 0.008262,False
1781290441.8376, 0.006815,False
1781290442.0684, 0.005289,False
1781290442.0740, 0.003320,False
1781290442.0794, 0.001180,False
1781290442.0843, 0.009218,False
1781290442.0889, 0.007630,False
1781290442.0933, 0.005877,False
1781290442.0979, 0.003918,False
1781290442.1026, 0.001779,False
1781290442.3242, 0.010060,False
1781290442.3300, 0.008255,False
1781290442.4377, 0.006530,False
1781290442.4431, 0.004642,False
1781290442.4479, 0.002821,False
1781290442.4525, 0.000739,False
1781290442.4580, 0.008984,False
1781290442.4628, 0.007214,False
1781290442.5747, 0.005129,False
1781290442.5799, 0.003736,False
1781290442.5852, 0.001958,False
1781290442.5897, 0.009789,False
1781290442.5943, 0.007775,False
1781290442.5994, 0.005588,False
1781290442.6040, 0.003771,False
1781290442.6083, 0.002002,False
1781290442.8302, 0.010134,False
1781290442.8362, 0.008543,False
1781290442.8410, 0.007014,False
1781290442.8455, 0.004640,False
1781290442.8503, 0.002849,False
1781290442.8548, 0.000082,False
1781290442.8615, 0.008943,False
1781290442.8666, 0.007189,False
1781290443.0862, 0.005149,False
1781290443.0913, 0.003287,False
1781290443.0961, 0.002050,False
1781290443.1010, 0.000593,False
1781290443.1056, 0.009220,False
1781290443.1102, 0.007023,False
1781290443.1147, 0.005640,False
1781290443.1192, 0.004018,False
1781290443.2284, 0.001814,False
1781290443.2348, 0.009669,False
1781290443.2396, 0.007393,False
1781290443.2449, 0.005802,False
1781290443.2495, 0.004018,False
1781290443.3352, 0.002247,False
1781290443.3400, 0.010081,False
1781290443.3447, 0.008454,False
1781290443.5878, 0.006466,False
1781290443.5927, 0.004770,False
1781290443.5975, 0.002402,False
1781290443.6022, 0.001047,False
1781290443.6067, 0.009558,False
1781290443.6112, 0.007429,False
1781290443.6165, 0.005271,False
1781290443.6211, 0.003393,False
1781290443.8585, 0.001326,False
1781290443.8635, 0.000425,False
1781290443.8720, 0.007798,False
1781290443.8769, 0.005780,False
1781290443.8822, 0.004021,False
1781290443.8869, 0.002471,False
1781290443.8915, 0.000545,False
1781290443.8964, 0.008451,False
1781290444.0958, 0.006621,False
1781290444.1009, 0.005636,False
1781290444.1065, 0.003738,False
1781290444.1112, 0.001881,False
1781290444.1161, 0.000378,False
1781290444.1209, 0.008787,False
1781290444.1261, 0.007033,False
1781290444.1309, 0.005513,False
1781290444.3496, 0.003623,False
1781290444.3545, 0.001753,False
1781290444.3592, 0.000067,False
1781290444.3665, 0.008279,False
1781290444.3714, 0.006457,False
1781290444.3762, 0.004709,False
1781290444.3832, 0.003113,False
1781290444.3881, 0.001161,False
1781290444.6081, 0.009858,False
1781290444.6130, 0.007839,False
1781290444.6182, 0.005697,False
1781290444.6227, 0.003817,False
1781290444.6272, 0.001686,False
1781290444.6325, 0.010097,False
1781290444.6372, 0.008125,False
1781290444.6417, 0.006793,False
1781290444.8646, 0.004627,False
1781290444.8700, 0.003109,False
1781290444.8748, 0.001004,False
1781290444.8794, 0.009001,False
1781290444.8844, 0.006803,False
1781290444.8893, 0.004870,False
1781290444.8940, 0.003427,False
1781290444.8988, 0.001464,False
1781290445.1129, 0.009881,False
1781290445.1178, 0.008135,False
1781290445.1223, 0.006801,False
1781290445.1271, 0.004216,False
1781290445.1319, 0.002088,False
1781290445.1365, 0.000226,False
1781290445.1413, 0.008500,False
1781290445.1459, 0.006992,False
1781290445.3703, 0.005053,False
1781290445.3759, 0.003201,False
1781290445.3816, 0.001196,False
1781290445.3863, 0.009822,False
1781290445.3908, 0.007564,False
1781290445.3956, 0.006617,False
1781290445.4009, 0.004455,False
1781290445.4057, 0.002926,False
1781290445.6389, 0.002039,False
1781290445.6438, 0.010083,False
1781290445.6492, 0.008453,False
1781290445.6538, 0.006429,False
1781290445.6582, 0.004471,False
1781290445.6628, 0.002886,False
1781290445.6713, 0.001025,False
1781290445.6781, 0.000127,False
1781290445.8846, 0.008006,False
1781290445.8893, 0.006154,False
1781290445.8940, 0.004404,False
1781290445.9001, 0.002383,False
1781290445.9052, 0.000838,False
1781290445.9099, 0.009170,False
1781290445.9150, 0.007751,False
1781290445.9195, 0.005275,False
1781290446.1306, 0.003222,False
1781290446.1364, 0.001331,False
1781290446.1423, 0.009944,False
1781290446.1482, 0.008133,False
1781290446.1528, 0.005914,False
1781290446.1577, 0.004057,False
1781290446.1622, 0.002173,False
1781290446.1667, 0.000387,False
1781290446.3879, 0.008688,False
1781290446.3929, 0.006533,False
1781290446.3979, 0.004878,False
1781290446.4032, 0.003202,False
1781290446.4080, 0.001535,False
1781290446.4132, 0.009794,False
1781290446.4191, 0.007995,False
1781290446.4238, 0.006431,False
1781290446.6495, 0.004435,False
1781290446.6548, 0.002171,False
1781290446.6616, 0.010210,False
1781290446.6669, 0.008738,False
1781290446.6718, 0.006573,False
1781290446.6765, 0.004341,False
1781290446.6815, 0.002421,False
1781290446.6860, 0.000337,False
1781290446.9067, 0.008092,False
1781290446.9115, 0.006344,False
1781290446.9164, 0.004852,False
1781290446.9212, 0.002999,False
1781290446.9258, 0.001335,False
1781290446.9318, 0.009138,False
1781290446.9368, 0.006887,False
1781290446.9413, 0.004961,False
1781290447.1671, 0.003353,False
1781290447.1732, 0.001539,False
1781290447.1778, 0.009842,False
1781290447.1823, 0.008565,False
1781290447.1866, 0.000120,False
1781290447.1932, 0.005099,False
1781290447.1977, 0.003853,False
1781290447.2024, 0.002286,False
1781290447.2071, 0.000383,False
1781290447.4151, 0.008715,False
1781290447.4208, 0.006556,False
1781290447.4263, 0.004796,False
1781290447.4335, 0.002845,False
1781290447.4396, 0.000955,False
1781290447.4451, 0.008936,False
1781290447.4513, 0.007236,False
1781290447.6854, 0.005406,False
1781290447.6903, 0.003656,False
1781290447.6951, 0.002052,False
1781290447.6999, 0.010090,False
1781290447.7045, 0.008445,False
1781290447.7092, 0.006500,False
1781290447.7144, 0.004651,False
1781290447.7193, 0.002928,False
1781290447.7239, 0.001351,False
1781290447.9402, 0.009628,False
1781290447.9457, 0.008145,False
1781290447.9511, 0.005945,False
1781290447.9558, 0.004793,False
1781290447.9603, 0.002740,False
1781290447.9655, 0.000984,False
1781290447.9702, 0.009442,False
1781290447.9748, 0.007888,False
1781290448.1943, 0.005566,False
1781290448.1994, 0.004170,False
1781290448.2060, 0.002259,False
1781290448.2107, 0.009883,False
1781290448.2156, 0.008245,False
1781290448.2204, 0.006377,False
1781290448.2253, 0.004482,False
1781290448.2299, 0.003631,False
1781290448.4525, 0.001135,False
1781290448.4579, 0.009364,False
1781290448.4646, 0.008310,False
1781290448.4696, 0.005745,False
1781290448.4743, 0.003896,False
1781290448.4796, 0.002290,False
1781290448.4852, 0.000360,False
1781290448.4899, 0.008679,False
1781290448.6034, 0.000098,False
1781290448.6105, 0.005121,False
1781290448.6154, 0.003469,False
1781290448.6202, 0.001666,False
1781290448.6252, 0.009852,False
1781290448.6305, 0.008272,False
1781290448.6350, 0.006537,False
1781290448.7224, 0.004579,False
1781290448.9735, 0.002855,False
1781290448.9788, 0.001049,False
1781290448.9855, 0.009904,False
1781290448.9904, 0.008062,False
1781290448.9953, 0.005904,False
1781290449.0004, 0.004320,False
1781290449.0054, 0.002283,False
1781290449.0102, 0.000427,False
1781290449.2289, 0.009178,False
1781290449.2339, 0.007154,False
1781290449.2393, 0.005238,False
1781290449.2440, 0.003692,False
1781290449.2489, 0.001981,False
1781290449.2535, 0.000962,False
1781290449.2603, 0.007646,False
1781290449.2651, 0.005786,False
1781290449.3708, 0.004098,False
1781290449.3768, 0.002361,False
1781290449.3819, 0.000702,False
1781290449.3871, 0.008838,False
1781290449.4799, 0.006815,False
1781290449.4859, 0.005150,False
1781290449.4908, 0.002851,False
1781290449.4958, 0.000936,False
1781290449.7347, 0.009323,False
1781290449.7409, 0.007514,False
1781290449.7458, 0.005988,False
1781290449.7505, 0.003859,False
1781290449.7555, 0.002324,False
1781290449.7602, 0.000504,False
1781290449.7652, 0.008627,False
1781290449.7700, 0.006960,False
1781290449.8842, 0.005085,False
1781290449.8890, 0.003268,False
1781290449.8939, 0.001546,False
1781290449.8992, 0.000334,False
1781290449.9966, 0.007961,False
1781290450.0029, 0.000077,False
1781290450.0115, 0.004811,False
1781290450.0170, 0.002991,False
1781290450.0220, 0.001633,False
1781290450.2630, 0.009689,False
1781290450.2683, 0.008037,False
1781290450.2731, 0.006153,False
1781290450.2779, 0.004553,False
1781290450.2828, 0.002841,False
1781290450.2876, 0.001018,False
1781290450.2923, 0.009177,False
1781290450.2970, 0.007520,False
1781290450.5202, 0.006074,False
1781290450.5254, 0.004475,False
1781290450.5321, 0.002646,False
1781290450.5370, 0.001100,False
1781290450.5420, 0.009022,False
1781290450.5473, 0.007391,False
1781290450.5521, 0.006020,False
1781290450.5566, 0.004652,False
1781290450.7679, 0.002937,False
1781290450.7731, 0.001127,False
1781290450.7791, 0.009130,False
1781290450.7850, 0.007250,False
1781290450.7913, 0.005803,False
1781290450.7966, 0.004308,False
1781290450.8017, 0.002847,False
1781290450.8065, 0.001294,False
1781290451.0275, 0.009193,False
1781290451.0327, 0.007468,False
1781290451.0376, 0.005575,False
1781290451.0423, 0.003978,False
1781290451.0478, 0.001575,False
1781290451.0525, 0.009369,False
1781290451.0571, 0.007504,False
1781290451.0620, 0.005577,False
1781290451.2831, 0.003277,False
1781290451.2884, 0.001816,False
1781290451.2931, 0.010078,False
1781290451.2977, 0.008210,False
1781290451.3024, 0.006388,False
1781290451.3071, 0.004280,False
1781290451.3118, 0.002576,False
1781290451.3168, 0.001214,False
1781290451.5335, 0.009568,False
1781290451.5382, 0.000133,False
1781290451.5465, 0.005665,False
1781290451.5519, 0.004163,False
1781290451.5565, 0.001748,False
1781290451.5615, 0.009820,False
1781290451.5665, 0.008107,False
1781290451.5712, 0.006368,False
1781290451.8013, 0.004993,False
1781290451.8063, 0.003295,False
1781290451.8112, 0.001406,False
1781290451.8160, 0.009781,False
1781290451.8211, 0.007411,False
1781290451.8259, 0.005452,False
1781290451.8310, 0.003411,False
1781290451.8355, 0.001683,False
1781290452.0531, 0.009892,False
1781290452.0582, 0.008157,False
1781290452.0632, 0.006295,False
1781290452.0682, 0.003985,False
1781290452.0729, 0.002140,False
1781290452.0776, 0.009904,False
1781290452.0827, 0.008385,False
1781290452.0875, 0.006656,False
1781290452.3083, 0.004325,False
1781290452.3136, 0.002209,False
1781290452.3200, 0.001067,False
1781290452.3249, 0.009029,False
1781290452.3300, 0.007003,False
1781290452.3346, 0.005422,False
1781290452.3393, 0.003807,False
1781290452.3439, 0.001958,False
1781290452.3485, 0.000210,False
1781290452.5680, 0.008160,False
1781290452.5732, 0.006060,False
1781290452.5801, 0.004517,False
1781290452.5849, 0.002397,False
1781290452.5897, 0.000866,False
1781290452.5947, 0.008849,False
1781290452.5995, 0.006732,False
1781290452.8343, 0.005052,False
1781290452.8403, 0.004903,False
1781290452.8458, 0.001377,False
1781290452.8506, 0.010053,False
1781290452.8553, 0.008493,False
1781290452.8607, 0.006663,False
1781290452.8657, 0.000079,False
1781290452.8726, 0.002880,False
1781290452.8779, 0.001294,False
1781290453.0892, 0.009831,False
1781290453.0958, 0.007881,False
1781290453.1016, 0.006261,False
1781290453.1067, 0.004763,False
1781290453.1121, 0.003419,False
1781290453.1175, 0.001931,False
1781290453.1221, 0.009441,False
1781290453.3384, 0.007789,False
1781290453.3435, 0.005788,False
1781290453.3489, 0.003815,False
1781290453.3540, 0.001804,False
1781290453.3587, 0.000239,False
1781290453.3635, 0.008107,False
1781290453.3681, 0.006804,False
1781290453.3747, 0.004739,False
1781290453.3794, 0.002704,False
1781290453.6004, 0.000657,False
1781290453.6051, 0.009288,False
1781290453.6106, 0.007218,False
1781290453.6165, 0.005221,False
1781290453.6216, 0.003582,False
1781290453.6267, 0.001676,False
1781290453.6317, 0.000237,False
1781290453.6365, 0.008322,False
1781290453.8688, 0.006232,False
1781290453.8736, 0.004367,False
1781290453.8791, 0.002498,False
1781290453.8839, 0.000345,False
1781290453.8885, 0.008213,False
1781290453.8935, 0.006413,False
1781290453.8995, 0.004782,False
1781290453.9042, 0.002945,False
1781290454.1195, 0.001413,False
1781290454.1244, 0.009811,False
1781290454.1299, 0.008223,False
1781290454.1347, 0.005909,False
1781290454.1394, 0.004391,False
1781290454.1444, 0.002573,False
1781290454.1494, 0.000752,False
1781290454.1539, 0.009230,False
1781290454.3790, 0.007325,False
1781290454.3838, 0.005568,False
1781290454.3883, 0.000101,False
1781290454.3950, 0.001526,False
1781290454.3998, 0.009550,False
1781290454.4046, 0.007844,False
1781290454.4090, 0.005606,False
1781290454.4137, 0.003623,False
1781290454.6324, 0.001754,False
1781290454.6375, 0.009979,False
1781290454.6425, 0.008110,False
1781290454.6474, 0.006203,False
1781290454.6524, 0.004235,False
1781290454.6571, 0.002421,False
1781290454.6630, 0.000717,False
1781290454.6678, 0.008763,False
1781290454.8836, 0.006835,False
1781290454.8893, 0.004640,False
1781290454.8952, 0.003403,False
1781290454.9011, 0.001497,False
1781290454.9059, 0.010150,False
1781290454.9118, 0.008633,False
1781290454.9164, 0.007112,False
1781290454.9210, 0.005060,False
1781290455.1431, 0.003415,False
1781290455.1480, 0.001974,False
1781290455.1526, 0.010110,False
1781290455.1573, 0.008167,False
1781290455.1629, 0.006236,False
1781290455.1676, 0.004253,False
1781290455.1721, 0.002249,False
1781290455.1766, 0.000608,False
1781290455.3943, 0.008731,False
1781290455.3994, 0.006793,False
1781290455.4044, 0.005167,False
1781290455.4091, 0.003558,False
1781290455.4136, 0.001964,False
1781290455.4183, 0.000294,False
1781290455.4230, 0.008880,False
1781290455.4276, 0.007222,False
1781290455.6477, 0.005368,False
1781290455.6526, 0.003796,False
1781290455.6574, 0.001853,False
1781290455.6633, 0.009870,False
1781290455.6679, 0.008485,False
1781290455.6726, 0.006492,False
1781290455.6776, 0.004593,False
1781290455.6823, 0.000141,False
1781290455.6892, 0.001988,False
1781290455.9187, 0.009942,False
1781290455.9241, 0.007753,False
1781290455.9291, 0.005974,False
1781290455.9340, 0.004121,False
1781290455.9387, 0.002455,False
1781290455.9436, 0.000495,False
1781290455.9485, 0.008693,False
1781290455.9534, 0.006922,False
1781290456.1704, 0.005413,False
1781290456.1753, 0.004108,False
1781290456.1807, 0.002572,False
1781290456.1855, 0.000811,False
1781290456.1904, 0.009323,False
1781290456.1958, 0.007556,False
1781290456.2007, 0.005828,False
1781290456.2053, 0.003758,False
1781290456.4228, 0.001763,False
1781290456.4289, 0.009963,False
1781290456.4339, 0.008200,False
1781290456.4391, 0.006442,False
1781290456.4440, 0.004650,False
1781290456.4494, 0.002699,False
1781290456.4548, 0.000819,False
1781290456.4597, 0.008895,False
1781290456.6840, 0.007132,False
1781290456.6906, 0.005294,False
1781290456.6965, 0.003638,False
1781290456.7014, 0.002036,False
1781290456.7059, 0.010110,False
1781290456.7108, 0.008145,False
1781290456.7154, 0.005884,False
1781290456.7198, 0.004417,False
1781290456.9470, 0.002708,False
1781290456.9520, 0.001180,False
1781290456.9566, 0.009552,False
1781290456.9616, 0.007797,False
1781290456.9663, 0.006005,False
1781290456.9709, 0.004027,False
1781290456.9759, 0.002494,False
1781290456.9812, 0.001173,False
1781290457.1967, 0.009713,False
1781290457.2022, 0.007899,False
1781290457.2072, 0.005749,False
1781290457.2127, 0.000023,False
1781290457.2202, 0.002098,False
1781290457.2252, 0.010067,False
1781290457.2307, 0.008604,False
1781290457.2356, 0.006907,False
1781290457.4547, 0.004900,False
1781290457.4597, 0.003415,False
1781290457.4643, 0.001938,False
1781290457.4690, 0.000528,False
1781290457.4736, 0.008914,False
1781290457.4784, 0.006750,False
1781290457.4830, 0.005214,False
1781290457.4875, 0.003211,False
1781290457.7083, 0.001677,False
1781290457.7136, 0.009581,False
1781290457.7184, 0.007822,False
1781290457.7234, 0.006449,False
1781290457.7290, 0.004759,False
1781290457.7340, 0.002864,False
1781290457.7388, 0.001052,False
1781290457.7438, 0.009823,False
1781290457.9766, 0.007953,False
1781290457.9818, 0.005839,False
1781290457.9868, 0.004070,False
1781290457.9917, 0.002231,False
1781290457.9972, 0.000402,False
1781290458.0023, 0.008646,False
1781290458.0071, 0.006707,False
1781290458.0135, 0.004923,False
1781290458.0185, 0.002895,False
1781290458.2348, 0.001411,False
1781290458.2396, 0.009410,False
1781290458.2456, 0.007603,False
1781290458.2504, 0.005682,False
1781290458.2549, 0.004196,False
1781290458.2599, 0.002379,False
1781290458.2646, 0.000923,False
1781290458.4756, 0.009198,False
1781290458.4811, 0.007077,False
1781290458.4859, 0.004923,False
1781290458.4906, 0.003362,False
1781290458.4952, 0.001369,False
1781290458.4996, 0.001012,False
1781290458.5064, 0.008027,False
1781290458.5111, 0.006577,False
1781290458.5152, 0.000089,False
1781290458.7350, 0.003050,False
1781290458.7399, 0.000535,False
1781290458.7450, 0.009320,False
1781290458.7497, 0.007438,False
1781290458.7544, 0.005322,False
1781290458.7593, 0.003132,False
1781290458.7654, 0.001189,False
1781290458.9952, 0.009385,False
1781290459.0007, 0.007379,False
1781290459.0055, 0.005511,False
1781290459.0106, 0.003434,False
1781290459.0154, 0.001699,False
1781290459.0199, 0.010015,False
1781290459.0247, 0.007930,False
1781290459.0296, 0.006337,False
1781290459.0341, 0.004532,False
1781290459.2540, 0.002669,False
1781290459.2595, 0.000587,False
1781290459.2648, 0.008916,False
1781290459.2695, 0.007121,False
1781290459.2742, 0.005224,False
1781290459.2796, 0.003587,False
1781290459.2844, 0.002024,False
1781290459.5073, 0.009856,False
1781290459.5141, 0.008150,False
1781290459.5201, 0.006477,False
1781290459.5250, 0.004780,False
1781290459.5297, 0.003283,False
1781290459.5346, 0.001237,False
1781290459.5391, 0.009508,False
1781290459.5436, 0.007992,False
1781290459.5482, 0.005958,False
1781290459.7641, 0.004123,False
1781290459.7691, 0.002468,False
1781290459.7745, 0.000352,False
1781290459.7801, 0.008551,False
1781290459.7848, 0.006456,False
1781290459.7895, 0.004942,False
1781290459.7943, 0.003543,False
1781290459.7989, 0.002068,False
1781290459.9167, 0.009960,False
1781290459.9216, 0.008327,False
1781290460.0315, 0.006900,False
1781290460.0371, 0.005329,False
1781290460.0419, 0.000137,False
1781290460.0490, 0.001544,False
1781290460.0537, 0.009767,False
1781290460.0586, 0.008579,False
1781290460.1688, 0.006971,False
1781290460.2886, 0.005186,False
1781290460.2952, 0.003527,False
1781290460.3000, 0.001660,False
1781290460.3056, 0.009876,False
1781290460.3104, 0.007866,False
1781290460.3155, 0.005846,False
1781290460.3203, 0.004061,False
1781290460.5395, 0.002748,False
1781290460.5444, 0.001122,False
1781290460.5492, 0.009367,False
1781290460.5539, 0.007740,False
1781290460.5585, 0.005723,False
1781290460.5630, 0.003417,False
1781290460.5679, 0.001733,False
1781290460.5726, 0.010137,False
1781290460.7951, 0.008622,False
1781290460.8001, 0.007175,False
1781290460.8053, 0.005415,False
1781290460.8112, 0.004165,False
1781290460.8158, 0.002636,False
1781290460.8206, 0.001288,False
1781290460.8255, 0.009101,False
1781290460.8302, 0.007571,False
1781290461.0648, 0.005597,False
1781290461.0724, 0.003696,False
1781290461.0774, 0.001639,False
1781290461.0822, 0.010239,False
1781290461.0869, 0.008066,False
1781290461.0919, 0.006238,False
1781290461.0969, 0.004499,False
1781290461.1016, 0.002692,False
1781290461.1062, 0.001143,False
1781290461.3291, 0.008942,False
1781290461.3338, 0.007532,False
1781290461.3392, 0.005668,False
1781290461.3442, 0.003935,False
1781290461.3491, 0.002239,False
1781290461.3537, 0.000749,False
1781290461.3586, 0.008952,False
1781290461.3635, 0.006512,False
1781290461.5788, 0.000134,False
1781290461.5864, 0.002623,False
1781290461.5912, 0.000501,False
1781290461.5960, 0.008422,False
1781290461.6007, 0.006761,False
1781290461.6055, 0.004996,False
1781290461.6106, 0.003482,False
1781290461.6151, 0.001848,False
1781290461.8319, 0.009584,False
1781290461.8370, 0.007875,False
1781290461.8420, 0.005890,False
1781290461.8467, 0.004705,False
1781290461.8515, 0.002716,False
1781290461.8567, 0.001078,False
1781290461.8625, 0.009061,False
1781290461.8671, 0.006974,False
1781290462.0970, 0.005230,False
1781290462.1022, 0.003252,False
1781290462.1071, 0.001235,False
1781290462.1133, 0.009507,False
1781290462.1183, 0.007394,False
1781290462.1232, 0.005625,False
1781290462.1285, 0.003815,False
1781290462.1333, 0.001885,False
1781290462.3459, 0.010128,False
1781290462.3516, 0.007962,False
1781290462.3566, 0.006424,False
1781290462.3621, 0.004535,False
1781290462.3672, 0.003198,False
1781290462.3728, 0.001351,False
1781290462.3782, 0.009407,False
1781290462.3836, 0.007873,False
1781290462.5906, 0.006157,False
1781290462.5954, 0.004690,False
1781290462.6001, 0.003068,False
1781290462.6050, 0.001200,False
1781290462.6099, 0.009395,False
1781290462.6145, 0.007390,False
1781290462.6196, 0.005613,False
1781290462.6242, 0.004069,False
1781290462.8595, 0.002648,False
1781290462.8644, 0.000696,False
1781290462.8693, 0.008537,False
1781290462.8744, 0.006752,False
1781290462.8800, 0.004506,False
1781290462.8846, 0.000096,False
1781290462.8924, 0.000787,False
1781290462.8972, 0.009280,False
1781290463.1154, 0.007139,False
1781290463.1232, 0.005467,False
1781290463.1285, 0.003427,False
1781290463.1331, 0.001516,False
1781290463.1379, 0.009624,False
1781290463.1429, 0.007547,False
1781290463.1478, 0.006029,False
1781290463.1525, 0.004316,False
1781290463.3703, 0.002825,False
1781290463.3763, 0.000478,False
1781290463.3816, 0.008796,False
1781290463.3867, 0.006820,False
1781290463.3918, 0.004301,False
1781290463.3968, 0.002581,False
1781290463.4014, 0.000969,False
1781290463.4060, 0.009303,False
1781290463.6274, 0.007601,False
1781290463.6365, 0.005838,False
1781290463.6415, 0.003984,False
1781290463.6463, 0.002543,False
1781290463.6511, 0.000940,False
1781290463.6559, 0.009197,False
1781290463.6613, 0.007186,False
1781290463.6679, 0.005185,False
1781290463.8823, 0.003366,False
1781290463.8872, 0.001522,False
1781290463.8923, 0.009227,False
1781290463.8973, 0.007184,False
1781290463.9019, 0.005556,False
1781290463.9067, 0.003746,False
1781290463.9114, 0.002167,False
1781290463.9158, 0.000517,False
1781290464.1334, 0.008306,False
1781290464.1387, 0.006360,False
1781290464.1437, 0.004876,False
1781290464.1486, 0.003374,False
1781290464.1533, 0.001156,False
1781290464.1588, 0.008830,False
1781290464.1635, 0.008832,False
1781290464.1682, 0.006322,False
1781290464.1730, 0.004532,False
1781290464.3992, 0.002709,False
1781290464.4038, 0.000079,False
1781290464.4111, 0.009090,False
1781290464.4159, 0.007228,False
1781290464.4207, 0.005914,False
1781290464.4258, 0.003747,False
1781290464.4307, 0.001546,False
1781290464.6525, 0.009637,False
1781290464.6584, 0.007911,False
1781290464.6631, 0.006161,False
1781290464.6679, 0.004871,False
1781290464.6725, 0.003204,False
1781290464.6771, 0.001520,False
1781290464.6820, 0.010029,False
1781290464.6868, 0.007868,False
1781290464.6914, 0.006335,False
1781290464.9118, 0.004359,False
1781290464.9176, 0.002787,False
1781290464.9227, 0.000967,False
1781290464.9283, 0.009425,False
1781290464.9332, 0.007725,False
1781290464.9378, 0.005716,False
1781290464.9429, 0.004230,False
1781290464.9474, 0.002725,False
1781290465.1834, 0.000658,False
1781290465.1882, 0.009218,False
1781290465.1933, 0.007367,False
1781290465.1980, 0.005277,False
1781290465.2027, 0.003524,False
1781290465.2076, 0.001449,False
1781290465.2125, 0.009905,False
1781290465.2171, 0.008351,False
1781290465.4309, 0.006353,False
1781290465.4358, 0.004208,False
1781290465.4409, 0.002661,False
1781290465.4459, 0.001119,False
1781290465.4509, 0.009481,False
1781290465.4556, 0.008224,False
1781290465.4608, 0.006872,False
1781290465.4657, 0.004736,False
1781290465.6930, 0.002904,False
1781290465.6988, 0.001212,False
1781290465.7042, 0.009286,False
1781290465.7098, 0.007588,False
1781290465.7143, 0.005844,False
1781290465.7191, 0.004212,False
1781290465.7235, 0.000147,False
1781290465.7302, 0.000412,False
1781290465.9437, 0.008835,False
1781290465.9485, 0.007293,False
1781290465.9535, 0.005652,False
1781290465.9585, 0.003962,False
1781290465.9634, 0.002402,False
1781290465.9682, 0.001376,False
1781290465.9743, 0.000261,False
1781290465.9813, 0.007862,False
1781290466.2076, 0.006341,False
1781290466.2127, 0.004500,False
1781290466.2179, 0.002880,False
1781290466.2229, 0.001451,False
1781290466.2282, 0.009493,False
1781290466.2338, 0.007925,False
1781290466.2387, 0.006745,False
1781290466.2447, 0.005200,False
1781290466.2494, 0.003707,False
1781290466.4618, 0.002257,False
1781290466.4666, 0.000306,False
1781290466.4716, 0.008620,False
1781290466.4788, 0.007127,False
1781290466.4844, 0.005640,False
1781290466.4890, 0.003996,False
1781290466.4940, 0.002352,False
1781290466.7222, 0.010104,False
1781290466.7296, 0.007951,False
1781290466.7345, 0.005964,False
1781290466.7392, 0.004281,False
1781290466.7440, 0.002187,False
1781290466.7485, 0.000561,False
1781290466.7531, 0.008895,False
1781290466.7579, 0.007343,False
1781290466.7626, 0.005675,False
1781290466.9742, 0.003832,False
1781290466.9790, 0.002027,False
1781290466.9842, 0.009835,False
1781290466.9897, 0.008088,False
1781290466.9951, 0.005897,False
1781290467.0003, 0.004093,False
1781290467.0078, 0.002014,False
1781290467.0135, 0.000248,False
1781290467.2444, 0.008231,False
1781290467.2493, 0.006315,False
1781290467.2537, 0.000180,False
1781290467.2610, 0.002419,False
1781290467.2656, 0.000749,False
1781290467.2702, 0.009385,False
1781290467.2752, 0.007406,False
1781290467.2798, 0.005792,False
1781290467.5144, 0.003869,False
1781290467.5195, 0.001651,False
1781290467.5243, 0.009652,False
1781290467.5295, 0.007781,False
1781290467.5345, 0.005749,False
1781290467.5396, 0.003904,False
1781290467.5448, 0.002633,False
1781290467.5496, 0.001058,False
1781290467.7680, 0.009059,False
1781290467.7759, 0.007383,False
1781290467.7811, 0.005327,False
1781290467.7867, 0.002986,False
1781290467.7933, 0.001434,False
1781290467.7991, 0.010045,False
1781290467.8066, 0.007964,False
1781290467.8115, 0.005645,False
1781290467.8163, 0.003678,False
1781290468.0254, 0.002075,False
1781290468.0312, 0.010124,False
1781290468.0362, 0.008217,False
1781290468.0416, 0.006782,False
1781290468.0466, 0.004649,False
1781290468.0514, 0.002991,False
1781290468.0572, 0.000668,False
1781290468.0623, 0.008930,False
1781290468.2973, 0.007426,False
1781290468.3021, 0.005545,False
1781290468.3073, 0.003504,False
1781290468.3119, 0.002021,False
1781290468.3165, 0.009895,False
1781290468.3212, 0.008396,False
1781290468.3263, 0.006134,False
1781290468.3309, 0.004507,False
1781290468.5431, 0.002662,False
1781290468.5481, 0.000663,False
1781290468.5529, 0.008775,False
1781290468.5594, 0.007313,False
1781290468.5650, 0.005801,False
1781290468.5702, 0.003907,False
1781290468.5758, 0.000117,False
1781290468.5832, 0.000705,False
1781290468.8105, 0.009056,False
1781290468.8156, 0.007225,False
1781290468.8207, 0.005330,False
1781290468.8254, 0.004324,False
1781290468.8300, 0.002384,False
1781290468.8351, 0.000474,False
1781290468.8400, 0.008394,False
1781290468.8445, 0.006360,False
1781290469.0537, 0.004618,False
1781290469.0588, 0.003138,False
1781290469.0638, 0.001750,False
1781290469.0687, 0.009623,False
1781290469.0744, 0.008481,False
1781290469.0795, 0.006641,False
1781290469.0842, 0.004444,False
1781290469.0895, 0.002444,False
1781290469.0939, 0.001009,False
1781290469.3321, 0.009086,False
1781290469.3372, 0.007603,False
1781290469.3424, 0.005628,False
1781290469.3472, 0.004404,False
1781290469.3518, 0.002550,False
1781290469.3585, 0.000585,False
1781290469.3641, 0.008338,False
1781290469.3690, 0.005325,False
1781290469.5814, 0.003572,False
1781290469.5862, 0.001636,False
1781290469.5916, 0.000212,False
1781290469.5968, 0.004246,False
1781290469.6015, 0.002670,False
1781290469.6069, 0.000677,False
1781290469.6123, 0.008713,False
1781290469.6171, 0.006929,False
1781290469.8606, 0.005342,False
1781290469.8657, 0.004434,False
1781290469.8704, 0.002350,False
1781290469.8757, 0.000389,False
1781290469.8811, 0.008620,False
1781290469.8858, 0.006392,False
1781290469.8913, 0.004136,False
1781290469.9664, 0.002268,False
1781290470.1118, 0.000568,False
1781290470.1169, 0.008253,False
1781290470.1221, 0.000140,False
1781290470.1291, 0.004285,False
1781290470.1337, 0.002517,False
1781290470.1385, 0.000364,False
1781290470.1433, 0.009199,False
1781290470.1479, 0.007405,False
1781290470.3602, 0.005272,False
1781290470.3651, 0.003072,False
1781290470.3697, 0.001676,False
1781290470.3746, 0.009673,False
1781290470.3794, 0.008661,False
1781290470.3842, 0.007011,False
1781290470.3890, 0.005177,False
1781290470.3939, 0.003452,False
1781290470.6329, 0.002447,False
1781290470.6380, 0.000589,False
1781290470.6435, 0.008613,False
1781290470.6483, 0.006381,False
1781290470.6529, 0.004337,False
1781290470.6579, 0.008006,False
1781290470.6628, 0.006480,False
1781290470.6674, 0.004139,False
1781290470.8902, 0.002585,False
1781290470.8951, 0.000645,False
1781290470.8998, 0.008632,False
1781290470.9044, 0.007023,False
1781290470.9089, 0.005198,False
1781290470.9136, 0.003144,False
1781290470.9183, 0.001029,False
1781290470.9232, 0.009247,False
1781290471.1374, 0.007557,False
1781290471.1427, 0.006359,False
1781290471.1474, 0.004325,False
1781290471.1526, 0.002514,False
1781290471.1579, 0.000790,False
1781290471.1628, 0.008753,False
1781290471.1674, 0.006707,False
1781290471.1722, 0.004886,False
1781290471.1768, 0.003277,False
1781290471.4125, 0.001605,False
1781290471.4174, 0.009298,False
1781290471.4226, 0.009122,False
1781290471.4273, 0.007413,False
1781290471.4320, 0.005657,False
1781290471.4370, 0.004022,False
1781290471.4423, 0.000087,False
1781290471.4490, 0.000501,False
1781290471.6643, 0.008646,False
1781290471.6698, 0.006737,False
1781290471.6759, 0.003986,False
1781290471.6807, 0.002210,False
1781290471.6854, 0.000502,False
1781290471.6904, 0.008641,False
1781290471.6955, 0.007034,False
1781290471.7001, 0.005464,False
1781290471.9200, 0.003958,False
1781290471.9251, 0.002143,False
1781290471.9299, 0.000314,False
1781290471.9345, 0.008490,False
1781290471.9395, 0.006456,False
1781290471.9445, 0.004182,False
1781290471.9493, 0.003173,False
1781290471.9545, 0.001358,False
1781290472.1769, 0.009014,False
1781290472.1818, 0.007086,False
1781290472.1869, 0.005218,False
1781290472.1923, 0.003024,False
1781290472.1970, 0.001369,False
1781290472.2014, 0.000401,False
1781290472.2063, 0.008524,False
1781290472.2107, 0.006417,False
1781290472.4484, 0.004342,False
1781290472.4536, 0.002389,False
1781290472.4588, 0.000912,False
1781290472.4638, 0.009470,False
1781290472.4688, 0.008230,False
1781290472.4747, 0.006171,False
1781290472.4797, 0.003679,False
1781290472.4845, 0.001984,False
1781290472.6885, 0.000547,False
1781290472.6945, 0.008939,False
1781290472.6995, 0.007816,False
1781290472.7069, 0.006211,False
1781290472.7144, 0.003979,False
1781290472.7225, 0.002535,False
1781290472.7295, 0.000898,False
1781290472.7370, 0.009018,False
1781290472.9567, 0.007003,False
1781290472.9630, 0.005401,False
1781290472.9687, 0.004272,False
1781290472.9749, 0.000141,False
1781290472.9820, 0.000875,False
1781290472.9867, 0.009052,False
1781290472.9914, 0.007262,False
1781290472.9960, 0.005684,False
1781290473.0003, 0.004395,False
1781290473.2129, 0.002736,False
1781290473.2180, 0.001234,False
1781290473.2234, 0.000247,False
1781290473.2284, 0.008577,False
1781290473.2331, 0.006587,False
1781290473.2386, 0.004537,False
1781290473.2433, 0.003223,False
1781290473.2477, 0.001321,False
1781290473.4758, 0.009797,False
1781290473.4825, 0.008282,False
1781290473.4877, 0.006646,False
1781290473.4927, 0.004657,False
1781290473.4976, 0.003367,False
1781290473.5024, 0.001347,False
1781290473.5080, 0.009411,False
1781290473.5129, 0.008624,False
1781290473.7324, 0.006476,False
1781290473.7383, 0.004281,False
1781290473.7438, 0.002649,False
1781290473.7484, 0.000772,False
1781290473.7531, 0.009444,False
1781290473.7587, 0.007714,False
1781290473.7635, 0.005889,False
1781290473.7681, 0.004170,False
1781290473.9947, 0.002525,False
1781290474.0018, 0.000709,False
1781290474.0068, 0.008530,False
1781290474.0115, 0.007010,False
1781290474.0165, 0.005202,False
1781290474.0212, 0.003285,False
1781290474.0263, 0.001892,False
1781290474.0310, 0.000217,False
1781290474.2467, 0.008196,False
1781290474.2543, 0.006232,False
1781290474.2601, 0.003945,False
1781290474.2659, 0.002405,False
1781290474.2721, 0.000500,False
1781290474.2790, 0.008273,False
1781290474.2845, 0.006548,False
1781290474.2898, 0.000082,False
1781290474.4967, 0.003001,False
1781290474.5015, 0.001497,False
1781290474.5065, 0.009814,False
1781290474.5115, 0.008223,False
1781290474.5162, 0.007113,False
1781290474.5211, 0.005614,False
1781290474.5259, 0.004205,False
1781290474.5308, 0.002187,False
1781290474.5353, 0.000208,False
1781290474.7630, 0.008071,False
1781290474.7677, 0.006027,False
1781290474.7730, 0.004250,False
1781290474.7778, 0.002353,False
1781290474.7824, 0.000744,False
1781290474.7876, 0.009163,False
1781290474.7930, 0.007395,False
1781290475.0077, 0.005691,False
1781290475.0129, 0.003990,False
1781290475.0182, 0.001891,False
1781290475.0234, 0.009889,False
1781290475.0281, 0.008375,False
1781290475.0329, 0.006399,False
1781290475.0379, 0.004202,False
1781290475.0426, 0.007592,False
1781290475.2567, 0.005917,False
1781290475.2619, 0.003954,False
1781290475.2668, 0.002284,False
1781290475.2718, 0.000619,False
1781290475.2763, 0.008639,False
1781290475.2817, 0.006865,False
1781290475.2872, 0.005055,False
1781290475.2927, 0.003694,False
1781290475.5304, 0.001818,False
1781290475.5352, 0.000592,False
1781290475.5405, 0.008945,False
1781290475.5451, 0.007215,False
1781290475.5500, 0.005319,False
1781290475.5550, 0.003972,False
1781290475.5598, 0.002353,False
1781290475.5645, 0.000637,False
1781290475.7757, 0.008766,False
1781290475.7844, 0.007361,False
1781290475.7907, 0.005324,False
1781290475.7960, 0.004044,False
1781290475.8006, 0.000129,False
1781290475.8080, 0.000699,False
1781290475.8130, 0.009006,False
1781290475.8176, 0.006889,False
1781290476.0335, 0.004951,False
1781290476.0387, 0.003062,False
1781290476.0437, 0.001289,False
1781290476.0509, 0.009558,False
1781290476.0562, 0.007924,False
1781290476.0610, 0.006235,False
1781290476.0664, 0.004015,False
1781290476.0721, 0.002239,False
1781290476.0773, 0.000338,False
1781290476.2873, 0.008614,False
1781290476.2923, 0.006718,False
1781290476.2984, 0.004880,False
1781290476.3038, 0.003021,False
1781290476.3088, 0.001149,False
1781290476.3136, 0.009531,False
1781290476.3187, 0.008181,False
1781290476.3239, 0.006431,False
1781290476.5605, 0.004819,False
1781290476.5656, 0.002839,False
1781290476.5712, 0.001271,False
1781290476.5765, 0.009513,False
1781290476.5811, 0.008075,False
1781290476.5856, 0.006038,False
1781290476.5907, 0.002294,False
1781290476.5953, 0.000483,False
1781290476.8088, 0.008736,False
1781290476.8156, 0.006716,False
1781290476.8210, 0.005117,False
1781290476.8261, 0.004069,False
1781290476.8308, 0.002258,False
1781290476.8357, 0.000175,False
1781290476.8429, 0.008020,False
1781290476.8476, 0.005875,False
1781290477.0759, 0.004022,False
1781290477.0820, 0.002254,False
1781290477.0907, 0.000912,False
1781290477.0956, 0.009253,False
1781290477.1009, 0.008134,False
1781290477.1066, 0.006600,False
1781290477.1112, 0.004996,False
1781290477.1159, 0.004021,False
1781290477.3285, 0.000110,False
1781290477.3371, 0.000234,False
1781290477.3424, 0.007951,False
1781290477.3473, 0.006012,False
1781290477.3522, 0.003801,False
1781290477.3572, 0.001945,False
1781290477.3621, 0.000187,False
1781290477.3667, 0.008516,False
1781290477.5903, 0.006742,False
1781290477.5952, 0.004546,False
1781290477.5999, 0.003171,False
1781290477.6067, 0.009007,False
1781290477.6121, 0.007467,False
1781290477.6168, 0.006165,False
1781290477.6229, 0.004024,False
1781290477.6279, 0.002439,False
1781290477.8477, 0.000373,False
1781290477.8528, 0.007563,False
1781290477.9627, 0.006079,False
1781290477.9681, 0.003775,False
1781290477.9734, 0.002276,False
1781290477.9784, 0.010025,False
1781290477.9850, 0.007864,False
1781290477.9907, 0.006247,False
1781290478.1024, 0.004139,False
1781290478.1086, 0.002131,False
1781290478.1147, 0.000409,False
1781290478.1194, 0.008493,False
1781290478.1243, 0.007571,False
1781290478.1301, 0.005822,False
1781290478.1350, 0.003790,False
1781290478.1398, 0.001937,False
1781290478.3516, 0.010060,False
1781290478.3566, 0.008176,False
1781290478.3617, 0.006428,False
1781290478.3668, 0.004534,False
1781290478.3735, 0.002592,False
1781290478.3782, 0.001229,False
1781290478.3829, 0.008987,False
1781290478.3882, 0.007979,False
1781290478.6215, 0.005862,False
1781290478.6268, 0.004137,False
1781290478.6319, 0.002502,False
1781290478.6367, 0.001085,False
1781290478.6415, 0.009693,False
1781290478.6459, 0.000116,False
1781290478.6536, 0.006207,False
1781290478.6590, 0.004280,False
1781290478.6635, 0.002371,False
1781290478.8790, 0.000666,False
1781290478.8840, 0.008650,False
1781290478.8896, 0.006524,False
1781290478.8943, 0.004662,False
1781290478.8990, 0.003138,False
1781290478.9042, 0.001282,False
1781290478.9095, 0.009235,False
1781290478.9140, 0.008156,False
1781290479.1340, 0.006413,False
1781290479.1407, 0.004588,False
1781290479.1456, 0.003706,False
1781290479.1520, 0.001967,False
1781290479.1570, 0.000251,False
1781290479.1617, 0.005624,False
1781290479.1664, 0.004015,False
1781290479.1711, 0.002200,False
1781290479.3956, 0.000395,False
1781290479.4006, 0.008514,False
1781290479.4058, 0.006423,False
1781290479.4108, 0.005194,False
1781290479.4155, 0.004261,False
1781290479.4204, 0.002180,False
1781290479.4250, 0.000505,False
1781290479.4294, 0.009071,False
1781290479.6600, 0.007637,False
1781290479.6649, 0.006056,False
1781290479.6698, 0.003767,False
1781290479.6749, 0.002195,False
1781290479.6797, 0.000785,False
1781290479.6843, 0.008997,False
1781290479.6894, 0.006945,False
1781290479.6946, 0.005457,False
1781290480.0196, 0.003941,False
1781290480.0251, 0.002093,False
1781290480.0300, 0.000505,False
1781290480.0352, 0.008792,False
1781290480.0399, 0.007047,False
1781290480.0448, 0.005533,False
1781290480.0519, 0.003674,False
1781290480.0567, 0.001813,False
1781290480.1733, 0.010072,False
1781290480.1785, 0.000129,False
1781290480.1857, 0.006143,False
1781290480.1903, 0.003729,False
1781290480.1952, 0.002035,False
1781290480.1998, 0.000418,False
1781290480.2049, 0.008717,False
1781290480.2096, 0.006432,False
1781290480.4229, 0.004758,False
1781290480.4297, 0.002189,False
1781290480.4351, 0.000523,False
1781290480.4413, 0.008615,False
1781290480.4461, 0.006906,False
1781290480.4509, 0.005751,False
1781290480.4558, 0.003979,False
1781290480.4604, 0.002322,False
1781290480.4650, 0.000719,False
1781290480.6879, 0.009185,False
1781290480.6928, 0.006761,False
1781290480.6974, 0.005044,False
1781290480.7031, 0.003804,False
1781290480.7093, 0.008470,False
1781290480.7140, 0.006155,False
1781290480.7199, 0.004649,False
1781290480.7256, 0.002881,False
1781290480.9393, 0.000910,False
1781290480.9441, 0.008981,False
1781290480.9496, 0.008126,False
1781290480.9561, 0.005883,False
1781290480.9611, 0.004141,False
1781290480.9660, 0.002388,False
1781290480.9720, 0.000581,False
1781290481.1984, 0.009100,False
1781290481.2046, 0.007060,False
1781290481.2108, 0.005657,False
1781290481.2162, 0.003566,False
1781290481.2209, 0.002272,False
1781290481.2255, 0.000649,False
1781290481.2302, 0.009069,False
1781290481.2349, 0.008055,False
1781290481.2395, 0.006475,False
1781290481.4591, 0.004032,False
1781290481.4640, 0.002534,False
1781290481.4696, 0.001088,False
1781290481.4747, 0.009277,False
1781290481.4795, 0.007514,False
1781290481.4841, 0.000085,False
1781290481.4915, 0.004010,False
1781290481.4962, 0.002333,False
1781290481.7256, 0.010245,False
1781290481.7307, 0.005323,False
1781290481.7356, 0.003640,False
1781290481.7405, 0.002076,False
1781290481.7451, 0.000441,False
1781290481.7496, 0.008648,False
1781290481.7546, 0.006603,False
1781290481.7593, 0.004905,False
1781290481.9803, 0.002789,False
1781290481.9858, 0.000960,False
1781290481.9907, 0.009155,False
1781290481.9953, 0.007037,False
1781290481.9999, 0.005360,False
1781290482.0060, 0.003910,False
1781290482.0110, 0.002003,False
1781290482.0157, 0.000478,False
1781290482.2225, 0.008685,False
1781290482.2301, 0.007166,False
1781290482.2366, 0.005582,False
1781290482.2413, 0.003989,False
1781290482.2464, 0.001869,False
1781290482.2511, 0.010090,False
1781290482.2562, 0.008313,False
1781290482.2609, 0.006741,False
1781290482.4703, 0.005056,False
1781290482.4751, 0.003844,False
1781290482.4802, 0.002095,False
1781290482.4856, 0.000733,False
1781290482.4904, 0.008834,False
1781290482.4950, 0.007853,False
1781290482.5000, 0.006367,False
1781290482.5062, 0.004794,False
1781290482.7380, 0.002743,False
1781290482.7435, 0.001379,False
1781290482.7491, 0.009626,False
1781290482.7542, 0.008201,False
1781290482.7604, 0.006662,False
1781290482.7650, 0.005127,False
1781290482.7698, 0.003933,False
1781290482.7743, 0.001899,False
1781290482.9879, 0.000236,False
1781290482.9926, 0.007834,False
1781290482.9970, 0.000110,False
1781290483.0047, 0.003568,False
1781290483.0098, 0.001984,False
1781290483.0145, 0.009748,False
1781290483.0201, 0.008750,False
1781290483.0248, 0.007299,False
1781290483.2461, 0.005433,False
1781290483.2518, 0.003604,False
1781290483.2569, 0.002083,False
1781290483.2623, 0.010085,False
1781290483.2672, 0.007992,False
1781290483.2720, 0.006607,False
1781290483.2767, 0.004805,False
1781290483.2813, 0.002674,False
1781290483.2860, 0.000808,False
1781290483.5065, 0.008962,False
1781290483.5128, 0.006825,False
1781290483.5182, 0.004798,False
1781290483.5231, 0.003596,False
1781290483.5277, 0.001931,False
1781290483.5323, 0.000397,False
1781290483.5372, 0.008889,False
1781290483.7588, 0.007753,False
1781290483.7682, 0.006091,False
1781290483.7731, 0.004750,False
1781290483.7777, 0.003020,False
1781290483.7822, 0.001712,False
1781290483.7871, 0.009972,False
1781290483.7917, 0.007998,False
1781290483.7964, 0.006433,False
1781290484.0222, 0.004384,False
1781290484.0273, 0.002790,False
1781290484.0322, 0.001481,False
1781290484.0385, 0.009679,False
1781290484.0433, 0.008187,False
1781290484.0507, 0.006069,False
1781290484.0560, 0.003778,False
1781290484.0607, 0.002136,False
1781290484.0659, 0.000504,False
1781290484.2696, 0.008873,False
1781290484.2747, 0.007063,False
1781290484.2797, 0.005530,False
1781290484.2844, 0.003518,False
1781290484.2893, 0.001990,False
1781290484.2942, 0.000298,False
1781290484.2985, 0.000066,False
1781290484.3055, 0.006360,False
1781290484.5271, 0.004455,False
1781290484.5326, 0.002987,False
1781290484.5376, 0.001456,False
1781290484.5422, 0.010095,False
1781290484.5470, 0.007969,False
1781290484.5525, 0.006452,False
1781290484.5575, 0.004441,False
1781290484.7712, 0.009336,False
1781290484.7764, 0.007749,False
1781290484.7812, 0.006067,False
1781290484.7872, 0.003941,False
1781290484.7920, 0.008740,False
1781290484.7965, 0.006641,False
1781290484.8014, 0.004995,False
1781290484.8060, 0.003656,False
1781290485.0295, 0.002058,False
1781290485.0374, 0.000698,False
1781290485.0423, 0.009056,False
1781290485.0470, 0.006806,False
1781290485.0526, 0.005280,False
1781290485.0577, 0.003850,False
1781290485.0622, 0.002103,False
1781290485.0676, 0.000362,False
1781290485.2872, 0.008032,False
1781290485.2936, 0.006443,False
1781290485.2985, 0.004536,False
1781290485.3034, 0.002631,False
1781290485.3082, 0.000924,False
1781290485.3131, 0.009197,False
1781290485.3179, 0.007599,False
1781290485.3232, 0.006236,False
1781290485.5422, 0.004427,False
1781290485.5478, 0.002450,False
1781290485.5530, 0.001227,False
1781290485.5577, 0.000262,False
1781290485.5648, 0.007549,False
1781290485.5710, 0.006097,False
1781290485.5766, 0.004603,False
1781290485.5820, 0.002776,False
1781290485.5879, 0.001286,False
1781290485.8090, 0.009403,False
1781290485.8138, 0.007814,False
1781290485.8189, 0.005874,False
1781290485.8232, 0.000140,False
1781290485.8300, 0.001977,False
1781290485.8354, 0.010051,False
1781290485.8401, 0.007707,False
1781290485.8445, 0.006083,False
1781290486.0552, 0.004652,False
1781290486.0599, 0.002552,False
1781290486.0646, 0.001251,False
1781290486.0699, 0.008873,False
1781290486.0748, 0.007792,False
1781290486.0794, 0.005967,False
1781290486.0845, 0.004304,False
1781290486.0895, 0.002504,False
1781290486.3187, 0.000556,False
1781290486.3252, 0.008927,False
1781290486.3309, 0.007935,False
1781290486.3359, 0.006301,False
1781290486.3407, 0.004636,False
1781290486.3452, 0.002906,False
1781290486.3498, 0.001304,False
1781290486.3545, 0.009936,False
1781290486.5685, 0.008106,False
1781290486.5737, 0.006114,False
1781290486.5786, 0.004352,False
1781290486.5843, 0.002643,False
1781290486.5890, 0.001093,False
1781290486.5936, 0.009493,False
1781290486.5984, 0.007451,False
1781290486.6039, 0.005984,False
1781290486.8426, 0.004636,False
1781290486.8474, 0.002565,False
1781290486.8523, 0.001117,False
1781290486.8572, 0.008851,False
1781290486.8635, 0.006954,False
1781290486.8690, 0.004802,False
1781290486.8742, 0.003625,False
1781290486.8792, 0.002142,False
1781290487.0872, 0.000295,False
1781290487.0923, 0.004644,False
1781290487.0978, 0.003699,False
1781290487.1029, 0.001817,False
1781290487.1083, 0.010155,False
1781290487.1132, 0.008677,False
1781290487.1184, 0.006627,False
1781290487.1232, 0.005127,False
1781290487.3453, 0.000134,False
1781290487.3530, 0.001844,False
1781290487.3622, 0.000247,False
1781290487.3671, 0.003952,False
1781290487.3719, 0.001622,False
1781290487.3768, 0.009909,False
1781290487.3828, 0.009125,False
1781290487.3873, 0.007599,False
1781290487.6044, 0.005589,False
1781290487.6105, 0.003760,False
1781290487.6156, 0.001808,False
1781290487.6205, 0.000226,False
1781290487.6252, 0.008481,False
1781290487.6297, 0.007086,False
1781290487.6343, 0.005444,False
1781290487.6390, 0.003669,False
1781290487.8732, 0.001864,False
1781290487.8779, 0.009913,False
1781290487.8829, 0.007810,False
1781290487.8878, 0.006195,False
1781290487.8925, 0.004624,False
1781290487.8971, 0.002828,False
1781290487.9025, 0.001066,False
1781290487.9073, 0.009232,False
1781290488.1167, 0.007618,False
1781290488.1229, 0.005696,False
1781290488.1278, 0.003596,False
1781290488.1334, 0.002018,False
1781290488.1396, 0.000267,False
1781290488.1450, 0.008165,False
1781290488.1519, 0.007187,False
1781290488.1569, 0.005438,False
1781290488.1618, 0.003345,False
1781290488.3837, 0.001789,False
1781290488.3887, 0.009620,False
1781290488.3942, 0.007557,False
1781290488.3990, 0.005670,False
1781290488.4950, 0.003516,False
1781290488.5005, 0.001489,False
1781290488.5054, 0.008229,False
1781290488.5101, 0.006664,False
1781290488.6344, 0.004902,False
1781290488.6394, 0.003570,False
1781290488.6441, 0.002065,False
1781290488.6508, 0.000211,False
1781290488.6555, 0.000101,False
1781290488.6622, 0.006140,False
1781290488.6683, 0.004050,False
1781290488.6731, 0.002440,False
1781290488.9027, 0.000880,False
1781290488.9088, 0.008771,False
1781290488.9144, 0.007361,False
1781290488.9195, 0.006014,False
1781290488.9250, 0.004425,False
1781290488.9298, 0.009300,False
1781290488.9352, 0.008107,False
1781290488.9403, 0.006558,False
1781290489.1765, 0.004874,False
1781290489.1814, 0.003543,False
1781290489.1867, 0.001813,False
1781290489.1915, 0.010139,False
1781290489.1959, 0.008054,False
1781290489.2024, 0.006725,False
1781290489.2074, 0.004522,False
1781290489.2123, 0.002394,False
1781290489.4289, 0.000874,False
1781290489.4364, 0.009088,False
1781290489.4417, 0.007549,False
1781290489.4484, 0.005856,False
1781290489.4538, 0.003502,False
1781290489.4591, 0.001579,False
1781290489.4639, 0.000187,False
1781290489.4685, 0.008498,False
1781290489.4737, 0.006569,False
1781290489.6846, 0.004722,False
1781290489.6900, 0.003327,False
1781290489.6969, 0.001595,False
1781290489.7040, 0.009637,False
1781290489.7091, 0.002981,False
1781290489.7143, 0.001629,False
1781290489.7198, 0.009849,False
1781290489.9547, 0.007511,False
1781290489.9624, 0.006058,False
1781290489.9679, 0.004658,False
1781290489.9728, 0.003426,False
1781290489.9776, 0.001661,False
1781290489.9827, 0.009547,False
1781290489.9876, 0.007812,False
1781290489.9923, 0.005916,False
1781290489.9967, 0.003446,False
1781290490.2203, 0.000132,False
1781290490.2274, 0.009554,False
1781290490.2330, 0.007572,False
1781290490.2387, 0.006074,False
1781290490.2436, 0.003939,False
1781290490.2487, 0.002138,False
1781290490.2540, 0.000958,False
1781290490.2594, 0.008844,False
1781290490.4793, 0.007528,False
1781290490.4849, 0.005704,False
1781290490.4901, 0.003728,False
1781290490.4949, 0.002099,False
1781290490.4998, 0.010152,False
1781290490.5047, 0.004159,False
1781290490.5096, 0.009370,False
1781290490.5150, 0.007841,False
1781290490.7329, 0.005848,False
1781290490.7383, 0.003778,False
1781290490.7429, 0.001966,False
1781290490.7492, 0.009871,False
1781290490.7548, 0.008132,False
1781290490.7595, 0.006654,False
1781290490.7644, 0.004995,False
1781290490.7698, 0.003689,False
1781290491.0054, 0.001702,False
1781290491.0102, 0.000178,False
1781290491.0152, 0.008813,False
1781290491.0199, 0.007562,False
1781290491.0245, 0.006009,False
1781290491.0291, 0.004203,False
1781290491.0344, 0.002448,False
1781290491.0392, 0.000902,False
1781290491.0439, 0.008997,False
1781290491.2525, 0.007912,False
1781290491.2572, 0.005714,False
1781290491.2619, 0.003733,False
1781290491.2669, 0.001709,False
1781290491.2734, 0.010006,False
1781290491.2789, 0.008646,False
1781290491.2848, 0.006608,False
1781290491.2899, 0.005027,False
1781290491.5013, 0.003495,False
1781290491.5064, 0.001624,False
1781290491.5118, 0.009810,False
1781290491.5167, 0.007863,False
1781290491.5214, 0.000100,False
1781290491.5284, 0.004402,False
1781290491.5332, 0.010233,False
1781290491.7495, 0.008343,False
1781290491.7550, 0.006784,False
1781290491.7597, 0.004662,False
1781290491.7645, 0.002362,False
1781290491.7689, 0.001158,False
1781290491.7760, 0.008646,False
1781290491.7809, 0.004502,False
1781290491.7860, 0.002584,False
1781290492.0253, 0.000764,False
1781290492.0301, 0.008892,False
1781290492.0351, 0.007868,False
1781290492.0398, 0.005581,False
1781290492.0444, 0.003601,False
1781290492.0498, 0.001668,False
1781290492.0553, 0.010104,False
1781290492.0600, 0.008579,False
1781290492.2701, 0.007502,False
1781290492.2788, 0.005243,False
1781290492.2865, 0.003204,False
1781290492.2916, 0.001901,False
1781290492.2962, 0.000202,False
1781290492.3012, 0.008401,False
1781290492.3060, 0.006365,False
1781290492.3106, 0.004695,False
1781290492.5311, 0.003336,False
1781290492.5368, 0.001717,False
1781290492.5420, 0.000327,False
1781290492.5468, 0.007442,False
1781290492.5516, 0.005754,False
1781290492.5564, 0.003723,False
1781290492.5612, 0.001834,False
1781290492.5659, 0.000319,False
1781290492.5705, 0.008077,False
1781290492.7841, 0.006575,False
1781290492.7890, 0.004961,False
1781290492.7937, 0.003159,False
1781290492.7997, 0.001894,False
1781290492.8045, 0.000391,False
1781290492.8091, 0.008221,False
1781290492.8137, 0.006528,False
1781290492.8184, 0.004851,False
1781290493.0375, 0.003155,False
1781290493.0422, 0.000098,False
1781290493.0503, 0.009950,False
1781290493.0550, 0.008510,False
1781290493.0601, 0.006513,False
1781290493.0659, 0.004385,False
1781290493.0708, 0.002460,False
1781290493.0754, 0.000529,False
1781290493.2921, 0.008736,False
1781290493.2972, 0.007287,False
1781290493.3020, 0.005082,False
1781290493.3066, 0.003074,False
1781290493.3111, 0.000851,False
1781290493.3161, 0.009095,False
1781290493.3211, 0.007263,False
1781290493.3256, 0.005100,False
1781290493.5533, 0.003383,False
1781290493.5582, 0.001414,False
1781290493.5628, 0.000194,False
1781290493.5694, 0.007396,False
1781290493.5741, 0.005516,False
1781290493.5790, 0.003452,False
1781290493.5838, 0.001671,False
1781290493.5885, 0.009531,False
1781290493.8028, 0.007953,False
1781290493.8075, 0.006319,False
1781290493.8126, 0.004310,False
1781290493.8195, 0.002986,False
1781290493.8256, 0.000585,False
1781290493.8309, 0.008713,False
1781290493.8358, 0.006618,False
1781290493.8406, 0.004901,False
1781290494.0508, 0.003418,False
1781290494.0558, 0.001507,False
1781290494.0605, 0.009695,False
1781290494.0664, 0.007845,False
1781290494.0715, 0.006519,False
1781290494.0760, 0.004710,False
1781290494.0806, 0.002768,False
1781290494.0852, 0.000891,False
1781290494.3232, 0.009556,False
1781290494.3281, 0.007693,False
1781290494.3334, 0.005511,False
1781290494.3380, 0.004180,False
1781290494.3426, 0.003040,False
1781290494.3478, 0.000373,False
1781290494.3524, 0.000113,False
1781290494.3591, 0.005744,False
1781290494.5620, 0.003733,False
1781290494.5673, 0.002819,False
1781290494.5722, 0.001233,False
1781290494.5775, 0.010084,False
1781290494.5838, 0.009448,False
1781290494.5884, 0.006997,False
1781290494.5932, 0.005393,False
1781290494.5981, 0.003374,False
1781290494.8191, 0.001574,False
1781290494.8242, 0.010078,False
1781290494.8295, 0.008637,False
1781290494.8343, 0.007202,False
1781290494.8391, 0.006415,False
1781290494.8437, 0.004751,False
1781290494.8497, 0.002996,False
1781290494.8547, 0.001494,False
1781290495.0852, 0.009360,False
1781290495.0901, 0.007980,False
1781290495.0949, 0.006989,False
1781290495.0998, 0.005352,False
1781290495.1046, 0.003570,False
1781290495.1093, 0.001818,False
1781290495.1145, 0.009796,False
1781290495.1193, 0.008109,False
1781290495.3344, 0.006183,False
1781290495.3392, 0.004498,False
1781290495.3441, 0.002287,False
1781290495.3506, 0.000536,False
1781290495.4352, 0.008455,False
1781290495.4402, 0.006531,False
1781290495.4450, 0.005130,False
1781290495.4509, 0.003858,False
1781290495.5995, 0.002415,False
1781290495.6048, 0.000831,False
1781290495.6098, 0.009472,False
1781290495.6144, 0.007937,False
1781290495.6192, 0.005953,False
1781290495.6240, 0.004730,False
1781290495.6285, 0.002968,False
1781290495.6330, 0.000937,False
1781290495.8521, 0.008693,False
1781290495.8571, 0.007357,False
1781290495.8620, 0.005396,False
1781290495.8668, 0.000134,False
1781290495.8735, 0.001866,False
1781290495.8780, 0.008376,False
1781290495.8826, 0.006585,False
1781290495.8873, 0.004638,False
1781290496.1241, 0.002695,False
1781290496.1290, 0.001337,False
1781290496.1341, 0.009289,False
1781290496.1389, 0.006833,False
1781290496.1436, 0.004695,False
1781290496.1494, 0.002932,False
1781290496.1546, 0.001403,False
1781290496.1595, 0.009738,False
1781290496.3692, 0.007643,False
1781290496.3757, 0.006053,False
1781290496.3810, 0.004256,False
1781290496.3859, 0.002016,False
1781290496.3908, 0.010049,False
1781290496.3954, 0.008354,False
1781290496.4004, 0.006465,False
1781290496.4052, 0.004711,False
1781290496.6340, 0.002861,False
1781290496.6395, 0.000909,False
1781290496.6442, 0.009003,False
1781290496.6489, 0.006814,False
1781290496.6538, 0.004827,False
1781290496.6586, 0.002723,False
1781290496.6634, 0.000945,False
1781290496.6683, 0.009149,False
1781290496.6730, 0.007743,False
1781290496.8871, 0.006090,False
1781290496.8918, 0.004519,False
1781290496.8967, 0.002424,False
1781290496.9015, 0.001204,False
1781290496.9061, 0.009633,False
1781290496.9107, 0.007672,False
1781290496.9156, 0.006198,False
1781290496.9200, 0.004441,False
1781290497.1369, 0.002260,False
1781290497.1421, 0.000470,False
1781290497.1474, 0.008442,False
1781290497.1521, 0.006572,False
1781290497.1568, 0.004508,False
1781290497.1615, 0.003031,False
1781290497.1666, 0.000905,False
1781290497.1712, 0.000139,False
1781290497.4070, 0.006973,False
1781290497.4120, 0.005082,False
1781290497.4174, 0.003349,False
1781290497.4224, 0.001362,False
1781290497.4271, 0.010069,False
1781290497.4324, 0.008118,False
1781290497.4371, 0.006316,False
1781290497.4418, 0.004558,False
1781290497.6671, 0.002565,False
1781290497.6727, 0.000833,False
1781290497.6774, 0.008845,False
1781290497.6821, 0.007258,False
1781290497.6868, 0.005689,False
1781290497.6914, 0.003698,False
1781290497.6959, 0.001714,False
1781290497.7007, 0.010012,False
1781290497.9138, 0.008399,False
1781290497.9198, 0.006867,False
1781290497.9255, 0.005097,False
1781290497.9316, 0.003025,False
1781290497.9378, 0.001925,False
1781290497.9427, 0.010095,False
1781290497.9482, 0.008470,False
1781290497.9530, 0.007108,False
1781290498.1874, 0.005565,False
1781290498.1923, 0.003580,False
1781290498.1971, 0.002226,False
1781290498.2017, 0.000261,False
1781290498.2063, 0.008523,False
1781290498.2109, 0.006936,False
1781290498.2161, 0.005813,False
1781290498.2209, 0.003902,False
1781290498.2255, 0.002463,False
1781290498.4417, 0.001117,False
1781290498.4474, 0.008346,False
1781290498.4523, 0.006597,False
1781290498.4570, 0.004484,False
1781290498.4621, 0.002945,False
1781290498.4683, 0.001173,False
1781290498.4733, 0.009317,False
1781290498.6911, 0.007350,False
1781290498.6970, 0.005388,False
1781290498.7018, 0.003520,False
1781290498.7067, 0.001956,False
1781290498.7113, 0.000128,False
1781290498.7198, 0.008511,False
1781290498.7262, 0.006676,False
1781290498.7320, 0.005254,False
1781290498.7372, 0.003477,False
1781290498.9540, 0.001283,False
1781290498.9590, 0.009508,False
1781290498.9645, 0.008152,False
1781290498.9698, 0.006036,False
1781290498.9747, 0.004339,False
1781290498.9796, 0.002360,False
1781290498.9845, 0.001127,False
1781290498.9892, 0.009288,False
1781290499.2036, 0.007278,False
1781290499.2085, 0.004882,False
1781290499.2137, 0.003387,False
1781290499.2184, 0.002114,False
1781290499.2231, 0.001057,False
1781290499.2277, 0.008863,False
1781290499.2328, 0.007153,False
1781290499.2374, 0.004793,False
1781290499.4559, 0.003232,False
1781290499.4607, 0.001785,False
1781290499.4657, 0.010195,False
1781290499.4705, 0.008568,False
1781290499.4768, 0.006535,False
1781290499.4836, 0.004506,False
1781290499.4887, 0.002795,False
1781290499.4932, 0.001194,False
1781290499.7138, 0.009366,False
1781290499.7187, 0.007047,False
1781290499.7237, 0.005427,False
1781290499.7284, 0.003682,False
1781290499.7332, 0.002089,False
1781290499.7381, 0.001133,False
1781290499.7427, 0.009531,False
1781290499.7472, 0.007878,False
1781290499.9689, 0.006266,False
1781290499.9738, 0.005181,False
1781290499.9785, 0.003117,False
1781290499.9845, 0.001406,False
1781290499.9893, 0.009934,False
1781290499.9942, 0.008040,False
1781290499.9990, 0.005922,False
1781290500.0036, 0.004287,False
1781290500.1222, 0.000145,False
1781290500.1295, 0.001359,False
1781290500.2306, 0.009472,False
1781290500.2356, 0.007687,False
1781290500.2405, 0.005946,False
1781290500.2459, 0.005021,False
1781290500.2509, 0.003377,False
1781290500.2567, 0.001290,False
1781290500.4702, 0.009134,False
1781290500.4755, 0.007149,False
1781290500.4809, 0.005293,False
1781290500.4864, 0.003003,False
1781290500.4912, 0.001208,False
1781290500.4965, 0.005153,False
1781290500.5015, 0.003850,False
1781290500.5061, 0.002305,False
1781290500.7478, 0.000987,False
1781290500.7527, 0.009079,False
1781290500.7581, 0.007206,False
1781290500.7631, 0.005532,False
1781290500.7677, 0.003730,False
1781290500.7729, 0.002017,False
1781290500.7777, 0.009882,False
1781290500.7822, 0.007925,False
1781290501.0002, 0.006156,False
1781290501.0053, 0.004010,False
1781290501.0106, 0.002191,False
1781290501.0164, 0.007646,False
1781290501.0211, 0.010005,False
1781290501.0258, 0.008247,False
1781290501.0309, 0.006480,False
1781290501.0367, 0.005693,False
1781290501.2573, 0.003218,False
1781290501.2623, 0.000886,False
1781290501.2670, 0.009166,False
1781290501.2717, 0.006458,False
1781290501.2764, 0.001926,False
1781290501.2819, 0.010010,False
1781290501.2868, 0.008472,False
1781290501.2915, 0.006958,False
1781290501.5230, 0.004831,False
1781290501.5288, 0.003383,False
1781290501.5336, 0.001440,False
1781290501.5381, 0.009486,False
1781290501.5426, 0.007725,False
1781290501.5479, 0.000099,False
1781290501.5554, 0.003786,False
1781290501.5603, 0.002339,False
1781290501.7807, 0.000712,False
1781290501.7867, 0.009026,False
1781290501.7913, 0.007178,False
1781290501.7963, 0.000934,False
1781290501.8011, 0.009270,False
1781290501.8058, 0.007847,False
1781290501.8107, 0.006431,False
1781290501.8153, 0.004687,False
1781290502.0278, 0.002997,False
1781290502.0327, 0.000806,False
1781290502.0376, 0.009291,False
1781290502.0431, 0.007831,False
1781290502.0488, 0.006263,False
1781290502.0535, 0.005458,False
1781290502.0580, 0.000984,False
1781290502.0632, 0.009319,False
1781290502.2977, 0.007870,False
1781290502.3026, 0.006162,False
1781290502.3073, 0.004500,False
1781290502.3126, 0.002493,False
1781290502.3173, 0.000929,False
1781290502.3222, 0.008967,False
1781290502.3273, 0.007307,False
1781290502.3327, 0.005216,False
1781290502.5510, 0.003754,False
1781290502.5587, 0.001882,False
1781290502.5639, 0.001149,False
1781290502.5690, 0.009264,False
1781290502.5738, 0.007909,False
1781290502.5788, 0.006293,False
1781290502.5838, 0.003941,False
1781290502.5885, 0.002344,False
1781290502.8093, 0.001192,False
1781290502.8153, 0.009459,False
1781290502.8217, 0.008199,False
1781290502.8272, 0.006330,False
1781290502.8324, 0.004833,False
1781290502.8373, 0.003265,False
1781290502.8424, 0.001690,False
1781290502.8473, 0.009748,False
1781290502.8520, 0.008036,False
1781290503.0724, 0.006354,False
1781290503.0783, 0.000119,False
1781290503.0864, 0.009158,False
1781290503.0914, 0.007810,False
1781290503.0967, 0.006114,False
1781290503.1017, 0.004031,False
1781290503.1065, 0.002183,False
1781290503.3332, 0.010018,False
1781290503.3397, 0.008093,False
1781290503.3446, 0.005848,False
1781290503.3496, 0.004329,False
1781290503.3545, 0.003014,False
1781290503.3593, 0.001122,False
1781290503.3647, 0.008942,False
1781290503.3696, 0.007878,False
1781290503.3742, 0.006247,False
1781290503.5824, 0.004011,False
1781290503.5875, 0.002206,False
1781290503.5924, 0.000778,False
1781290503.5980, 0.010034,False
1781290503.6030, 0.008199,False
1781290503.6079, 0.006754,False
1781290503.6132, 0.005072,False
1781290503.6184, 0.003167,False
1781290503.8471, 0.001105,False
1781290503.8528, 0.005019,False
1781290503.8595, 0.003582,False
1781290503.8644, 0.001963,False
1781290503.8692, 0.010267,False
1781290503.8742, 0.008432,False
1781290503.8790, 0.006634,False
1781290503.8838, 0.005262,False
1781290504.1047, 0.003737,False
1781290504.1099, 0.002316,False
1781290504.1149, 0.000862,False
1781290504.1197, 0.009084,False
1781290504.1243, 0.007714,False
1781290504.1295, 0.005938,False
1781290504.1343, 0.003824,False
1781290504.1386, 0.001862,False
1781290504.3657, 0.010130,False
1781290504.3705, 0.008106,False
1781290504.3751, 0.006356,False
1781290504.3815, 0.004948,False
1781290504.3864, 0.003419,False
1781290504.3919, 0.001426,False
1781290504.3973, 0.000098,False
1781290504.4041, 0.002530,False
1781290504.6207, 0.000989,False
1781290504.6255, 0.009021,False
1781290504.6311, 0.007538,False
1781290504.6358, 0.005806,False
1781290504.6406, 0.003993,False
1781290504.6457, 0.002103,False
1781290504.6507, 0.000953,False
1781290504.6552, 0.009163,False
1781290504.8772, 0.007682,False
1781290504.9926, 0.006005,False
1781290504.9976, 0.009934,False
1781290505.0024, 0.008590,False
1781290505.0070, 0.006961,False
1781290505.0121, 0.005479,False
1781290505.0176, 0.003826,False
1781290505.0224, 0.002379,False
1781290505.1297, 0.001174,False
1781290505.1352, 0.008276,False
1781290505.1426, 0.006277,False
1781290505.1498, 0.004885,False
1781290505.1555, 0.003061,False
1781290505.1609, 0.000641,False
1781290505.1662, 0.008668,False
1781290505.1710, 0.006771,False
1781290505.3835, 0.005918,False
1781290505.3884, 0.009129,False
1781290505.3947, 0.006981,False
1781290505.3994, 0.004802,False
1781290505.4041, 0.002647,False
1781290505.4088, 0.000845,False
1781290505.4134, 0.009015,False
1781290505.4179, 0.007236,False
1781290505.6407, 0.001594,False
1781290505.6457, 0.009717,False
1781290505.6516, 0.008132,False
1781290505.6564, 0.006133,False
1781290505.6615, 0.003984,False
1781290505.6665, 0.002503,False
1781290505.6714, 0.000899,False
1781290505.6760, 0.008937,False
1781290505.8966, 0.007438,False
1781290505.9028, 0.005449,False
1781290505.9078, 0.003401,False
1781290505.9123, 0.000129,False
1781290505.9195, 0.009904,False
1781290505.9244, 0.008297,False
1781290505.9292, 0.003515,False
1781290505.9339, 0.001600,False
1781290506.2566, 0.009356,False
1781290506.2619, 0.007497,False
1781290506.2666, 0.006055,False
1781290506.2714, 0.004352,False
1781290506.2758, 0.002534,False
1781290506.2805, 0.000857,False
1781290506.2852, 0.005105,False
1781290506.2907, 0.003275,False
1781290506.4044, 0.001406,False
1781290506.4095, 0.009463,False
1781290506.4148, 0.008013,False
1781290506.4193, 0.001438,False
1781290506.4238, 0.000617,False
1781290506.4288, 0.008822,False
1781290506.4334, 0.007103,False
1781290506.4378, 0.004878,False
1781290506.6608, 0.003007,False
1781290506.6656, 0.000465,False
1781290506.6705, 0.008877,False
1781290506.6751, 0.007139,False
1781290506.6799, 0.005680,False
1781290506.6849, 0.004516,False
1781290506.6894, 0.002942,False
1781290506.6940, 0.000842,False
1781290506.9094, 0.008761,False
1781290506.9145, 0.007069,False
1781290506.9191, 0.004919,False
1781290506.9236, 0.002997,False
1781290506.9283, 0.000796,False
1781290506.9330, 0.008951,False
1781290506.9377, 0.007296,False
1781290506.9421, 0.005149,False
1781290507.0601, 0.003370,False
1781290507.0655, 0.001647,False
1781290507.0700, 0.000659,False
1781290507.1712, 0.008668,False
1781290507.1771, 0.006594,False
1781290507.1821, 0.005067,False
1781290507.1866, 0.003457,False
1781290507.1912, 0.001588,False
1781290507.4315, 0.000142,False
1781290507.4384, 0.008291,False
1781290507.4432, 0.006450,False
1781290507.4482, 0.004476,False
1781290507.4531, 0.002678,False
1781290507.4580, 0.001025,False
1781290507.4628, 0.000172,False
1781290507.4698, 0.007193,False
1781290507.6820, 0.004945,False
1781290507.6891, 0.003126,False
1781290507.6960, 0.001413,False
1781290507.7018, 0.009187,False
1781290507.7074, 0.007414,False
1781290507.7129, 0.005952,False
1781290507.7178, 0.003898,False
1781290507.7227, 0.002967,False
1781290507.9387, 0.000404,False
1781290507.9439, 0.008403,False
1781290507.9484, 0.006617,False
1781290507.9534, 0.004563,False
1781290507.9583, 0.002743,False
1781290507.9633, 0.001185,False
1781290507.9683, 0.009691,False
1781290507.9729, 0.007810,False
1781290508.1997, 0.006139,False
1781290508.2046, 0.004353,False
1781290508.2101, 0.001919,False
1781290508.2150, 0.010094,False
1781290508.2197, 0.007995,False
1781290508.2246, 0.005852,False
1781290508.2295, 0.003864,False
1781290508.2341, 0.002067,False
1781290508.4628, 0.010113,False
1781290508.4694, 0.008157,False
1781290508.4759, 0.006645,False
1781290508.4825, 0.004971,False
1781290508.4884, 0.002916,False
1781290508.4942, 0.000938,False
1781290508.4997, 0.008912,False
1781290508.5043, 0.006961,False
1781290508.7141, 0.004806,False
1781290508.7189, 0.002551,False
1781290508.7238, 0.000921,False
1781290508.7290, 0.009187,False
1781290508.7338, 0.007497,False
1781290508.7381, 0.000112,False
1781290508.7459, 0.003899,False
1781290508.7506, 0.002176,False
1781290508.9741, 0.000434,False
1781290508.9792, 0.008758,False
1781290508.9838, 0.006706,False
1781290508.9887, 0.004579,False
1781290508.9935, 0.003184,False
1781290508.9983, 0.001416,False
1781290509.0031, 0.009589,False
1781290509.0078, 0.007775,False
1781290509.2254, 0.005994,False
1781290509.2303, 0.003970,False
1781290509.2350, 0.002291,False
1781290509.2399, 0.000553,False
1781290509.2450, 0.008669,False
1781290509.2498, 0.006671,False
1781290509.2546, 0.004901,False
1781290509.2619, 0.003249,False
1781290509.2666, 0.001058,False
1781290509.4792, 0.009432,False
1781290509.4841, 0.007577,False
1781290509.4888, 0.005711,False
1781290509.4939, 0.004059,False
1781290509.4986, 0.002211,False
1781290509.5031, 0.000541,False
1781290509.5077, 0.008878,False
1781290509.5124, 0.007186,False
1781290509.7539, 0.005245,False
1781290509.7591, 0.003042,False
1781290509.7637, 0.000969,False
1781290509.7682, 0.009073,False
1781290509.7728, 0.007445,False
1781290509.7777, 0.005275,False
1781290509.7827, 0.003296,False
1781290509.7876, 0.001582,False
1781290509.9922, 0.009455,False
1781290509.9975, 0.007693,False
1781290510.0023, 0.005749,False
1781290510.0069, 0.003567,False
1781290510.0116, 0.001399,False
1781290510.0162, 0.009584,False
1781290510.0210, 0.007841,False
1781290510.2425, 0.005698,False
1781290510.2483, 0.003858,False
1781290510.2532, 0.000137,False
1781290510.2606, 0.009634,False
1781290510.2657, 0.007842,False
1781290510.2709, 0.005650,False
1781290510.2760, 0.004406,False
1781290510.2811, 0.002490,False
1781290510.2860, 0.000747,False
1781290510.5123, 0.009062,False
1781290510.5174, 0.007655,False
1781290510.5222, 0.005848,False
1781290510.5273, 0.004361,False
1781290510.5323, 0.002547,False
1781290510.5371, 0.000411,False
1781290510.5422, 0.009036,False
1781290510.5469, 0.007338,False
1781290510.7694, 0.005173,False
1781290510.7748, 0.003273,False
1781290510.7803, 0.001757,False
1781290510.7851, 0.001059,False
1781290510.7930, 0.008501,False
1781290510.7987, 0.006473,False
1781290510.8037, 0.004515,False
1781290510.8087, 0.002494,False
1781290511.0125, 0.000633,False
1781290511.0179, 0.008900,False
1781290511.0227, 0.007076,False
1781290511.0274, 0.004857,False
1781290511.0323, 0.002904,False
1781290511.0370, 0.001219,False
1781290511.0416, 0.009321,False
1781290511.2606, 0.007738,False
1781290511.2660, 0.006290,False
1781290511.2712, 0.003991,False
1781290511.2767, 0.002331,False
1781290511.2812, 0.000281,False
1781290511.2859, 0.008786,False
1781290511.2912, 0.007176,False
1781290511.2960, 0.005344,False
1781290511.4148, 0.003796,False
1781290511.4207, 0.001521,False
1781290511.4261, 0.009700,False
1781290511.4309, 0.007955,False
1781290511.4359, 0.006204,False
1781290511.5312, 0.004219,False
1781290511.5363, 0.002115,False
1781290511.5411, 0.000179,False
1781290511.7768, 0.008242,False
1781290511.7833, 0.006054,False
1781290511.7881, 0.004472,False
1781290511.7939, 0.003088,False
1781290511.7988, 0.001750,False
1781290511.8035, 0.009559,False
1781290511.8818, 0.007336,False
1781290511.8873, 0.005838,False
1781290511.8923, 0.003468,False
1781290512.0435, 0.001852,False
1781290512.0485, 0.009589,False
1781290512.0536, 0.008215,False
1781290512.0583, 0.006799,False
1781290512.0629, 0.004819,False
1781290512.0674, 0.002709,False
1781290512.0722, 0.000856,False
1781290512.0768, 0.008796,False
1781290512.2998, 0.007187,False
1781290512.3055, 0.005675,False
1781290512.3122, 0.003716,False
1781290512.3173, 0.001661,False
1781290512.3221, 0.009897,False
1781290512.3277, 0.007638,False
1781290512.3324, 0.005865,False
1781290512.3370, 0.003833,False
1781290512.5608, 0.002063,False
1781290512.5676, 0.000254,False
1781290512.5726, 0.008807,False
1781290512.5782, 0.006952,False
1781290512.5830, 0.005279,False
1781290512.5880, 0.003705,False
1781290512.5934, 0.001740,False
1781290512.5986, 0.000414,False
1781290512.8187, 0.008620,False
1781290512.8236, 0.006844,False
1781290512.8298, 0.005228,False
1781290512.8346, 0.003565,False
1781290512.8394, 0.001884,False
1781290512.8447, 0.010114,False
1781290512.8495, 0.008043,False
1781290512.8542, 0.006250,False
1781290513.1825, 0.004090,False
1781290513.1877, 0.001810,False
1781290513.1930, 0.009620,False
1781290513.1974, 0.000123,False
1781290513.2041, 0.006486,False
1781290513.2088, 0.004521,False
1781290513.2135, 0.002976,False
1781290513.2179, 0.000981,False
1781290513.3243, 0.009308,False
1781290513.3292, 0.007834,False
1781290513.3344, 0.005801,False
1781290513.3414, 0.003936,False
1781290513.3476, 0.002361,False
1781290513.3527, 0.010139,False
1781290513.3586, 0.008372,False
1781290513.3642, 0.006452,False
1781290513.5778, 0.004525,False
1781290513.5828, 0.002511,False
1781290513.5875, 0.000972,False
1781290513.5927, 0.009290,False
1781290513.5985, 0.007363,False
1781290513.6039, 0.005805,False
1781290513.6105, 0.004049,False
1781290513.6151, 0.002439,False
1781290513.8541, 0.000273,False
1781290513.8599, 0.008351,False
1781290513.8648, 0.006522,False
1781290513.8696, 0.004651,False
1781290513.8744, 0.003090,False
1781290513.8797, 0.001397,False
1781290513.8845, 0.009489,False
1781290513.8891, 0.007656,False
1781290514.1025, 0.005737,False
1781290514.1076, 0.004388,False
1781290514.1131, 0.002433,False
1781290514.1188, 0.000868,False
1781290514.1254, 0.009386,False
1781290514.1324, 0.007810,False
1781290514.1389, 0.005510,False
1781290514.1454, 0.003842,False
1781290514.1500, 0.002016,False
1781290514.3612, 0.000774,False
1781290514.3685, 0.007948,False
1781290514.3743, 0.006549,False
1781290514.3792, 0.004398,False
1781290514.3839, 0.002234,False
1781290514.3890, 0.010077,False
1781290514.3939, 0.008761,False
1781290514.3983, 0.000147,False
1781290514.6141, 0.005576,False
1781290514.6192, 0.003707,False
1781290514.6246, 0.001564,False
1781290514.6293, 0.009370,False
1781290514.6337, 0.007274,False
1781290514.6383, 0.005469,False
1781290514.6432, 0.004022,False
1781290514.6476, 0.001695,False
1781290514.8732, 0.010128,False
1781290514.8783, 0.008031,False
1781290514.8831, 0.006399,False
1781290514.8879, 0.004403,False
1781290514.8930, 0.002945,False
1781290514.8977, 0.000869,False
1781290514.9033, 0.009230,False
1781290514.9083, 0.007186,False
1781290515.1243, 0.004990,False
1781290515.1290, 0.003698,False
1781290515.1336, 0.001753,False
1781290515.1390, 0.010065,False
1781290515.1444, 0.008052,False
1781290515.1491, 0.005841,False
1781290515.1537, 0.004148,False
1781290515.1584, 0.001919,False
1781290515.3820, 0.010012,False
1781290515.3871, 0.008329,False
1781290515.3924, 0.006867,False
1781290515.3975, 0.005298,False
1781290515.4021, 0.003602,False
1781290515.4069, 0.001659,False
1781290515.4122, 0.010118,False
1781290515.4168, 0.007989,False
1781290515.6483, 0.005718,False
1781290515.6531, 0.004083,False
1781290515.6579, 0.002267,False
1781290515.6627, 0.000399,False
1781290515.6674, 0.008652,False
1781290515.6719, 0.006479,False
1781290515.6793, 0.004758,False
1781290515.6843, 0.003712,False
1781290515.9003, 0.002107,False
1781290515.9053, 0.000237,False
1781290515.9109, 0.008664,False
1781290515.9158, 0.007018,False
1781290515.9202, 0.000135,False
1781290515.9278, 0.003476,False
1781290515.9326, 0.001189,False
1781290515.9371, 0.000303,False
1781290516.1564, 0.007968,False
1781290516.1616, 0.006043,False
1781290516.1667, 0.004227,False
1781290516.1713, 0.002403,False
1781290516.1759, 0.000451,False
1781290516.1811, 0.008656,False
1781290516.1858, 0.006953,False
1781290516.1903, 0.005248,False
1781290516.4081, 0.002999,False
1781290516.4132, 0.001090,False
1781290516.4179, 0.009414,False
1781290516.4235, 0.007697,False
1781290516.4288, 0.005668,False
1781290516.4337, 0.004390,False
1781290516.4385, 0.002522,False
1781290516.4433, 0.000562,False
1781290516.6662, 0.008668,False
1781290516.6713, 0.006814,False
1781290516.6768, 0.004786,False
1781290516.6815, 0.002667,False
1781290516.6871, 0.001179,False
1781290516.6933, 0.009133,False
1781290516.6980, 0.007286,False
1781290516.7025, 0.005864,False
1781290516.9290, 0.004129,False
1781290516.9365, 0.002211,False
1781290516.9422, 0.010086,False
1781290516.9472, 0.008201,False
1781290516.9522, 0.006234,False
1781290516.9573, 0.003975,False
1781290516.9625, 0.002157,False
1781290516.9672, 0.000403,False
1781290517.1923, 0.008289,False
1781290517.1987, 0.006206,False
1781290517.2033, 0.004427,False
1781290517.2079, 0.002804,False
1781290517.2123, 0.000888,False
1781290517.2169, 0.009029,False
1781290517.2215, 0.007368,False
1781290517.2262, 0.005854,False
1781290517.2306, 0.004471,False
1781290517.4424, 0.000083,False
1781290517.4506, 0.000944,False
1781290517.4571, 0.009159,False
1781290517.4632, 0.007097,False
1781290517.4680, 0.005212,False
1781290517.4733, 0.003404,False
1781290517.4785, 0.000861,False
1781290517.6958, 0.009344,False
1781290517.7018, 0.007585,False
1781290517.7075, 0.005708,False
1781290517.7124, 0.003786,False
1781290517.7173, 0.001823,False
1781290517.7220, 0.010003,False
1781290517.7269, 0.007770,False
1781290517.7314, 0.005894,False
1781290517.7360, 0.003961,False
1781290517.9658, 0.002181,False
1781290517.9705, 0.000377,False
1781290517.9757, 0.008424,False
1781290517.9804, 0.006644,False
1781290517.9851, 0.004536,False
1781290517.9901, 0.002654,False
1781290517.9955, 0.001167,False
1781290518.0003, 0.009248,False
1781290518.2220, 0.006766,False
1781290518.2271, 0.004852,False
1781290518.2320, 0.003045,False
1781290518.2378, 0.000833,False
1781290518.2445, 0.009403,False
1781290518.2497, 0.007714,False
1781290518.2568, 0.005485,False
1781290518.2628, 0.004265,False
1781290518.4775, 0.002427,False
1781290518.4824, 0.000577,False
1781290518.4873, 0.008753,False
1781290518.4931, 0.007197,False
1781290518.4982, 0.005529,False
1781290518.5033, 0.003349,False
1781290518.5085, 0.001841,False
1781290518.5133, 0.000277,False
1781290518.7462, 0.008473,False
1781290518.7510, 0.006513,False
1781290518.7566, 0.004912,False
1781290518.7627, 0.002262,False
1781290518.7675, 0.000853,False
1781290518.7720, 0.000073,False
1781290518.7794, 0.006945,False
1781290518.7843, 0.005074,False
1781290518.9840, 0.003493,False
1781290518.9908, 0.001672,False
1781290518.9970, 0.000401,False
1781290519.0021, 0.008649,False
1781290519.0081, 0.006949,False
1781290519.0130, 0.004727,False
1781290519.0180, 0.003521,False
1781290519.0228, 0.001500,False
1781290519.2505, 0.010009,False
1781290519.2555, 0.008612,False
1781290519.2601, 0.006678,False
1781290519.2646, 0.004984,False
1781290519.2696, 0.003336,False
1781290519.2744, 0.001222,False
1781290519.2790, 0.009370,False
1781290519.2856, 0.007204,False
1781290519.5032, 0.005333,False
1781290519.5090, 0.003557,False
1781290519.5138, 0.001649,False
1781290519.5184, 0.009437,False
1781290519.5244, 0.007839,False
1781290519.5293, 0.005830,False
1781290519.5341, 0.003974,False
1781290519.5392, 0.002622,False
1781290519.5440, 0.000683,False
1781290519.7605, 0.008767,False
1781290519.7657, 0.007048,False
1781290519.7709, 0.005098,False
1781290519.7765, 0.003582,False
1781290519.7815, 0.001662,False
1781290519.7862, 0.009776,False
1781290519.7913, 0.008158,False
1781290520.0185, 0.006280,False
1781290520.0239, 0.004230,False
1781290520.0290, 0.002049,False
1781290520.0341, 0.000270,False
1781290520.0390, 0.008047,False
1781290520.0443, 0.006108,False
1781290520.0490, 0.004308,False
1781290520.0538, 0.002155,False
1781290520.0588, 0.000466,False
1781290520.2702, 0.008969,False
1781290520.2749, 0.000135,False
1781290520.2816, 0.005376,False
1781290520.2866, 0.003621,False
1781290520.2913, 0.001685,False
1781290520.2967, 0.010037,False
1781290520.3020, 0.008031,False
1781290520.5239, 0.006159,False
1781290520.5300, 0.004316,False
1781290520.5347, 0.002796,False
1781290520.5415, 0.001145,False
1781290520.5476, 0.009086,False
1781290520.5533, 0.007422,False
1781290520.5583, 0.005643,False
1781290520.5632, 0.003820,False
1781290520.5679, 0.002395,False
1781290520.8010, 0.000441,False
1781290520.8064, 0.008870,False
1781290520.8117, 0.006795,False
1781290520.8164, 0.004713,False
1781290520.8214, 0.002695,False
1781290520.8270, 0.000796,False
1781290520.8320, 0.009518,False
1781290520.8366, 0.007742,False
1781290521.0493, 0.005512,False
1781290521.0543, 0.003883,False
1781290521.0594, 0.002151,False
1781290521.0643, 0.000197,False
1781290521.0691, 0.008295,False
1781290521.0742, 0.006814,False
1781290521.0792, 0.005232,False
1781290521.0838, 0.003288,False
1781290521.2951, 0.001344,False
1781290521.2999, 0.009813,False
1781290521.3057, 0.007629,False
1781290521.3111, 0.005867,False
1781290521.3159, 0.004206,False
1781290521.3208, 0.002318,False
1781290521.3257, 0.000620,False
1781290521.5381, 0.008837,False
1781290521.5444, 0.007408,False
1781290521.5493, 0.005795,False
1781290521.5540, 0.003867,False
1781290521.5589, 0.001859,False
1781290521.5635, 0.009787,False
1781290521.5682, 0.007653,False
1781290521.5729, 0.000118,False
1781290521.5799, 0.004652,False
1781290521.7923, 0.002486,False
1781290521.7983, 0.000613,False
1781290521.8034, 0.008640,False
1781290521.8087, 0.006748,False
1781290521.8137, 0.005370,False
1781290521.8189, 0.003465,False
1781290521.8243, 0.001392,False
1781290522.0615, 0.009469,False
1781290522.0701, 0.007465,False
1781290522.0753, 0.005843,False
1781290522.0801, 0.003942,False
1781290522.0848, 0.002283,False
1781290522.0913, 0.000418,False
1781290522.0962, 0.008994,False
1781290522.1010, 0.007553,False
1781290522.3080, 0.005482,False
1781290522.3134, 0.003493,False
1781290522.3193, 0.001761,False
1781290522.3267, 0.000239,False
1781290522.3325, 0.008506,False
1781290522.3374, 0.006644,False
1781290522.3424, 0.004774,False
1781290522.3473, 0.002515,False
1781290522.3517, 0.000423,False
1781290522.5783, 0.008796,False
1781290522.5838, 0.006731,False
1781290522.5897, 0.005076,False
1781290522.5949, 0.003351,False
1781290522.6013, 0.001212,False
1781290522.6071, 0.009666,False
1781290522.6119, 0.008145,False
1781290522.6164, 0.006433,False
1781290522.8275, 0.004194,False
1781290522.8323, 0.002872,False
1781290522.8371, 0.000694,False
1781290522.8417, 0.009171,False
1781290522.8462, 0.007152,False
1781290522.8510, 0.005582,False
1781290522.8561, 0.004034,False
1781290522.8606, 0.002022,False
1781290523.0759, 0.000622,False
1781290523.0816, 0.008405,False
1781290523.1903, 0.006056,False
1781290523.1964, 0.000146,False
1781290523.2044, 0.002247,False
1781290523.2099, 0.000552,False
1781290523.2164, 0.008695,False
1781290523.3256, 0.006368,False
1781290523.3307, 0.004619,False
1781290523.3355, 0.002989,False
1781290523.3410, 0.001216,False
1781290523.3461, 0.009256,False
1781290523.3509, 0.007000,False
1781290523.3562, 0.005143,False
1781290523.3610, 0.003090,False
1781290523.3654, 0.001318,False
1781290523.5890, 0.009775,False
1781290523.5938, 0.007981,False
1781290523.5988, 0.006015,False
1781290523.6034, 0.004521,False
1781290523.6079, 0.002251,False
1781290523.6124, 0.010253,False
1781290523.6171, 0.008555,False
1781290523.6216, 0.006335,False
1781290523.7305, 0.004733,False
1781290523.8392, 0.002846,False
1781290523.8446, 0.000651,False
1781290523.8494, 0.008777,False
1781290523.8544, 0.007009,False
1781290523.8595, 0.005062,False
1781290523.8645, 0.003242,False
1781290523.8696, 0.001283,False
1781290524.1152, 0.009721,False
1781290524.1204, 0.008238,False
1781290524.1260, 0.006378,False
1781290524.1307, 0.004407,False
1781290524.1353, 0.002491,False
1781290524.1402, 0.000253,False
1781290524.1449, 0.008122,False
1781290524.1495, 0.006254,False
1781290524.3579, 0.004823,False
1781290524.3628, 0.002830,False
1781290524.3674, 0.001229,False
1781290524.3721, 0.009643,False
1781290524.3768, 0.008109,False
1781290524.3815, 0.006255,False
1781290524.3862, 0.004229,False
1781290524.3908, 0.002472,False
1781290524.6186, 0.000115,False
1781290524.6274, 0.008613,False
1781290524.6324, 0.006595,False
1781290524.6373, 0.005060,False
1781290524.6433, 0.002769,False
1781290524.6486, 0.000953,False
1781290524.6533, 0.008757,False
1781290524.6581, 0.006895,False
1781290524.8766, 0.005045,False
1781290524.8815, 0.002825,False
1781290524.8863, 0.001206,False
1781290524.8909, 0.009298,False
1781290524.8957, 0.007684,False
1781290524.9005, 0.005621,False
1781290524.9053, 0.003925,False
1781290524.9097, 0.002036,False
1781290525.1128, 0.010163,False
1781290525.1176, 0.008659,False
1781290525.1229, 0.007033,False
1781290525.1277, 0.005296,False
1781290525.1324, 0.003483,False
1781290525.1374, 0.002000,False
1781290525.1422, 0.000223,False
1781290525.1468, 0.008670,False
1781290525.3764, 0.006529,False
1781290525.3811, 0.004485,False
1781290525.3857, 0.002536,False
1781290525.3908, 0.000721,False
1781290525.3955, 0.008932,False
1781290525.4004, 0.006906,False
1781290525.4053, 0.005028,False
1781290525.4100, 0.003159,False
1781290525.6245, 0.000793,False
1781290525.6293, 0.008981,False
1781290525.6340, 0.006896,False
1781290525.6390, 0.005264,False
1781290525.6438, 0.003418,False
1781290525.6484, 0.001011,False
1781290525.6536, 0.009032,False
1781290525.6582, 0.007356,False
1781290525.8953, 0.005537,False
1781290525.9003, 0.003741,False
1781290525.9052, 0.001847,False
1781290525.9103, 0.009907,False
1781290525.9151, 0.008325,False
1781290525.9199, 0.000132,False
1781290525.9268, 0.005088,False
1781290525.9313, 0.003233,False
1781290526.1638, 0.001392,False
1781290526.1694, 0.009711,False
1781290526.1770, 0.007607,False
1781290526.1821, 0.005945,False
1781290526.1873, 0.004080,False
1781290526.1939, 0.002052,False
1781290526.2016, 0.010241,False
1781290526.2073, 0.008746,False
1781290526.4010, 0.006414,False
1781290526.4067, 0.004931,False
1781290526.4114, 0.003772,False
1781290526.4165, 0.001545,False
1781290526.4217, 0.009541,False
1781290526.4264, 0.007629,False
1781290526.4310, 0.006065,False
1781290526.4354, 0.004274,False
1781290526.6616, 0.002715,False
1781290526.6667, 0.000647,False
1781290526.6718, 0.009297,False
1781290526.6767, 0.006936,False
1781290526.6813, 0.005226,False
1781290526.6858, 0.003113,False
1781290526.6910, 0.000849,False
1781290526.6960, 0.009149,False
1781290526.9112, 0.007391,False
1781290526.9162, 0.005483,False
1781290526.9211, 0.004222,False
1781290526.9273, 0.002635,False
1781290526.9323, 0.000683,False
1781290526.9371, 0.009224,False
1781290526.9419, 0.007828,False
1781290526.9467, 0.005760,False
1781290527.1558, 0.003806,False
1781290527.1630, 0.002049,False
1781290527.1688, 0.009974,False
1781290527.1744, 0.008209,False
1781290527.1817, 0.006435,False
1781290527.1875, 0.004238,False
1781290527.1926, 0.002686,False
1781290527.1971, 0.000000,False
1781290527.4260, 0.009205,False
1781290527.4314, 0.007481,False
1781290527.4360, 0.000185,False
1781290527.4432, 0.003916,False
1781290527.4479, 0.001923,False
1781290527.4526, 0.009956,False
1781290527.4577, 0.008079,False
1781290527.4624, 0.006251,False
1781290527.6949, 0.004540,False
1781290527.6997, 0.002969,False
1781290527.7046, 0.001342,False
1781290527.7092, 0.009087,False
1781290527.7138, 0.007395,False
1781290527.7184, 0.005341,False
1781290527.7236, 0.003997,False
1781290527.7283, 0.001653,False
1781290527.9393, 0.009802,False
1781290527.9462, 0.008447,False
1781290527.9512, 0.006542,False
1781290527.9564, 0.004631,False
1781290527.9612, 0.002473,False
1781290527.9663, 0.000680,False
1781290527.9729, 0.008758,False
1781290527.9791, 0.007419,False
1781290528.1908, 0.005270,False
1781290528.1956, 0.003116,False
1781290528.2005, 0.001292,False
1781290528.2064, 0.009637,False
1781290528.2113, 0.007455,False
1781290528.2164, 0.005430,False
1781290528.2221, 0.004136,False
1781290528.2270, 0.001967,False
1781290528.4575, 0.009802,False
1781290528.4637, 0.007604,False
1781290528.4687, 0.005798,False
1781290528.4736, 0.004104,False
1781290528.4784, 0.002076,False
1781290528.4832, 0.010216,False
1781290528.4880, 0.008173,False
1781290528.4928, 0.005773,False
1781290528.7201, 0.003861,False
1781290528.7251, 0.001394,False
1781290528.7299, 0.009462,False
1781290528.7349, 0.007882,False
1781290528.7401, 0.006451,False
1781290528.7449, 0.004254,False
1781290528.7495, 0.002409,False
1781290528.7545, 0.000118,False
1781290528.7628, 0.008556,False
1781290528.9771, 0.006789,False
1781290528.9823, 0.004928,False
1781290528.9870, 0.002883,False
1781290528.9918, 0.001040,False
1781290528.9963, 0.008669,False
1781290529.0008, 0.006982,False
1781290529.0055, 0.005174,False
1781290529.0105, 0.003415,False
1781290529.2456, 0.001418,False
1781290529.2504, 0.009801,False
1781290529.2570, 0.007681,False
1781290529.2620, 0.005646,False
1781290529.2666, 0.003881,False
1781290529.2722, 0.002010,False
1781290529.2770, 0.000384,False
1781290529.2815, 0.008575,False
1781290529.4941, 0.006361,False
1781290529.4991, 0.004267,False
1781290529.5058, 0.002168,False
1781290529.5122, 0.000318,False
1781290529.5185, 0.008667,False
1781290529.5240, 0.006781,False
1781290529.5289, 0.004936,False
1781290529.5335, 0.003031,False
1781290529.7304, 0.000943,False
1781290529.7352, 0.009075,False
1781290529.7401, 0.007635,False
1781290529.7451, 0.005320,False
1781290529.7499, 0.003671,False
1781290529.7548, 0.002249,False
1781290529.7599, 0.000727,False
1781290529.7645, 0.008842,False
1781290529.9953, 0.007039,False
1781290530.0001, 0.005030,False
1781290530.0058, 0.003387,False
1781290530.0105, 0.002312,False
1781290530.0151, 0.000345,False
1781290530.0198, 0.008191,False
1781290530.0244, 0.006384,False
1781290530.0291, 0.004393,False
1781290530.2456, 0.002090,False
1781290530.2505, 0.000451,False
1781290530.2566, 0.008538,False
1781290530.2624, 0.000130,False
1781290530.2699, 0.004948,False
1781290530.2781, 0.003015,False
1781290530.2828, 0.001018,False
1781290530.2875, 0.009332,False
1781290530.4971, 0.007425,False
1781290530.5023, 0.005829,False
1781290530.5075, 0.003524,False
1781290530.5128, 0.001848,False
1781290530.5181, 0.009452,False
1781290530.5231, 0.008009,False
1781290530.5280, 0.006390,False
1781290530.5326, 0.004448,False
1781290530.7766, 0.002532,False
1781290530.7814, 0.000266,False
1781290530.7859, 0.008158,False
1781290530.7906, 0.006179,False
1781290530.7952, 0.004550,False
1781290530.8000, 0.003062,False
1781290530.8050, 0.001261,False
1781290530.8094, 0.009954,False
1781290531.0249, 0.008017,False
1781290531.0297, 0.006094,False
1781290531.0343, 0.004249,False
1781290531.0393, 0.002543,False
1781290531.0441, 0.000545,False
1781290531.0488, 0.008300,False
1781290531.0548, 0.006622,False
1781290531.0594, 0.004637,False
1781290531.2868, 0.003154,False
1781290531.2922, 0.001142,False
1781290531.2973, 0.009501,False
1781290531.3021, 0.007448,False
1781290531.3068, 0.005926,False
1781290531.3115, 0.004280,False
1781290531.3160, 0.002797,False
1781290531.3212, 0.000805,False
1781290531.5570, 0.008775,False
1781290531.5617, 0.006885,False
1781290531.5683, 0.005439,False
1781290531.5748, 0.003608,False
1781290531.5795, 0.001576,False
1781290531.5842, 0.000238,False
1781290531.5888, 0.008818,False
1781290531.5936, 0.006445,False
1781290531.5980, 0.000121,False
1781290531.6990, 0.002370,False
1781290531.7049, 0.000290,False
1781290531.7105, 0.008075,False
1781290531.7158, 0.006260,False
1781290531.7217, 0.004378,False
1781290531.7266, 0.002346,False
1781290531.7311, 0.000404,False
1781290531.8049, 0.008545,False
1781290532.0566, 0.006863,False
1781290532.0617, 0.004596,False
1781290532.0665, 0.002541,False
1781290532.0720, 0.000916,False
1781290532.0774, 0.009179,False
1781290532.0829, 0.007037,False
1781290532.0878, 0.004857,False
1781290532.0931, 0.003097,False
1781291521.6579, 0.001643,False
1781291521.6624, 0.005816,False
1781291521.6696, 0.007897,False
1781291521.6739, 0.000125,False
1781291521.6806, 0.004341,False
1781291521.6849, 0.002337,False
1781291521.6893, 0.000525,False
1781291521.6937, 0.009134,False
1781291521.9109, 0.007809,False
1781291521.9154, 0.001545,False
1781291521.9226, 0.003666,False
1781291521.9274, 0.001430,False
1781291521.9345, 0.009518,False
1781291521.9390, 0.007779,False
1781291521.9442, 0.006136,False
1781291521.9493, 0.004382,False
1781291521.9543, 0.002701,False
1781291521.9608, 0.000401,False
1781291521.9654, 0.008611,False
1781291521.9700, 0.006581,False
1781291522.1459, 0.004710,False
1781291522.1509, 0.003059,False
1781291522.1555, 0.000822,False
1781291522.1602, 0.008777,False
1781291522.1647, 0.006899,False
1781291522.1690, 0.004664,False
1781291522.1737, 0.002709,False
1781291522.1781, 0.001134,False
1781291522.4181, 0.009293,False
1781291522.4229, 0.007442,False
1781291522.4280, 0.005005,False
1781291522.4325, 0.004165,False
1781291522.4369, 0.002481,False
1781291522.4415, 0.000663,False
1781291522.4459, 0.009017,False
1781291522.4502, 0.006696,False
1781291522.6748, 0.004673,False
1781291522.6796, 0.002614,False
1781291522.6842, 0.000869,False
1781291522.6891, 0.009527,False
1781291522.6941, 0.007768,False
1781291522.6992, 0.006109,False
1781291522.7042, 0.004399,False
1781291522.7115, 0.002227,False
1781291522.7167, 0.000336,False
1781291522.9343, 0.008542,False
1781291522.9392, 0.006238,False
1781291522.9444, 0.004072,False
1781291522.9489, 0.000133,False
1781291522.9555, 0.000444,False
1781291522.9610, 0.008278,False
1781291522.9655, 0.006432,False
1781291522.9698, 0.004631,False
1781291523.1951, 0.002885,False
1781291523.1998, 0.000980,False
1781291523.2047, 0.009226,False
1781291523.2092, 0.003099,False
1781291523.2172, 0.005647,False
1781291523.2240, 0.003847,False
1781291523.2319, 0.001998,False
1781291523.2363, 0.000391,False
1781291523.4474, 0.008625,False
1781291523.4523, 0.006687,False
1781291523.4572, 0.005099,False
1781291523.4621, 0.003346,False
1781291523.4669, 0.001327,False
1781291523.4716, 0.009302,False
1781291523.4761, 0.006928,False
1781291523.4805, 0.004790,False
1781291523.7193, 0.002587,False
1781291523.7242, 0.001092,False
1781291523.7287, 0.009275,False
1781291523.7336, 0.007288,False
1781291523.7382, 0.005576,False
1781291523.7428, 0.003480,False
1781291523.7473, 0.001515,False
1781291523.7518, 0.009958,False
1781291523.9691, 0.008214,False
1781291523.9743, 0.006468,False
1781291523.9793, 0.004768,False
1781291523.9839, 0.002523,False
1781291523.9883, 0.000725,False
1781291523.9935, 0.008841,False
1781291523.9980, 0.006924,False
1781291524.0023, 0.005083,False
1781291524.2320, 0.003293,False
1781291524.2369, 0.001205,False
1781291524.2417, 0.009154,False
1781291524.2462, 0.007237,False
1781291524.2506, 0.005091,False
1781291524.2550, 0.003223,False
1781291524.2601, 0.001464,False
1781291524.2649, 0.009655,False
1781291524.4806, 0.000135,False
1781291524.4891, 0.006416,False
1781291524.4937, 0.004573,False
1781291524.4982, 0.003073,False
1781291524.5027, 0.001324,False
1781291524.5075, 0.009571,False
1781291524.5121, 0.007532,False
1781291524.5166, 0.005583,False
1781291524.7359, 0.003503,False
1781291524.7404, 0.001654,False
1781291524.7447, 0.005536,False
1781291524.7511, 0.007844,False
1781291524.7555, 0.006017,False
1781291524.7600, 0.004296,False
1781291524.7645, 0.002498,False
1781291524.7687, 0.000541,False
1781291525.0063, 0.008522,False
1781291525.0110, 0.006554,False
1781291525.0163, 0.000547,False
1781291525.0230, 0.003296,False
1781291525.0280, 0.001267,False
1781291525.0324, 0.009533,False
1781291525.0368, 0.007837,False
1781291525.0423, 0.005991,False
1781291525.2585, 0.004433,False
1781291525.2645, 0.002349,False
1781291525.2697, 0.000377,False
1781291525.2762, 0.008116,False
1781291525.2815, 0.006247,False
1781291525.2869, 0.004174,False
1781291525.2912, 0.002315,False
1781291525.2956, 0.000261,False
1781291525.5172, 0.007987,False
1781291525.5218, 0.006158,False
1781291525.6288, 0.004539,False
1781291525.6342, 0.002482,False
1781291525.6389, 0.000844,False
1781291525.6576, 0.008974,False
1781291525.6625, 0.007034,False
1781291525.6670, 0.004816,False
1781291525.6715, 0.002673,False
1781291525.7594, 0.000640,False
1781291525.7641, 0.008217,False
1781291525.7686, 0.006523,False
1781291525.7734, 0.004711,False
1781291525.7775, 0.000099,False
1781291525.7840, 0.000655,False
1781291525.7901, 0.008874,False
1781291526.0269, 0.006937,False
1781291526.0334, 0.005177,False
1781291526.0386, 0.003448,False
1781291526.0443, 0.001723,False
1781291526.0492, 0.009756,False
1781291526.0544, 0.007247,False
1781291526.0599, 0.005432,False
1781291526.0644, 0.003615,False
1781291526.0687, 0.001632,False
1781291526.2923, 0.005980,False
1781291526.2996, 0.008210,False
1781291526.3042, 0.006314,False
1781291526.3094, 0.004368,False
1781291526.3137, 0.002461,False
1781291526.3183, 0.000545,False
1781291526.3231, 0.008965,False
1781291526.3277, 0.007409,False
1781291526.5506, 0.001545,False
1781291526.5576, 0.003428,False
1781291526.5621, 0.001424,False
1781291526.5668, 0.009426,False
1781291526.5715, 0.007195,False
1781291526.5761, 0.005383,False
1781291526.5804, 0.003088,False
1781291526.5846, 0.001260,False
1781291526.6989, 0.009373,False
1781291526.7058, 0.007394,False
1781291526.7123, 0.005420,False
1781291526.7169, 0.003126,False
1781291526.7215, 0.001462,False
1781291526.7261, 0.009970,False
1781291526.7306, 0.008196,False
1781291526.8067, 0.006559,False
1781291527.0682, 0.004370,False
1781291527.0731, 0.002588,False
1781291527.0789, 0.000858,False
1781291527.0836, 0.008767,False
1781291527.0883, 0.006718,False
1781291527.0936, 0.005107,False
1781291527.0982, 0.003163,False
1781291527.1027, 0.001139,False
1781291527.3263, 0.009546,False
1781291527.3309, 0.000144,False
1781291527.3376, 0.005728,False
1781291527.3420, 0.003664,False
1781291527.3464, 0.001906,False
1781291527.3514, 0.009689,False
1781291527.3558, 0.008121,False
1781291527.3601, 0.006242,False
1781291527.5766, 0.004028,False
1781291527.5815, 0.002299,False
1781291527.5880, 0.000390,False
1781291527.5934, 0.008267,False
1781291527.5995, 0.006464,False
1781291527.6057, 0.004687,False
1781291527.6103, 0.003280,False
1781291527.6146, 0.001483,False
1781291527.7286, 0.009212,False
1781291527.7338, 0.007517,False
1781291527.7391, 0.005517,False
1781291527.7437, 0.003823,False
1781291527.7483, 0.001596,False
1781291527.7528, 0.000228,False
1781291527.7573, 0.008270,False
1781291527.8377, 0.002247,False
1781291528.0992, 0.005055,False
1781291528.1042, 0.002818,False
1781291528.1100, 0.000904,False
1781291528.1146, 0.009351,False
1781291528.1189, 0.007339,False
1781291528.1235, 0.005687,False
1781291528.1281, 0.003642,False
1781291528.1325, 0.002175,False
1781291528.3569, 0.000674,False
1781291528.3632, 0.008714,False
1781291528.3698, 0.006597,False
1781291528.3755, 0.004610,False
1781291528.3813, 0.002861,False
1781291528.3871, 0.000978,False
1781291528.3926, 0.009156,False
1781291528.3979, 0.007441,False
1781291528.4026, 0.005642,False
1781291528.6138, 0.003790,False
1781291528.6192, 0.001888,False
1781291528.6248, 0.010016,False
1781291528.6300, 0.008212,False
1781291528.6352, 0.006485,False
1781291528.6407, 0.000078,False
1781291528.6474, 0.002446,False
1781291528.6519, 0.000584,False
1781291528.7623, 0.009001,False
1781291528.7670, 0.007342,False
1781291528.7714, 0.005621,False
1781291528.8760, 0.003476,False
1781291528.8817, 0.001242,False
1781291528.8866, 0.009329,False
1781291528.8913, 0.007096,False
1781291528.8957, 0.005679,False
1781291529.1327, 0.003600,False
1781291529.1378, 0.001590,False
1781291529.1452, 0.009669,False
1781291529.1514, 0.007409,False
1781291529.1583, 0.005856,False
1781291529.1644, 0.004063,False
1781291529.1692, 0.002151,False
1781291529.1745, 0.000175,False
1781291529.3957, 0.008736,False
1781291529.4012, 0.006218,False
1781291529.4062, 0.004655,False
1781291529.4107, 0.004519,False
1781291529.4150, 0.001365,False
1781291529.4194, 0.005340,False
1781291529.4258, 0.007493,False
1781291529.4301, 0.005667,False
1781291529.6510, 0.004078,False
1781291529.6557, 0.002071,False
1781291529.6601, 0.010023,False
1781291529.6649, 0.008584,False
1781291529.6694, 0.006306,False
1781291529.6738, 0.000258,False
1781291529.6804, 0.002059,False
1781291529.6848, 0.000649,False
1781291529.9143, 0.008584,False
1781291529.9196, 0.006651,False
1781291529.9255, 0.004827,False
1781291529.9316, 0.003050,False
1781291529.9378, 0.001248,False
1781291529.9425, 0.009236,False
1781291529.9469, 0.007754,False
1781291529.9513, 0.005670,False
1781291530.1709, 0.003424,False
1781291530.1756, 0.001883,False
1781291530.1802, 0.000083,False
1781291530.1867, 0.008073,False
1781291530.1919, 0.006267,False
1781291530.1965, 0.003985,False
1781291530.2010, 0.002415,False
1781291530.2057, 0.000648,False
1781291530.4267, 0.008525,False
1781291530.4319, 0.006468,False
1781291530.4374, 0.004825,False
1781291530.4427, 0.002438,False
1781291530.4476, 0.000608,False
1781291530.4525, 0.008515,False
1781291530.4578, 0.006938,False
1781291530.4626, 0.004926,False
1781291530.6765, 0.003311,False
1781291530.6824, 0.001507,False
1781291530.6869, 0.009423,False
1781291530.6916, 0.007635,False
1781291530.6959, 0.005563,False
1781291530.7004, 0.003590,False
1781291530.7050, 0.001425,False
1781291530.7095, 0.009423,False
1781291530.9212, 0.007252,False
1781291530.9261, 0.006034,False
1781291530.9307, 0.004150,False
1781291530.9353, 0.002287,False
1781291530.9398, 0.000352,False
1781291530.9443, 0.008354,False
1781291530.9486, 0.006901,False
1781291530.9539, 0.004918,False
1781291530.9583, 0.002825,False
1781291531.1979, 0.001268,False
1781291531.2027, 0.009084,False
1781291531.2077, 0.007257,False
1781291531.2122, 0.001003,False
1781291531.2185, 0.003037,False
1781291531.2230, 0.001325,False
1781291531.2275, 0.009688,False
1781291531.2318, 0.007498,False
1781291531.4460, 0.005471,False
1781291531.5524, 0.003782,False
1781291531.5580, 0.001860,False
1781291531.5633, 0.000508,False
1781291531.5686, 0.008575,False
1781291531.5738, 0.006900,False
1781291531.5787, 0.000069,False
1781291531.5877, 0.003565,False
1781291531.7082, 0.001444,False
1781291531.7133, 0.009970,False
1781291531.7183, 0.008393,False
1781291531.7228, 0.006767,False
1781291531.7273, 0.004728,False
1781291531.7317, 0.003241,False
1781291531.7366, 0.001198,False
1781291531.7410, 0.009256,False
1781291531.9788, 0.007503,False
1781291531.9835, 0.005893,False
1781291531.9882, 0.003911,False
1781291531.9926, 0.001878,False
1781291531.9970, 0.009836,False
1781291532.0015, 0.008177,False
1781291532.0064, 0.006631,False
1781291532.0107, 0.004369,False
1781291532.2325, 0.002739,False
1781291532.2381, 0.000964,False
1781291532.2430, 0.009509,False
1781291532.2478, 0.008067,False
1781291532.2524, 0.006202,False
1781291532.2574, 0.004528,False
1781291532.2618, 0.002298,False
1781291532.2662, 0.000731,False
1781291532.4906, 0.008935,False
1781291532.4952, 0.006817,False
1781291532.5003, 0.004863,False
1781291532.5053, 0.002604,False
1781291532.5102, 0.000799,False
1781291532.5147, 0.008964,False
1781291532.5191, 0.006953,False
1781291532.5236, 0.004898,False
1781291532.7396, 0.002867,False
1781291532.7444, 0.001128,False
1781291532.7488, 0.005348,False
1781291532.7555, 0.007709,False
1781291532.7600, 0.006313,False
1781291532.7646, 0.004564,False
1781291532.7690, 0.002814,False
1781291532.7736, 0.000817,False
1781291533.0113, 0.008806,False
1781291533.0177, 0.006693,False
1781291533.0221, 0.000954,False
1781291533.0285, 0.000146,False
1781291533.0350, 0.000898,False
1781291533.0417, 0.008826,False
1781291533.0463, 0.006653,False
1781291533.0509, 0.005228,False
1781291533.0554, 0.003268,False
1781291533.2733, 0.001022,False
1781291533.2799, 0.008845,False
1781291533.2859, 0.007164,False
1781291533.2914, 0.005464,False
1781291533.2960, 0.004002,False
1781291533.3006, 0.002474,False
1781291533.3055, 0.000745,False
1781291533.3098, 0.008840,False
1781291533.5303, 0.007093,False
1781291533.5357, 0.005510,False
1781291533.5408, 0.003921,False
1781291533.5463, 0.001673,False
1781291533.5515, 0.009994,False
1781291533.5564, 0.008423,False
1781291533.5609, 0.006155,False
1781291533.5653, 0.004392,False
1781291533.7942, 0.002849,False
1781291533.7996, 0.001151,False
1781291533.8048, 0.009252,False
1781291533.8100, 0.007362,False
1781291533.8149, 0.005107,False
1781291533.8200, 0.003764,False
1781291533.8246, 0.001568,False
1781291533.8291, 0.009688,False
1781291534.0399, 0.007653,False
1781291534.0446, 0.005611,False
1781291534.0494, 0.004270,False
1781291534.0539, 0.002111,False
1781291534.0585, 0.000424,False
1781291534.0660, 0.008566,False
1781291534.0727, 0.006916,False
1781291534.0787, 0.005027,False
1781291534.0864, 0.002961,False
1781291534.0945, 0.001599,False
1781291534.1015, 0.000331,False
1781291534.1098, 0.008413,False
1781292316.7050, 0.006268,False
1781292316.7098, 0.004698,False
1781292316.7147, 0.002974,False
1781292316.7192, 0.001287,False
1781292316.7236, 0.004420,False
1781292316.7305, 0.007366,False
1781292316.7349, 0.005698,False
1781292316.8149, 0.004496,False
1781292316.8196, 0.003172,False
1781292316.8243, 0.001868,False
1781292316.8289, 0.000213,False
1781292316.8334, 0.008655,False
1781292316.8378, 0.000121,False
1781292316.8450, 0.005379,False
1781292316.8498, 0.004260,False
1781292316.8543, 0.002618,False
1781292317.0710, 0.001326,False
1781292317.0757, 0.009357,False
1781292317.0809, 0.007190,False
1781292317.0866, 0.005872,False
1781292317.0912, 0.004222,False
1781292317.0960, 0.002925,False
1781292317.1010, 0.001591,False
1781292317.1054, 0.009744,False
1781292317.3302, 0.007983,False
1781292317.3349, 0.006604,False
1781292317.3402, 0.005015,False
1781292317.3458, 0.003754,False
1781292317.3530, 0.001794,False
1781292317.3603, 0.000273,False
1781292317.3675, 0.008589,False
1781292317.3723, 0.006751,False
1781292317.5898, 0.005395,False
1781292317.5946, 0.004050,False
1781292317.5993, 0.002368,False
1781292317.6040, 0.000954,False
1781292317.6087, 0.009422,False
1781292317.6134, 0.007606,False
1781292317.6180, 0.006076,False
1781292317.6225, 0.004669,False
1781292317.8519, 0.003416,False
1781292317.8588, 0.002039,False
1781292317.8643, 0.000348,False
1781292317.8696, 0.008665,False
1781292317.8747, 0.007156,False
1781292317.8795, 0.005447,False
1781292317.8841, 0.004079,False
1781292317.8887, 0.002180,False
1781292318.1011, 0.000705,False
1781292318.1058, 0.009145,False
1781292318.1104, 0.007761,False
1781292318.1177, 0.006063,False
1781292318.2178, 0.004356,False
1781292318.2227, 0.002436,False
1781292318.2272, 0.000505,False
1781292318.2323, 0.008974,False
1781292318.3628, 0.007480,False
1781292318.3687, 0.000125,False
1781292318.3754, 0.003901,False
1781292318.3801, 0.002214,False
1781292318.3847, 0.000726,False
1781292318.3892, 0.009068,False
1781292318.3939, 0.006895,False
1781292318.3984, 0.005388,False
1781292318.4029, 0.003437,False
1781292318.5108, 0.002066,False
1781292318.6206, 0.000239,False
1781292318.6275, 0.008968,False
1781292318.6321, 0.007519,False
1781292318.6366, 0.005820,False
1781292318.6411, 0.003621,False
1781292318.6454, 0.002119,False
1781292318.6501, 0.000448,False
1781292318.8840, 0.008894,False
1781292318.8887, 0.007544,False
1781292318.8942, 0.006029,False
1781292318.9014, 0.004162,False
1781292318.9066, 0.002555,False
1781292318.9134, 0.000667,False
1781292318.9204, 0.008857,False
1781292318.9263, 0.006903,False
1781292319.1407, 0.005206,False
1781292319.1460, 0.003564,False
1781292319.1514, 0.001752,False
1781292319.1569, 0.009658,False
1781292319.1625, 0.007778,False
1781292319.1678, 0.006131,False
1781292319.1722, 0.004532,False
1781292319.1765, 0.002502,False
1781292319.3984, 0.001137,False
1781292319.4042, 0.009972,False
1781292319.4093, 0.002890,False
1781292319.4191, 0.006472,False
1781292319.4243, 0.004532,False
1781292319.4305, 0.002221,False
1781292319.4356, 0.000687,False
1781292319.4422, 0.009396,False
1781292319.6525, 0.007441,False
1781292319.6577, 0.005702,False
1781292319.6625, 0.004074,False
1781292319.6670, 0.002444,False
1781292319.6717, 0.000519,False
1781292319.6759, 0.000067,False
1781292319.6829, 0.007348,False
1781292319.6874, 0.005160,False
1781292319.8959, 0.003961,False
1781292319.9013, 0.002016,False
1781292319.9064, 0.000227,False
1781292319.9116, 0.008309,False
1781292319.9167, 0.007052,False
1781292319.9219, 0.005366,False
1781292319.9278, 0.003448,False
1781292319.9333, 0.001864,False
1781292320.1661, 0.009921,False
1781292320.1736, 0.008220,False
1781292320.1799, 0.007069,False
1781292320.1852, 0.005447,False
1781292320.1898, 0.003936,False
1781292320.1943, 0.002164,False
1781292320.1990, 0.000709,False
1781292320.2035, 0.008795,False
1781292320.2079, 0.007395,False
1781292320.4317, 0.005577,False
1781292320.4369, 0.004418,False
1781292320.4432, 0.002814,False
1781292320.4489, 0.001252,False
1781292320.4535, 0.009983,False
1781292320.4581, 0.008209,False
1781292320.4627, 0.006686,False
1781292320.4673, 0.005044,False
1781292320.7994, 0.003299,False
1781292320.8049, 0.001821,False
1781292320.8103, 0.000239,False
1781292320.8154, 0.009595,False
1781292320.8205, 0.006264,False
1781292320.8258, 0.004579,False
1781292320.8301, 0.002747,False
1781292320.8344, 0.000870,False
1781292320.9389, 0.008964,False
1781292320.9447, 0.006995,False
1781292320.9492, 0.004791,False
1781292320.9537, 0.003594,False
1781292320.9580, 0.002092,False
1781292320.9624, 0.010043,False
1781292320.9667, 0.008452,False
1781292320.9710, 0.006969,False
1781292321.2075, 0.005395,False
1781292321.2126, 0.000118,False
1781292321.2202, 0.001805,False
1781292321.2248, 0.000730,False
1781292321.2300, 0.008560,False
1781292321.2349, 0.006294,False
1781292321.2394, 0.004867,False
1781292321.2441, 0.002796,False
1781292321.4491, 0.001279,False
1781292321.4539, 0.009622,False
1781292321.4583, 0.007742,False
1781292321.4636, 0.006088,False
1781292321.4685, 0.004101,False
1781292321.4731, 0.002476,False
1781292321.4776, 0.000268,False
1781292321.4822, 0.008573,False
1781292321.7125, 0.001293,False
1781292321.7197, 0.005155,False
1781292321.7244, 0.003538,False
1781292321.7291, 0.001493,False
1781292321.7336, 0.009503,False
1781292321.7381, 0.007920,False
1781292321.7426, 0.006196,False
1781292321.7472, 0.004136,False
1781292321.7518, 0.002620,False
1781292321.9672, 0.000756,False
1781292321.9721, 0.008785,False
1781292321.9768, 0.006963,False
1781292321.9826, 0.004725,False
1781292321.9871, 0.003117,False
1781292321.9915, 0.001423,False
1781292321.9960, 0.009661,False
1781292322.2288, 0.007961,False
1781292322.2355, 0.006173,False
1781292322.2402, 0.004455,False
1781292322.2454, 0.002417,False
1781292322.2505, 0.000523,False
1781292322.2555, 0.008410,False
1781292322.2607, 0.006447,False
1781292322.2661, 0.004665,False
1781292322.2705, 0.002325,False
1781292322.4976, 0.000922,False
1781292322.5024, 0.008540,False
1781292322.5071, 0.006875,False
1781292322.5118, 0.004670,False
1781292322.5163, 0.003323,False
1781292322.5206, 0.000116,False
1781292322.5273, 0.009700,False
1781292322.5317, 0.007989,False
1781292322.7549, 0.006158,False
1781292322.7610, 0.004523,False
1781292322.7664, 0.002790,False
1781292322.7717, 0.000909,False
1781292322.7763, 0.008630,False
1781292322.7810, 0.006617,False
1781292322.7856, 0.004656,False
1781292322.7900, 0.002816,False
1781292323.0149, 0.001144,False
1781292323.0207, 0.009409,False
1781292323.0261, 0.007972,False
1781292323.0311, 0.006329,False
1781292323.0360, 0.004353,False
1781292323.0418, 0.002631,False
1781292323.0467, 0.000519,False
1781292323.0520, 0.009035,False
1781292323.2795, 0.007489,False
1781292323.2871, 0.004973,False
1781292323.2922, 0.003079,False
1781292323.2972, 0.001069,False
1781292323.3018, 0.009371,False
1781292323.3063, 0.007160,False
1781292323.3107, 0.000605,False
1781292323.3173, 0.004203,False
1781292323.5246, 0.002675,False
1781292323.5297, 0.000832,False
1781292323.5343, 0.008847,False
1781292323.5388, 0.007132,False
1781292323.5435, 0.005680,False
1781292323.5480, 0.003897,False
1781292323.5524, 0.002032,False
1781292323.5566, 0.000457,False
1781292323.7779, 0.008292,False
1781292323.7826, 0.006131,False
1781292323.7874, 0.004435,False
1781292323.7934, 0.002721,False
1781292323.7989, 0.001012,False
1781292323.8041, 0.009124,False
1781292323.8098, 0.007146,False
1781292323.8157, 0.005348,False
1781292324.0315, 0.003426,False
1781292324.0364, 0.001307,False
1781292324.0410, 0.000135,False
1781292324.0489, 0.008323,False
1781292324.0536, 0.006910,False
1781292324.0582, 0.005364,False
1781292324.0639, 0.003540,False
1781292324.0683, 0.001705,False
1781292324.3015, 0.009429,False
1781292324.3080, 0.007901,False
1781292324.3136, 0.006106,False
1781292324.3181, 0.004481,False
1781292324.3226, 0.002812,False
1781292324.3272, 0.001326,False
1781292324.3316, 0.009932,False
1781292324.3363, 0.007835,False
1781292324.5538, 0.005807,False
1781292324.5586, 0.004317,False
1781292324.5634, 0.002727,False
1781292324.5679, 0.001222,False
1781292324.5734, 0.009479,False
1781292324.5782, 0.007658,False
1781292324.5829, 0.005773,False
1781292324.5876, 0.004061,False
1781292324.5919, 0.002432,False
1781292324.8120, 0.000506,False
1781292324.8173, 0.008758,False
1781292324.8227, 0.007064,False
1781292324.8272, 0.005427,False
1781292324.8316, 0.003881,False
1781292324.8361, 0.001994,False
1781292324.8408, 0.000300,False
1781292324.8452, 0.009214,False
1781292325.0701, 0.007510,False
1781292325.0747, 0.005575,False
1781292325.0792, 0.003272,False
1781292325.0836, 0.001170,False
1781292325.0878, 0.004605,False
1781292325.0947, 0.007960,False
1781292325.0993, 0.005786,False
1781292325.1037, 0.003948,False
1781292325.3332, 0.002256,False
1781292325.3379, 0.000607,False
1781292325.3436, 0.008616,False
1781292325.3488, 0.006519,False
1781292325.3534, 0.004810,False
1781292325.3580, 0.002777,False
1781292325.3630, 0.000150,False
1781292325.3707, 0.008789,False
1781292325.5956, 0.007008,False
1781292325.6015, 0.005028,False
1781292325.6061, 0.003331,False
1781292325.6105, 0.001364,False
1781292325.6153, 0.009122,False
1781292325.6200, 0.007452,False
1781292325.6245, 0.005565,False
1781292325.6290, 0.004139,False
1781292325.8503, 0.002385,False
1781292325.8555, 0.000554,False
1781292325.8601, 0.008531,False
1781292325.8648, 0.006645,False
1781292325.8693, 0.004613,False
1781292325.8739, 0.002992,False
1781292325.8785, 0.000611,False
1781292325.8826, 0.009221,False
1781292326.1030, 0.007736,False
1781292326.1085, 0.005724,False
1781292326.1141, 0.004176,False
1781292326.1192, 0.002599,False
1781292326.1237, 0.001192,False
1781292326.1281, 0.009171,False
1781292326.1326, 0.007169,False
1781292326.1370, 0.005617,False
1781292326.3584, 0.003938,False
1781292326.3630, 0.002615,False
1781292326.3684, 0.001208,False
1781292326.3735, 0.009460,False
1781292326.3781, 0.007677,False
1781292326.3825, 0.006184,False
1781292326.3869, 0.004189,False
1781292326.3914, 0.002742,False
1781292326.3958, 0.001086,False
1781292326.6285, 0.009224,False
1781292326.6333, 0.007516,False
1781292326.6383, 0.005902,False
1781292326.6430, 0.004409,False
1781292326.6475, 0.002808,False
1781292326.6522, 0.000400,False
1781292326.6571, 0.008419,False
1781292326.6616, 0.006656,False
1781292326.8810, 0.004060,False
1781292326.8868, 0.002544,False
1781292326.8914, 0.000144,False
1781292326.8983, 0.008342,False
1781292326.9028, 0.006745,False
1781292326.9072, 0.004415,False
1781292326.9118, 0.002687,False
1781292326.9163, 0.000918,False
1781292327.1257, 0.008767,False
1781292327.1309, 0.006763,False
1781292327.1356, 0.004891,False
1781292327.1415, 0.002768,False
1781292327.1467, 0.000914,False
1781292327.1512, 0.009052,False
1781292327.1566, 0.007698,False
1781292327.1612, 0.006106,False
1781292327.3987, 0.004275,False
1781292327.4040, 0.002513,False
1781292327.4095, 0.000603,False
1781292327.4143, 0.009352,False
1781292327.4188, 0.007869,False
1781292327.4232, 0.006081,False
1781292327.4277, 0.004089,False
1781292327.4319, 0.002292,False
1781292327.6440, 0.010083,False
1781292327.6486, 0.008198,False
1781292327.6537, 0.006187,False
1781292327.6584, 0.004164,False
1781292327.6629, 0.002287,False
1781292327.6674, 0.000959,False
1781292327.6722, 0.009051,False
1781292327.6769, 0.007290,False
1781292327.9084, 0.006014,False
1781292327.9135, 0.003872,False
1781292327.9182, 0.002296,False
1781292327.9228, 0.000706,False
1781292327.9284, 0.009248,False
1781292327.9335, 0.007695,False
1781292327.9394, 0.006180,False
1781292327.9444, 0.004398,False
1781292328.1676, 0.002932,False
1781292328.1729, 0.001402,False
1781292328.1774, 0.009651,False
1781292328.1820, 0.007936,False
1781292328.1866, 0.005885,False
1781292328.1911, 0.003731,False
1781292328.1957, 0.002223,False
1781292328.1998, 0.000130,False
1781292328.4306, 0.008730,False
1781292328.4361, 0.007057,False
1781292328.4420, 0.005545,False
1781292328.4480, 0.003808,False
1781292328.4531, 0.001592,False
1781292328.4581, 0.009591,False
1781292328.4628, 0.007756,False
1781292328.4672, 0.006452,False
1781292328.6703, 0.004732,False
1781292328.6773, 0.002895,False
1781292328.6834, 0.001498,False
1781292328.6887, 0.010045,False
1781292328.6949, 0.008253,False
1781292328.7006, 0.007136,False
1781292328.7063, 0.005035,False
1781292328.7118, 0.003609,False
1781292328.9437, 0.001550,False
1781292328.9492, 0.004937,False
1781292328.9572, 0.008297,False
1781292328.9626, 0.006566,False
1781292328.9678, 0.004955,False
1781292328.9726, 0.003655,False
1781292328.9773, 0.002163,False
1781292328.9817, 0.000504,False
1781292328.9862, 0.008748,False
1781292329.2012, 0.002021,False
1781292329.2084, 0.005517,False
1781292329.2132, 0.004027,False
1781292329.2178, 0.002046,False
1781292329.2224, 0.000709,False
1781292329.2270, 0.008966,False
1781292329.2318, 0.007386,False
1781292329.2361, 0.005467,False
1781292329.4622, 0.003756,False
1781292329.4677, 0.002520,False
1781292329.4733, 0.000367,False
1781292329.4792, 0.008790,False
1781292329.4838, 0.006768,False
1781292329.4888, 0.004762,False
1781292329.4938, 0.002743,False
1781292329.4984, 0.000848,False
1781292329.7189, 0.009069,False
1781292329.7236, 0.007856,False
1781292329.7284, 0.005997,False
1781292329.7328, 0.000148,False
1781292329.7393, 0.002510,False
1781292329.7441, 0.000519,False
1781292329.7486, 0.008873,False
1781292329.7530, 0.007175,False
1781292329.9663, 0.005746,False
1781292329.9712, 0.003421,False
1781292329.9758, 0.001518,False
1781292329.9802, 0.009590,False
1781292329.9848, 0.007744,False
1781292329.9893, 0.006139,False
1781292329.9938, 0.004555,False
1781292329.9983, 0.002131,False
1781292330.2294, 0.010228,False
1781292330.2350, 0.008607,False
1781292330.2399, 0.006900,False
1781292330.2455, 0.005300,False
1781292330.2505, 0.003541,False
1781292330.2557, 0.001704,False
1781292330.2610, 0.000160,False
1781292330.2657, 0.008737,False
1781292330.4963, 0.006632,False
1781292330.5034, 0.005114,False
1781292330.5087, 0.003153,False
1781292330.5136, 0.001451,False
1781292330.5181, 0.009378,False
1781292330.5225, 0.007516,False
1781292330.5274, 0.005602,False
1781292330.5320, 0.003688,False
1781292330.5366, 0.001725,False
1781292330.7663, 0.009941,False
1781292330.7710, 0.008242,False
1781292330.7763, 0.006229,False
1781292330.7817, 0.004698,False
1781292330.7869, 0.002843,False
1781292330.7923, 0.001454,False
1781292330.7970, 0.004753,False
1781292330.8040, 0.008055,False
1781292331.0151, 0.005782,False
1781292331.0198, 0.004036,False
1781292331.0244, 0.002359,False
1781292331.0289, 0.000446,False
1781292331.0336, 0.008235,False
1781292331.0381, 0.007035,False
1781292331.0450, 0.005120,False
1781292331.0523, 0.000101,False
1781292331.2670, 0.001575,False
1781292331.2728, 0.009574,False
1781292331.2796, 0.007688,False
1781292331.2849, 0.005615,False
1781292331.2899, 0.004048,False
1781292331.2944, 0.002059,False
1781292331.2989, 0.000403,False
1781292331.3034, 0.008580,False
1781292331.5366, 0.006646,False
1781292331.5425, 0.004585,False
1781292331.5475, 0.002787,False
1781292331.5522, 0.000942,False
1781292331.5569, 0.009348,False
1781292331.5626, 0.007525,False
1781292331.5674, 0.005249,False
1781292331.5719, 0.003718,False
1781292331.7989, 0.002114,False
1781292331.8046, 0.000382,False
1781292331.8106, 0.008735,False
1781292331.8158, 0.006732,False
1781292331.8229, 0.004549,False
1781292331.8280, 0.002397,False
1781292331.8328, 0.000964,False
1781292331.8374, 0.008776,False
1781292332.0447, 0.007009,False
1781292332.0499, 0.005023,False
1781292332.0545, 0.003146,False
1781292332.0593, 0.001169,False
1781292332.0646, 0.009722,False
1781292332.0691, 0.007734,False
1781292332.0736, 0.005854,False
1781292332.0784, 0.003566,False
1781292332.0829, 0.001892,False
1781292332.2007, 0.009911,False
1781292332.3132, 0.008007,False
1781292332.3180, 0.006340,False
1781292332.3231, 0.004073,False
1781292332.3280, 0.002561,False
1781292332.3326, 0.000974,False
1781292332.3373, 0.008887,False
1781292332.3418, 0.007169,False
1781292332.5674, 0.005378,False
1781292332.5720, 0.003733,False
1781292332.5784, 0.001729,False
1781292332.5829, 0.000062,False
1781292332.5892, 0.002874,False
1781292332.5973, 0.006447,False
1781292332.6021, 0.004656,False
1781292332.6064, 0.003202,False
1781292332.8239, 0.001536,False
1781292332.8289, 0.009605,False
1781292332.8334, 0.007638,False
1781292332.8382, 0.005691,False
1781292332.8429, 0.004500,False
1781292332.8476, 0.002523,False
1781292332.8525, 0.000543,False
1781292332.8577, 0.008016,False
1781292333.0778, 0.006591,False
1781292333.0827, 0.004804,False
1781292333.0877, 0.002497,False
1781292333.0928, 0.001280,False
1781292333.0974, 0.009892,False
1781292333.1020, 0.007727,False
1781292333.1066, 0.005380,False
1781292333.1111, 0.003477,False
1781292333.3440, 0.001692,False
1781292333.3488, 0.010003,False
1781292333.3539, 0.008018,False
1781292333.3585, 0.005934,False
1781292333.4511, 0.004308,False
1781292333.4560, 0.002288,False
1781292333.4627, 0.000746,False
1781292333.4672, 0.009168,False
1781292333.5966, 0.007739,False
1781292333.6016, 0.005828,False
1781292333.6071, 0.003987,False
1781292333.6153, 0.002182,False
1781292333.6232, 0.010096,False
1781292333.6282, 0.008385,False
1781292333.6327, 0.007078,False
1781292333.6374, 0.005660,False
1781292333.8571, 0.004160,False
1781292333.8620, 0.002099,False
1781292333.8664, 0.000341,False
1781292333.8711, 0.008914,False
1781292333.8758, 0.006592,False
1781292333.8804, 0.004632,False
1781292333.8853, 0.002825,False
1781292333.8897, 0.000968,False
1781292333.8940, 0.000114,False
1781292334.1232, 0.007320,False
1781292334.1289, 0.004788,False
1781292334.1337, 0.003995,False
1781292334.1398, 0.002756,False
1781292334.1445, 0.000952,False
1781292334.1492, 0.009007,False
1781292334.1537, 0.006773,False
1781292334.3689, 0.005230,False
1781292334.3754, 0.003217,False
1781292334.3813, 0.001402,False
1781292334.3882, 0.004118,False
1781292334.3988, 0.007005,False
1781292334.4040, 0.005043,False
1781292334.4092, 0.003057,False
1781292334.4142, 0.001314,False
1781292334.6282, 0.009925,False
1781292334.6344, 0.008477,False
1781292334.6396, 0.006287,False
1781292334.6444, 0.004734,False
1781292334.6490, 0.003177,False
1781292334.6534, 0.001395,False
1781292334.6591, 0.009771,False
1781292334.6649, 0.008267,False
1781292334.6695, 0.006380,False
1781292334.8928, 0.004640,False
1781292334.8987, 0.002814,False
1781292334.9036, 0.001276,False
1781292334.9084, 0.009188,False
1781292334.9130, 0.007493,False
1781292334.9175, 0.005845,False
1781292334.9222, 0.003898,False
1781292334.9268, 0.002374,False
1781292335.1410, 0.000407,False
1781292335.1457, 0.008850,False
1781292335.1504, 0.006813,False
1781292335.1569, 0.004972,False
1781292335.1617, 0.002707,False
1781292335.1673, 0.001035,False
1781292335.1731, 0.009665,False
1781292335.1797, 0.007382,False
1781292335.4090, 0.005633,False
1781292335.4138, 0.004011,False
1781292335.4183, 0.002342,False
1781292335.4228, 0.000655,False
1781292335.4272, 0.000119,False
1781292335.4338, 0.006729,False
1781292335.4384, 0.005069,False
1781292335.4429, 0.003352,False
1781292335.6596, 0.001045,False
1781292335.6645, 0.009048,False
1781292335.6689, 0.007350,False
1781292335.6745, 0.005319,False
1781292335.6804, 0.003091,False
1781292335.6851, 0.001569,False
1781292335.6897, 0.000212,False
1781292335.6946, 0.008506,False
1781292335.9217, 0.007099,False
1781292335.9273, 0.005249,False
1781292335.9330, 0.003533,False
1781292335.9390, 0.001584,False
1781292335.9444, 0.009689,False
1781292335.9498, 0.007960,False
1781292335.9545, 0.006296,False
1781292335.9591, 0.003970,False
1781292336.1747, 0.002063,False
1781292336.1797, 0.005123,False
1781292336.1867, 0.008190,False
1781292336.1915, 0.006657,False
1781292336.1961, 0.005634,False
1781292336.2008, 0.003642,False
1781292336.2056, 0.001715,False
1781292336.2101, 0.009961,False
1781292336.4454, 0.008059,False
1781292336.4500, 0.001216,False
1781292336.4567, 0.004595,False
1781292336.5556, 0.002559,False
1781292336.5614, 0.000510,False
1781292336.5667, 0.008086,False
1781292336.5718, 0.006724,False
1781292336.5773, 0.005087,False
1781292336.5818, 0.003062,False
1781292336.6994, 0.001419,False
1781292336.7045, 0.009730,False
1781292336.7127, 0.007808,False
1781292336.7178, 0.005953,False
1781292336.7234, 0.004424,False
1781292336.7303, 0.002412,False
1781292336.7352, 0.000264,False
1781292336.9554, 0.009086,False
1781292336.9609, 0.000133,False
1781292336.9676, 0.005369,False
1781292336.9723, 0.003320,False
1781292336.9767, 0.001837,False
1781292336.9825, 0.000471,False
1781292336.9872, 0.009048,False
1781292336.9919, 0.007128,False
1781292336.9963, 0.005508,False
1781292337.2084, 0.003657,False
1781292337.2133, 0.001848,False
1781292337.2178, 0.000203,False
1781292337.2224, 0.008590,False
1781292337.2274, 0.007012,False
1781292337.2327, 0.005053,False
1781292337.2374, 0.003510,False
1781292337.2422, 0.001757,False
1781292337.4786, 0.009756,False
1781292337.5814, 0.007930,False
1781292337.5893, 0.005952,False
1781292337.5940, 0.004350,False
1781292337.5985, 0.002460,False
1781292337.6033, 0.000923,False
1781292337.6080, 0.009351,False
1781292337.6128, 0.007539,False
1781292337.7321, 0.006417,False
1781292337.7368, 0.004565,False
1781292337.7419, 0.002860,False
1781292337.7465, 0.001002,False
1781292337.7513, 0.009157,False
1781292337.7564, 0.007818,False
1781292337.7612, 0.006259,False
1781292337.7656, 0.004516,False
1781292337.9958, 0.002667,False
1781292338.0022, 0.001001,False
1781292338.0077, 0.009405,False
1781292338.0131, 0.007403,False
1781292338.0188, 0.002381,False
1781292338.0235, 0.000702,False
1781292338.0280, 0.008934,False
1781292338.0322, 0.002443,False
1781292338.2477, 0.005411,False
1781292338.2552, 0.003743,False
1781292338.2603, 0.001842,False
1781292338.2649, 0.000722,False
1781292338.2697, 0.009064,False
1781292338.2742, 0.000116,False
1781292338.2810, 0.005354,False
1781292338.2855, 0.003899,False
1781292338.5045, 0.008539,False
1781292338.5113, 0.006644,False
1781292338.5184, 0.004744,False
1781292338.5235, 0.003465,False
1781292338.5284, 0.001669,False
1781292338.5332, 0.009695,False
1781292338.5385, 0.008250,False
1781292338.5435, 0.006617,False
1781292338.7603, 0.004900,False
1781292338.7688, 0.003215,False
1781292338.7750, 0.001765,False
1781292338.7797, 0.000428,False
1781292338.7841, 0.008680,False
1781292338.7885, 0.006479,False
1781292338.7933, 0.004844,False
1781292338.7978, 0.003133,False
1781292338.8022, 0.001284,False
1781292339.0313, 0.009644,False
1781292339.0374, 0.007998,False
1781292339.0421, 0.006345,False
1781292339.0467, 0.004653,False
1781292339.0514, 0.002561,False
1781292339.0563, 0.000908,False
1781292339.0609, 0.008720,False
1781292339.0654, 0.007311,False
1781292339.2908, 0.005452,False
1781292339.2956, 0.003140,False
1781292339.3005, 0.001294,False
1781292339.3051, 0.010457,False
1781292339.3097, 0.008419,False
1781292339.3145, 0.006483,False
1781292339.3213, 0.004942,False
1781292339.3260, 0.003481,False
1781292339.5450, 0.001790,False
1781292339.5508, 0.000329,False
1781292339.5561, 0.008430,False
1781292339.5612, 0.006301,False
1781292339.5664, 0.004485,False
1781292339.5719, 0.003098,False
1781292339.5766, 0.001313,False
1781292339.5812, 0.009499,False
1781292339.8120, 0.008164,False
1781292339.8170, 0.000141,False
1781292339.8269, 0.004569,False
1781292339.8315, 0.003238,False
1781292339.8361, 0.001230,False
1781292339.8408, 0.004120,False
1781292339.8476, 0.007924,False
1781292339.8522, 0.006425,False
1781292340.0554, 0.004556,False
1781292340.0613, 0.002920,False
1781292340.0686, 0.000560,False
1781292340.0739, 0.008973,False
1781292340.0794, 0.006288,False
1781292340.0852, 0.004703,False
1781292340.0900, 0.003079,False
1781292340.0978, 0.001464,False
1781292340.1031, 0.000753,False
1781292340.3225, 0.009017,False
1781292340.3277, 0.006514,False
1781292340.3324, 0.004696,False
1781292340.3371, 0.003195,False
1781292340.3415, 0.001853,False
1781292340.3459, 0.000619,False
1781292340.3507, 0.008796,False
1781292340.3552, 0.007459,False
1781292340.5806, 0.006438,False
1781292340.5855, 0.005353,False
1781292340.5910, 0.003919,False
1781292340.5966, 0.002716,False
1781292340.6021, 0.006590,False
1781292340.6076, 0.004779,False
1781292340.6129, 0.003083,False
1781292340.6176, 0.001426,False
1781292340.7316, 0.009303,False
1781292340.7374, 0.007966,False
1781292340.7435, 0.006702,False
1781292340.7505, 0.004922,False
1781292340.7574, 0.003257,False
1781292340.7621, 0.001383,False
1781292340.7667, 0.009586,False
1781292340.8420, 0.007931,False
1781292341.1118, 0.006595,False
1781292341.1175, 0.004538,False
1781292341.1234, 0.002324,False
1781292341.1286, 0.006290,False
1781292341.1344, 0.004454,False
1781292341.1388, 0.000129,False
1781292341.1466, 0.000819,False
1781292341.1521, 0.009153,False
1781292341.3582, 0.007739,False
1781292341.3642, 0.005437,False
1781292341.3690, 0.003812,False
1781292341.3736, 0.002114,False
1781292341.3781, 0.000688,False
1781292341.3826, 0.008899,False
1781292341.3873, 0.007683,False
1781292341.3918, 0.005356,False
1781292341.6087, 0.003839,False
1781292341.7244, 0.002028,False
1781292341.7295, 0.000647,False
1781292341.7339, 0.003613,False
1781292341.7412, 0.007688,False
1781292341.7464, 0.005525,False
1781292341.7510, 0.003773,False
1781292341.7557, 0.002167,False
1781292341.8766, 0.000834,False
1781292341.8827, 0.008786,False
1781292341.8879, 0.006492,False
1781292341.8929, 0.004842,False
1781292341.8975, 0.002870,False
1781292341.9023, 0.000396,False
1781292341.9070, 0.008802,False
1781292341.9116, 0.007568,False
1781292342.1282, 0.005412,False
1781292342.1329, 0.003641,False
1781292342.1374, 0.002725,False
1781292342.1418, 0.000937,False
1781292342.1461, 0.008976,False
1781292342.1506, 0.007344,False
1781292342.1562, 0.006204,False
1781292342.1612, 0.004820,False
1781292342.1657, 0.003146,False
1781292342.3850, 0.001879,False
1781292342.3898, 0.000239,False
1781292342.3943, 0.008385,False
1781292342.3998, 0.006678,False
1781292342.4046, 0.004862,False
1781292342.4092, 0.003013,False
1781292342.4142, 0.001588,False
1781292342.4190, 0.000227,False
1781292342.6448, 0.007904,False
1781292342.6495, 0.000055,False
1781292342.6574, 0.004746,False
1781292342.6622, 0.002665,False
1781292342.6668, 0.000859,False
1781292342.6711, 0.009202,False
1781292342.6754, 0.007661,False
1781292342.6797, 0.006569,False
1781292342.9094, 0.004895,False
1781292342.9157, 0.003087,False
1781292342.9213, 0.001816,False
1781292342.9258, 0.000493,False
1781292342.9303, 0.009046,False
1781292342.9348, 0.007448,False
1781292342.9394, 0.005575,False
1781292342.9439, 0.004186,False
1781292343.1593, 0.001933,False
1781292343.1644, 0.000412,False
1781292343.1690, 0.008502,False
1781292343.1736, 0.006250,False
1781292343.1782, 0.004906,False
1781292343.1827, 0.003422,False
1781292343.1878, 0.001907,False
1781292343.1950, 0.000697,False
1781292343.4335, 0.008961,False
1781292343.4402, 0.007744,False
1781292343.4450, 0.006428,False
1781292343.4497, 0.004614,False
1781292343.4544, 0.003350,False
1781292343.4590, 0.001783,False
1781292343.4637, 0.000639,False
1781292343.4682, 0.008954,False
1781292343.4725, 0.007290,False
1781292343.6072, 0.005339,False
1781292343.6125, 0.003805,False
1781292343.6191, 0.001991,False
1781292343.6253, 0.000823,False
1781292343.6322, 0.008752,False
1781292343.6387, 0.007542,False
1781292343.6455, 0.005561,False
1781292343.6510, 0.003593,False
1781292343.6573, 0.001463,False
1781292375.5083, 0.395796,True
1781292386.9409, 0.386992,True
1781292621.1508, 0.007931,False
1781292621.1557, 0.005823,False
1781292621.1606, 0.004488,False
1781292621.1652, 0.002382,False
1781292621.1697, 0.000181,False
1781292621.1744, 0.008259,False
1781292621.1810, 0.006466,False
1781292621.1864, 0.004224,False
1781292621.2576, 0.002355,False
1781292621.2625, 0.000875,False
1781292621.2671, 0.009207,False
1781292621.2716, 0.000138,False
1781292621.2781, 0.005359,False
1781292621.2826, 0.003458,False
1781292621.2869, 0.001602,False
1781292621.2912, 0.009367,False
1781292621.5146, 0.007807,False
1781292621.5201, 0.005931,False
1781292621.5266, 0.004131,False
1781292621.5321, 0.002464,False
1781292621.5365, 0.000647,False
1781292621.5410, 0.008866,False
1781292621.5458, 0.007093,False
1781292621.5512, 0.005293,False
1781292621.7757, 0.003668,False
1781292621.7804, 0.001391,False
1781292621.7849, 0.009824,False
1781292621.7895, 0.008059,False
1781292621.7939, 0.005973,False
1781292621.7983, 0.003681,False
1781292621.8032, 0.002148,False
1781292621.8084, 0.009929,False
1781292622.0265, 0.008508,False
1781292622.0333, 0.006661,False
1781292622.0378, 0.004935,False
1781292622.0423, 0.002913,False
1781292622.0469, 0.001135,False
1781292622.0514, 0.009453,False
1781292622.0558, 0.002669,False
1781292622.0623, 0.005555,False
1781292622.2745, 0.003655,False
1781292622.2796, 0.001582,False
1781292622.2844, 0.010028,False
1781292622.2907, 0.008253,False
1781292622.2968, 0.006236,False
1781292622.3019, 0.004102,False
1781292622.3085, 0.002269,False
1781292622.3142, 0.000801,False
1781292622.5493, 0.008543,False
1781292622.5544, 0.006308,False
1781292622.5597, 0.004649,False
1781292622.5650, 0.002733,False
1781292622.5695, 0.000897,False
1781292622.5741, 0.009080,False
1781292622.5788, 0.007141,False
1781292622.5835, 0.005186,False
1781292622.5879, 0.000129,False
1781292622.7951, 0.001226,False
1781292622.8006, 0.009430,False
1781292622.8060, 0.007770,False
1781292622.8128, 0.005597,False
1781292622.8175, 0.003821,False
1781292622.8226, 0.001917,False
1781292622.8278, 0.009607,False
1781292623.0598, 0.007657,False
1781292623.0647, 0.005997,False
1781292623.0692, 0.004413,False
1781292623.0739, 0.002560,False
1781292623.0783, 0.001145,False
1781292623.0828, 0.008832,False
1781292623.0873, 0.007005,False
1781292623.0919, 0.004894,False
1781292623.0962, 0.002879,False
1781292623.3143, 0.000816,False
1781292623.3204, 0.009505,False
1781292623.3250, 0.007814,False
1781292623.3298, 0.005678,False
1781292623.3344, 0.004526,False
1781292623.3389, 0.002583,False
1781292623.3437, 0.001255,False
1781292623.3483, 0.008929,False
1781292623.5798, 0.007169,False
1781292623.5847, 0.004904,False
1781292623.5907, 0.002689,False
1781292623.5962, 0.001020,False
1781292623.6008, 0.004071,False
1781292623.6075, 0.007476,False
1781292623.6121, 0.005909,False
1781292623.6164, 0.004286,False
1781292623.8152, 0.002124,False
1781292623.8198, 0.000243,False
1781292623.8241, 0.008630,False
1781292623.8287, 0.006756,False
1781292623.8339, 0.005038,False
1781292623.8385, 0.003070,False
1781292623.8437, 0.001731,False
1781292623.8488, 0.010087,False
1781292624.0954, 0.008556,False
1781292624.1003, 0.006390,False
1781292624.1050, 0.004667,False
1781292624.1094, 0.003154,False
1781292624.1135, 0.000192,False
1781292624.1202, 0.010080,False
1781292624.1245, 0.008328,False
1781292624.1290, 0.006466,False
1781292624.3527, 0.004698,False
1781292624.3574, 0.002889,False
1781292624.3623, 0.001118,False
1781292624.3667, 0.009263,False
1781292624.3711, 0.007221,False
1781292624.3756, 0.005454,False
1781292624.3804, 0.004110,False
1781292624.3849, 0.002657,False
1781292624.6060, 0.000833,False
1781292624.6105, 0.009424,False
1781292624.7155, 0.007432,False
1781292624.7217, 0.005769,False
1781292624.7271, 0.003832,False
1781292624.7326, 0.001938,False
1781292624.7377, 0.009679,False
1781292624.7432, 0.008234,False
1781292624.8676, 0.006185,False
1781292624.8724, 0.005013,False
1781292624.8772, 0.003240,False
1781292624.8818, 0.002022,False
1781292624.8863, 0.000222,False
1781292624.8907, 0.008237,False
1781292624.8955, 0.006370,False
1781292624.8999, 0.004475,False
1781292625.1227, 0.002929,False
1781292625.1276, 0.001482,False
1781292625.1323, 0.000303,False
1781292625.1368, 0.009008,False
1781292625.1412, 0.007518,False
1781292625.1457, 0.005589,False
1781292625.1503, 0.003968,False
1781292625.1548, 0.002326,False
1781292625.1593, 0.000522,False
1781292625.3653, 0.008882,False
1781292625.3711, 0.007276,False
1781292625.3762, 0.005215,False
1781292625.3834, 0.003583,False
1781292625.3900, 0.001662,False
1781292625.3968, 0.009891,False
1781292625.4021, 0.008466,False
1781292625.4071, 0.006303,False
1781292625.6362, 0.000112,False
1781292625.6430, 0.003488,False
1781292625.6476, 0.001478,False
1781292625.6527, 0.010017,False
1781292625.6574, 0.008750,False
1781292625.6626, 0.006904,False
1781292625.6672, 0.005052,False
1781292625.6716, 0.003166,False
1781292625.8849, 0.001609,False
1781292625.8894, 0.009669,False
1781292625.8937, 0.003162,False
1781292625.9002, 0.006290,False
1781292625.9045, 0.004685,False
1781292625.9092, 0.002859,False
1781292625.9139, 0.001309,False
1781292625.9187, 0.009759,False
1781292626.1519, 0.007878,False
1781292626.1592, 0.006460,False
1781292626.1644, 0.004415,False
1781292626.1689, 0.002962,False
1781292626.1734, 0.001637,False
1781292626.1786, 0.010024,False
1781292626.1843, 0.008533,False
1781292626.1889, 0.006779,False
1781292626.4034, 0.005305,False
1781292626.4089, 0.003450,False
1781292626.4144, 0.001608,False
1781292626.4197, 0.009806,False
1781292626.4250, 0.008219,False
1781292626.4296, 0.006593,False
1781292626.4340, 0.004632,False
1781292626.4384, 0.003064,False
1781292626.6684, 0.001294,False
1781292626.6751, 0.009799,False
1781292626.6808, 0.008346,False
1781292626.7840, 0.006250,False
1781292626.7888, 0.004243,False
1781292626.7941, 0.002159,False
1781292626.7987, 0.000543,False
1781292626.8033, 0.008560,False
1781292626.9169, 0.007137,False
1781292626.9233, 0.005201,False
1781292626.9296, 0.003334,False
1781292626.9355, 0.001512,False
1781292626.9414, 0.009165,False
1781292626.9461, 0.000165,False
1781292626.9533, 0.006147,False
1781292626.9579, 0.003829,False
1781292626.9631, 0.001816,False
1781292627.1877, 0.009839,False
1781292627.1931, 0.008412,False
1781292627.1984, 0.006801,False
1781292627.2038, 0.005410,False
1781292627.2092, 0.003634,False
1781292627.2138, 0.002236,False
1781292627.2184, 0.000502,False
1781292627.2228, 0.009113,False
1781292627.4502, 0.007343,False
1781292627.4550, 0.005805,False
1781292627.4597, 0.004385,False
1781292627.4642, 0.002483,False
1781292627.4689, 0.000862,False
1781292627.4734, 0.008935,False
1781292627.4780, 0.007061,False
1781292627.4822, 0.005472,False
1781292627.7061, 0.003287,False
1781292627.7115, 0.001310,False
1781292627.7168, 0.009452,False
1781292627.7215, 0.008175,False
1781292627.7260, 0.006277,False
1781292627.7311, 0.004547,False
1781292627.7361, 0.002087,False
1781292627.7407, 0.000464,False
1781292627.9530, 0.003842,False
1781292627.9600, 0.007304,False
1781292627.9648, 0.005311,False
1781292627.9693, 0.003341,False
1781292627.9738, 0.001282,False
1781292627.9784, 0.009020,False
1781292627.9827, 0.007255,False
1781292627.9871, 0.005743,False
1781292628.2234, 0.004229,False
1781292628.2291, 0.002146,False
1781292628.2343, 0.010070,False
1781292628.2396, 0.008422,False
1781292628.2448, 0.006576,False
1781292628.2500, 0.005056,False
1781292628.2554, 0.003233,False
1781292628.2599, 0.001267,False
1781292628.4784, 0.009527,False
1781292628.4863, 0.000102,False
1781292628.4933, 0.005966,False
1781292628.4979, 0.004215,False
1781292628.5024, 0.002161,False
1781292628.5070, 0.000244,False
1781292628.5121, 0.008366,False
1781292628.5174, 0.006385,False
1781292628.7382, 0.004219,False
1781292628.7458, 0.002149,False
1781292628.7510, 0.010239,False
1781292628.7555, 0.008550,False
1781292628.7598, 0.006385,False
1781292628.7644, 0.005112,False
1781292628.7690, 0.003200,False
1781292628.7735, 0.001856,False
1781292628.9906, 0.009798,False
1781292628.9953, 0.007837,False
1781292628.9998, 0.005642,False
1781292629.0043, 0.003894,False
1781292629.0090, 0.002333,False
1781292629.0137, 0.000431,False
1781292629.0181, 0.009590,False
1781292629.0229, 0.007029,False
1781292629.0274, 0.005598,False
1781292629.2596, 0.003501,False
1781292629.2643, 0.001910,False
1781292629.2688, 0.009853,False
1781292629.2732, 0.007996,False
1781292629.2775, 0.006400,False
1781292629.2819, 0.004908,False
1781292629.2864, 0.002766,False
1781292629.2908, 0.000927,False
1781292629.5081, 0.009360,False
1781292629.5153, 0.007461,False
1781292629.5207, 0.005475,False
1781292629.5254, 0.003752,False
1781292629.5298, 0.001520,False
1781292629.5350, 0.009676,False
1781292629.5394, 0.002768,False
1781292629.5467, 0.006141,False
1781292629.7766, 0.004050,False
1781292629.7815, 0.002315,False
1781292629.7874, 0.000483,False
1781292629.7921, 0.008546,False
1781292629.7970, 0.006824,False
1781292629.8014, 0.000148,False
1781292629.8079, 0.003641,False
1781292629.8136, 0.001845,False
1781292630.0290, 0.000237,False
1781292630.0345, 0.007906,False
1781292630.0399, 0.005827,False
1781292630.0452, 0.004155,False
1781292630.0505, 0.002420,False
1781292630.0555, 0.000222,False
1781292630.0608, 0.007970,False
1781292630.0652, 0.005806,False
1781292630.2867, 0.003947,False
1781292630.3985, 0.002485,False
1781292630.4039, 0.000838,False
1781292630.4097, 0.009956,False
1781292630.4146, 0.006861,False
1781292630.4191, 0.005243,False
1781292630.4237, 0.003769,False
1781292630.4280, 0.001742,False
1781292630.5461, 0.000244,False
1781292630.5512, 0.008370,False
1781292630.5557, 0.006225,False
1781292630.5602, 0.004362,False
1781292630.5646, 0.002421,False
1781292630.5697, 0.000937,False
1781292630.5741, 0.008821,False
1781292630.5784, 0.007259,False
1781292630.8101, 0.005822,False
1781292630.8150, 0.004317,False
1781292630.8197, 0.002735,False
1781292630.8244, 0.000938,False
1781292630.8297, 0.009475,False
1781292630.8342, 0.007765,False
1781292630.8387, 0.005947,False
1781292630.8434, 0.004021,False
1781292630.8479, 0.002450,False
1781292631.0565, 0.000643,False
1781292631.0612, 0.008670,False
1781292631.0657, 0.007051,False
1781292631.0707, 0.004812,False
1781292631.0755, 0.002966,False
1781292631.0799, 0.001335,False
1781292631.0847, 0.009360,False
1781292631.2106, 0.007467,False
1781292631.2157, 0.005498,False
1781292631.2202, 0.000128,False
1781292631.2269, 0.002396,False
1781292631.2314, 0.000467,False
1781292631.2356, 0.003469,False
1781292631.3280, 0.006747,False
1781292631.3341, 0.004882,False
1781292631.3396, 0.003125,False
1781292631.5886, 0.001195,False
1781292631.5935, 0.009336,False
1781292631.5983, 0.007552,False
1781292631.6030, 0.005835,False
1781292631.6074, 0.003996,False
1781292631.6120, 0.002678,False
1781292631.6170, 0.000837,False
1781292631.6218, 0.008586,False
1781292631.8447, 0.006437,False
1781292631.8494, 0.005066,False
1781292631.8539, 0.003085,False
1781292631.8587, 0.001145,False
1781292631.8650, 0.009892,False
1781292631.8696, 0.008213,False
1781292631.8740, 0.006545,False
1781292631.8790, 0.004637,False
1781292632.0943, 0.002665,False
1781292632.0990, 0.000647,False
1781292632.1035, 0.008849,False
1781292632.1080, 0.006981,False
1781292632.1127, 0.004947,False
1781292632.1175, 0.003386,False
1781292632.1221, 0.001411,False
1781292632.1264, 0.009391,False
1781292632.3511, 0.007857,False
1781292632.3557, 0.006376,False
1781292632.3603, 0.004249,False
1781292632.3648, 0.002839,False
1781292632.3693, 0.000846,False
1781292632.3738, 0.009022,False
1781292632.3797, 0.007101,False
1781292632.3843, 0.005698,False
1781292632.6023, 0.003733,False
1781292632.6087, 0.001947,False
1781292632.6149, 0.000226,False
1781292632.6195, 0.008665,False
1781292632.6239, 0.006982,False
1781292632.6282, 0.005362,False
1781292632.6327, 0.000122,False
1781292632.6398, 0.001804,False
1781292632.8631, 0.000219,False
1781292632.8680, 0.008117,False
1781292632.8726, 0.006345,False
1781292632.8777, 0.004979,False
1781292632.8826, 0.003272,False
1781292632.8875, 0.001849,False
1781292632.8922, 0.000363,False
1781292632.8974, 0.008922,False
1781292633.1131, 0.006995,False
1781292633.1178, 0.005392,False
1781292633.1226, 0.003051,False
1781292633.1270, 0.001310,False
1781292633.1315, 0.009744,False
1781292633.1359, 0.007498,False
1781292633.1406, 0.005934,False
1781292633.1449, 0.003732,False
1781292633.3690, 0.001973,False
1781292633.3751, 0.000391,False
1781292633.3794, 0.008397,False
1781292633.3836, 0.001896,False
1781292633.3903, 0.005454,False
1781292633.3949, 0.003553,False
1781292633.3998, 0.001904,False
1781292633.4041, 0.000224,False
1781292633.6184, 0.008243,False
1781292633.6241, 0.005925,False
1781292633.6299, 0.004639,False
1781292633.6353, 0.002779,False
1781292633.6420, 0.001146,False
1781292633.6470, 0.009243,False
1781292633.6517, 0.007303,False
1781292633.6562, 0.005640,False
1781292633.8849, 0.003914,False
1781292633.8904, 0.001848,False
1781292633.8954, 0.009942,False
1781292633.9001, 0.008065,False
1781292633.9045, 0.005753,False
1781292633.9096, 0.003405,False
1781292633.9142, 0.001439,False
1781292633.9185, 0.009677,False
1781292634.1270, 0.007773,False
1781292634.1318, 0.005797,False
1781292634.1366, 0.004163,False
1781292634.1408, 0.000097,False
1781292634.1472, 0.000552,False
1781292634.1518, 0.008662,False
1781292634.1563, 0.006590,False
1781292634.1605, 0.004895,False
1781292634.3788, 0.002783,False
1781292634.3848, 0.001305,False
1781292634.3910, 0.009618,False
1781292634.3973, 0.007807,False
1781292634.4026, 0.006099,False
1781292634.4085, 0.004123,False
1781292634.4145, 0.002817,False
1781292634.4195, 0.000814,False
1781292634.5274, 0.009073,False
1781292634.5328, 0.006942,False
1781292634.5376, 0.005574,False
1781292634.5419, 0.003339,False
1781292634.6353, 0.001618,False
1781292634.6401, 0.000190,False
1781292634.6447, 0.008379,False
1781292634.6491, 0.006402,False
1781292634.8991, 0.004703,False
1781292634.9037, 0.002869,False
1781292634.9111, 0.001128,False
1781292634.9157, 0.009727,False
1781292634.9206, 0.007461,False
1781292634.9254, 0.005671,False
1781292634.9302, 0.004359,False
1781292634.9346, 0.002460,False
1781292635.1541, 0.000598,False
1781292635.1589, 0.009112,False
1781292635.1636, 0.001757,False
1781292635.1720, 0.005235,False
1781292635.1777, 0.003163,False
1781292635.1823, 0.001599,False
1781292635.1879, 0.009642,False
1781292635.1932, 0.008003,False
1781292635.4131, 0.005884,False
1781292635.4191, 0.003639,False
1781292635.4235, 0.001742,False
1781292635.4279, 0.000244,False
1781292635.4324, 0.008285,False
1781292635.4368, 0.006508,False
1781292635.4422, 0.004472,False
1781292635.4468, 0.002883,False
1781292635.4510, 0.000137,False
1781292635.6703, 0.009325,False
1781292635.6749, 0.007497,False
1781292635.6795, 0.006167,False
1781292635.6840, 0.004235,False
1781292635.6885, 0.002764,False
1781292635.6932, 0.001005,False
1781292635.6977, 0.009012,False
1781292635.8685, 0.007085,False
1781292635.8769, 0.004648,False
1781292635.8859, 0.003301,False
1781292635.8940, 0.001953,False
1781292635.9003, 0.009748,False
1781292635.9066, 0.008239,False
1781292635.9133, 0.006718,False
1781292635.9184, 0.004969,False
1781292635.9232, 0.002789,False
1781292635.9284, 0.000941,False
1781292676.7229, 0.005865,False
1781292676.7284, 0.004100,False
1781292676.7335, 0.002388,False
1781292676.7380, 0.000388,False
1781292676.7431, 0.008492,False
1781292676.7475, 0.006298,False
1781292676.7519, 0.004350,False
1781292676.7563, 0.002602,False
1781292676.7608, 0.000304,False
1781292676.7652, 0.008176,False
1781292676.7697, 0.006059,False
1781292676.7741, 0.004202,False
1781292676.7786, 0.002486,False
1781292676.7830, 0.000415,False
1781292676.7874, 0.008900,False
1781292676.7917, 0.007563,False
1781292676.9965, 0.005662,False
1781292677.0021, 0.004178,False
1781292677.0070, 0.001988,False
1781292677.0128, 0.000714,False
1781292677.0181, 0.009015,False
1781292677.0233, 0.007456,False
1781292677.0285, 0.005668,False
1781292677.0329, 0.003859,False
1781292677.0370, 0.000117,False
1781292677.2411, 0.000812,False
1781292677.2468, 0.009515,False
1781292677.2523, 0.007984,False
1781292677.2568, 0.006428,False
1781292677.2615, 0.004827,False
1781292677.2659, 0.003534,False
1781292677.2706, 0.001649,False
1781292677.2750, 0.000394,False
1781292677.5103, 0.008694,False
1781292677.5165, 0.006580,False
1781292677.5217, 0.004809,False
1781292677.5268, 0.003249,False
1781292677.5318, 0.001260,False
1781292677.5364, 0.009418,False
1781292677.5408, 0.007990,False
1781292677.5453, 0.006295,False
1781292677.7582, 0.004318,False
1781292677.7633, 0.002571,False
1781292677.7681, 0.000947,False
1781292677.7756, 0.008785,False
1781292677.7804, 0.007030,False
1781292677.7853, 0.005154,False
1781292677.7900, 0.003066,False
1781292677.7948, 0.001407,False
1781292678.0299, 0.009654,False
1781292678.0359, 0.006931,False
1781292678.0424, 0.006362,False
1781292678.0469, 0.004577,False
1781292678.0512, 0.002437,False
1781292678.0557, 0.000707,False
1781292678.0605, 0.009035,False
1781292678.0650, 0.007000,False
1781292678.2725, 0.005500,False
1781292678.2778, 0.002712,False
1781292678.2848, 0.001519,False
1781292678.2894, 0.009517,False
1781292678.2938, 0.007791,False
1781292678.2985, 0.005996,False
1781292678.3032, 0.004199,False
1781292678.3079, 0.002522,False
1781292678.5375, 0.000775,False
1781292678.5424, 0.008598,False
1781292678.5475, 0.006824,False
1781292678.5526, 0.004559,False
1781292678.5570, 0.000136,False
1781292678.5640, 0.001162,False
1781292678.5688, 0.009515,False
1781292678.5735, 0.007937,False
1781292678.5780, 0.006122,False
1781292678.7999, 0.004630,False
1781292678.8056, 0.002803,False
1781292678.8103, 0.000992,False
1781292678.8149, 0.008942,False
1781292678.8196, 0.007219,False
1781292678.8244, 0.005011,False
1781292678.8290, 0.003457,False
1781292678.8335, 0.001636,False
1781292679.0599, 0.010062,False
1781292679.0653, 0.008398,False
1781292679.0712, 0.006534,False
1781292679.0767, 0.003742,False
1781292679.0816, 0.002731,False
1781292679.0861, 0.000794,False
1781292679.0905, 0.009311,False
1781292679.0950, 0.006805,False
1781292679.3051, 0.004744,False
1781292679.3102, 0.002581,False
1781292679.3151, 0.000643,False
1781292679.3200, 0.009302,False
1781292679.3246, 0.007146,False
1781292679.3294, 0.005249,False
1781292679.3342, 0.003162,False
1781292679.3389, 0.001327,False
1781292679.5609, 0.009252,False
1781292679.5666, 0.007754,False
1781292679.5723, 0.006099,False
1781292679.5777, 0.004387,False
1781292679.5834, 0.002646,False
1781292679.5889, 0.001038,False
1781292679.5943, 0.009289,False
1781292679.5990, 0.006784,False
1781292679.8157, 0.006304,False
1781292679.8212, 0.004761,False
1781292679.8265, 0.003338,False
1781292679.8309, 0.001385,False
1781292679.9289, 0.009900,False
1781292679.9341, 0.007962,False
1781292679.9387, 0.005930,False
1781292679.9432, 0.002954,False
1781292680.0753, 0.000112,False
1781292680.0854, 0.000750,False
1781292680.0906, 0.009322,False
1781292680.0956, 0.007332,False
1781292680.1000, 0.005269,False
1781292680.1044, 0.003383,False
1781292680.1089, 0.001151,False
1781292680.1135, 0.009391,False
1781292680.3421, 0.007629,False
1781292680.3476, 0.005372,False
1781292680.3528, 0.003500,False
1781292680.3579, 0.001921,False
1781292680.3629, 0.009995,False
1781292680.3680, 0.008235,False
1781292680.3728, 0.006135,False
1781292680.3773, 0.004043,False
1781292680.5957, 0.002010,False
1781292680.6006, 0.009678,False
1781292680.6054, 0.007800,False
1781292680.6100, 0.005776,False
1781292680.6144, 0.004007,False
1781292680.6190, 0.002201,False
1781292680.6236, 0.000244,False
1781292680.6283, 0.008326,False
1781292680.8457, 0.006744,False
1781292680.8508, 0.005240,False
1781292680.8564, 0.003597,False
1781292680.8623, 0.001780,False
1781292680.8685, 0.010082,False
1781292680.8739, 0.007847,False
1781292680.8810, 0.005532,False
1781292680.8861, 0.003622,False
1781292681.1112, 0.001650,False
1781292681.1165, 0.009889,False
1781292681.1223, 0.008133,False
1781292681.1280, 0.006083,False
1781292681.1326, 0.004516,False
1781292681.1374, 0.002500,False
1781292681.1422, 0.000352,False
1781292681.1467, 0.008490,False
1781292681.3759, 0.006753,False
1781292681.3807, 0.004777,False
1781292681.3855, 0.003148,False
1781292681.3901, 0.001131,False
1781292681.3949, 0.009322,False
1781292681.4001, 0.000057,False
1781292681.4070, 0.004548,False
1781292681.4139, 0.003299,False
1781292681.4183, 0.001477,False
1781292681.6298, 0.009891,False
1781292681.6352, 0.008307,False
1781292681.6406, 0.006475,False
1781292681.6473, 0.004685,False
1781292681.6527, 0.002235,False
1781292681.6576, 0.000645,False
1781292681.6621, 0.008639,False
1781292681.6667, 0.006560,False
1781292681.8841, 0.004828,False
1781292681.8895, 0.003110,False
1781292681.8947, 0.001428,False
1781292681.8997, 0.009493,False
1781292681.9048, 0.007708,False
1781292681.9097, 0.005968,False
1781292681.9143, 0.004165,False
1781292681.9187, 0.002690,False
1781292682.1240, 0.000450,False
1781292682.1307, 0.008225,False
1781292682.1361, 0.006387,False
1781292682.1421, 0.004859,False
1781292682.1473, 0.003056,False
1781292682.1521, 0.001260,False
1781292682.1569, 0.009865,False
1781292682.3905, 0.007729,False
1781292682.3971, 0.005826,False
1781292682.4025, 0.003989,False
1781292682.4079, 0.002138,False
1781292682.4126, 0.000162,False
1781292682.4178, 0.008787,False
1781292682.4229, 0.006878,False
1781292682.4282, 0.004809,False
1781292682.4331, 0.002769,False
1781292682.6485, 0.001471,False
1781292682.6539, 0.009694,False
1781292682.6590, 0.007775,False
1781292682.6635, 0.006361,False
1781292682.6680, 0.004425,False
1781292682.6732, 0.002404,False
1781292682.6777, 0.000662,False
1781292682.9000, 0.008074,False
1781292682.9057, 0.006487,False
1781292682.9113, 0.000081,False
1781292682.9182, 0.002973,False
1781292682.9228, 0.001497,False
1781292682.9273, 0.008408,False
1781292682.9339, 0.007511,False
1781292682.9383, 0.005489,False
1781292682.9431, 0.003669,False
1781292683.1526, 0.001677,False
1781292683.1582, 0.009862,False
1781292683.2611, 0.007963,False
1781292683.2664, 0.006471,False
1781292683.2711, 0.003997,False
1781292683.2784, 0.003334,False
1781292683.2830, 0.001608,False
1781292683.4019, 0.009527,False
1781292683.4067, 0.007688,False
1781292683.4113, 0.005873,False
1781292683.4162, 0.003962,False
1781292683.4209, 0.002421,False
1781292683.4269, 0.000675,False
1781292683.4332, 0.008901,False
1781292683.4383, 0.006683,False
1781292683.6622, 0.005196,False
1781292683.6671, 0.003149,False
1781292683.6718, 0.001474,False
1781292683.6768, 0.009893,False
1781292683.6814, 0.007944,False
1781292683.6858, 0.005876,False
1781292683.6903, 0.004108,False
1781292683.6947, 0.001954,False
1781292683.9209, 0.009934,False
1781292683.9259, 0.008290,False
1781292683.9314, 0.007025,False
1781292683.9358, 0.005612,False
1781292683.9402, 0.003790,False
1781292683.9447, 0.002488,False
1781292683.9490, 0.000523,False
1781292684.0300, 0.008861,False
1781292684.0355, 0.006881,False
1781292684.1653, 0.004578,False
1781292684.1700, 0.002657,False
1781292684.1762, 0.000671,False
1781292684.1822, 0.008620,False
1781292684.1868, 0.006542,False
1781292684.1913, 0.004572,False
1781292684.1959, 0.000127,False
1781292684.2028, 0.001034,False
1781292684.4273, 0.008887,False
1781292684.4324, 0.007513,False
1781292684.4371, 0.005321,False
1781292684.4415, 0.004462,False
1781292684.4461, 0.003000,False
1781292684.4508, 0.000979,False
1781292684.4556, 0.009039,False
1781292684.6780, 0.007639,False
1781292684.6828, 0.005972,False
1781292684.6879, 0.004502,False
1781292684.6927, 0.002730,False
1781292684.6973, 0.000912,False
1781292684.7018, 0.009069,False
1781292684.7063, 0.007099,False
1781292684.7110, 0.005690,False
1781292684.7154, 0.003747,False
1781292684.9373, 0.002188,False
1781292684.9455, 0.000199,False
1781292684.9508, 0.008277,False
1781292685.0425, 0.005406,False
1781292685.0499, 0.005200,False
1781292685.0552, 0.002878,False
1781292685.0598, 0.001050,False
1781292685.1856, 0.008875,False
1781292685.1925, 0.007129,False
1781292685.1980, 0.005243,False
1781292685.2036, 0.003537,False
1781292685.2092, 0.000551,False
1781292685.2160, 0.009797,False
1781292685.2205, 0.007896,False
1781292685.2260, 0.006024,False
1781292685.2339, 0.004417,False
1781292685.4438, 0.002242,False
1781292685.4487, 0.000585,False
1781292685.4537, 0.008545,False
1781292685.4584, 0.007018,False
1781292685.4630, 0.005553,False
1781292685.4675, 0.003953,False
1781292685.4721, 0.002315,False
1781292685.4765, 0.000425,False
1781292685.6931, 0.008842,False
1781292685.8062, 0.006667,False
1781292685.8118, 0.004953,False
1781292685.8179, 0.000131,False
1781292685.8266, 0.001465,False
1781292685.8322, 0.009586,False
1781292685.8373, 0.008010,False
1781292685.9534, 0.005947,False
1781292685.9596, 0.003766,False
1781292685.9647, 0.001706,False
1781292685.9693, 0.009889,False
1781292685.9739, 0.008331,False
1781292685.9784, 0.006484,False
1781292685.9832, 0.004786,False
1781292685.9878, 0.002973,False
1781292685.9923, 0.001287,False
1781292686.2131, 0.008995,False
1781292686.2190, 0.007364,False
1781292686.2241, 0.005381,False
1781292686.2290, 0.003725,False
1781292686.2335, 0.002102,False
1781292686.2381, 0.010054,False
1781292686.2427, 0.008696,False
1781292686.2472, 0.007248,False
1781292686.4739, 0.005734,False
1781292686.4792, 0.003566,False
1781292686.4848, 0.001670,False
1781292686.4902, 0.009661,False
1781292686.4952, 0.007681,False
1781292686.5005, 0.005535,False
1781292686.5052, 0.003373,False
1781292686.5097, 0.001313,False
1781292686.7269, 0.009633,False
1781292686.7315, 0.008025,False
1781292686.7361, 0.005081,False
1781292686.7430, 0.004079,False
1781292686.7475, 0.002579,False
1781292686.7523, 0.000447,False
1781292686.7568, 0.009067,False
1781292686.7614, 0.007353,False
1781292686.9934, 0.005213,False
1781292686.9983, 0.002822,False
1781292687.0028, 0.000706,False
1781292687.0073, 0.008817,False
1781292687.0119, 0.007062,False
1781292687.0168, 0.005464,False
1781292687.0213, 0.003032,False
1781292687.0259, 0.001384,False
1781292687.2470, 0.000112,False
1781292687.2551, 0.006891,False
1781292687.2601, 0.004788,False
1781292687.2647, 0.002580,False
1781292687.2693, 0.001092,False
1781292687.2743, 0.009149,False
1781292687.2790, 0.007190,False
1781292687.2835, 0.004998,False
1781292687.5036, 0.003331,False
1781292687.5083, 0.001622,False
1781292687.5128, 0.009653,False
1781292687.5189, 0.008000,False
1781292687.5261, 0.005965,False
1781292687.5306, 0.004142,False
1781292687.5351, 0.002066,False
1781292687.5394, 0.000243,False
1781292687.7661, 0.008234,False
1781292687.7716, 0.006014,False
1781292687.7772, 0.004078,False
1781292687.7825, 0.001875,False
1781292687.7876, 0.010111,False
1781292687.7924, 0.008295,False
1781292687.7967, 0.007043,False
1781292687.8011, 0.005494,False
1781292688.0255, 0.003684,False
1781292688.0305, 0.002335,False
1781292688.0353, 0.010191,False
1781292688.0399, 0.008465,False
1781292688.0446, 0.006724,False
1781292688.0491, 0.004927,False
1781292688.0537, 0.003465,False
1781292688.0584, 0.001756,False
1781292688.0630, 0.000500,False
1781292688.2761, 0.008183,False
1781292688.2842, 0.007648,False
1781292688.2898, 0.005701,False
1781292688.2958, 0.004024,False
1781292688.3008, 0.002642,False
1781292688.3059, 0.000608,False
1781292688.3119, 0.009140,False
1781292688.5409, 0.007525,False
1781292688.5478, 0.004799,False
1781292688.5557, 0.004250,False
1781292688.5610, 0.002813,False
1781292688.5661, 0.000975,False
1781292688.5705, 0.000132,False
1781292688.5773, 0.007834,False
1781292688.5820, 0.006098,False
1781292688.5866, 0.004464,False
1781292688.7993, 0.001823,False
1781292688.8068, 0.001318,False
1781292688.8114, 0.009742,False
1781292688.8160, 0.007962,False
1781292688.8204, 0.006441,False
1781292688.8249, 0.004716,False
1781292688.8295, 0.002886,False
1781292688.8338, 0.000816,False
1781292689.0386, 0.008699,False
1781292689.0437, 0.006926,False
1781292689.0493, 0.005080,False
1781292689.0543, 0.003025,False
1781292689.0588, 0.001319,False
1781292689.0633, 0.009379,False
1781292689.0678, 0.007811,False
1781292689.0723, 0.006243,False
1781292689.3148, 0.003871,False
1781292689.3195, 0.002069,False
1781292689.3254, 0.000448,False
1781292689.3304, 0.008724,False
1781292689.3349, 0.006734,False
1781292689.3395, 0.004802,False
1781292689.3448, 0.003071,False
1781292689.3493, 0.001043,False
1781292689.5771, 0.009620,False
1781292689.5826, 0.007710,False
1781292689.5878, 0.005886,False
1781292689.5930, 0.004127,False
1781292689.5983, 0.002304,False
1781292689.6040, 0.009985,False
1781292689.6096, 0.008022,False
1781292689.6145, 0.006475,False
1781292689.8271, 0.004693,False
1781292689.8329, 0.002771,False
1781292689.8376, 0.001304,False
1781292689.8423, 0.009551,False
1781292689.8475, 0.007673,False
1781292689.8529, 0.006176,False
1781292689.8580, 0.003825,False
1781292689.8626, 0.001836,False
1781292689.8673, 0.000330,False
1781292690.0933, 0.000142,False
1781292690.1014, 0.006536,False
1781292690.1059, 0.005311,False
1781292690.1105, 0.003347,False
1781292690.1151, 0.001670,False
1781292690.1197, 0.000355,False
1781292690.1241, 0.007281,False
1781292690.3455, 0.007053,False
1781292690.3523, 0.005357,False
1781292690.3577, 0.004011,False
1781292690.3623, 0.002179,False
1781292690.3669, 0.000460,False
1781292690.3715, 0.008541,False
1781292690.3769, 0.006546,False
1781292690.3812, 0.003305,False
1781292690.3879, 0.002426,False
1781292690.6066, 0.000436,False
1781292690.6153, 0.008356,False
1781292690.6206, 0.006883,False
1781292690.6258, 0.004637,False
1781292690.6307, 0.002334,False
1781292690.6380, 0.000721,False
1781292690.6449, 0.008358,False
1781292690.6504, 0.006604,False
1781292690.8609, 0.004747,False
1781292690.8666, 0.002635,False
1781292690.8726, 0.001071,False
1781292690.8775, 0.009027,False
1781292690.8822, 0.007199,False
1781292690.8868, 0.006003,False
1781292690.8957, 0.004200,False
1781292690.9001, 0.002276,False
1781292691.2236, 0.000533,False
1781292691.2289, 0.008395,False
1781292691.2341, 0.006511,False
1781292691.2386, 0.004836,False
1781292691.2429, 0.002660,False
1781292691.2475, 0.001039,False
1781292691.2523, 0.009467,False
1781292691.2568, 0.007839,False
1781292691.3789, 0.005453,False
1781292691.3837, 0.003517,False
1781292691.3883, 0.001400,False
1781292691.3940, 0.009892,False
1781292691.3989, 0.008315,False
1781292691.4032, 0.000096,False
1781292691.4117, 0.004863,False
1781292691.4169, 0.002904,False
1781292691.6472, 0.001420,False
1781292691.6525, 0.009614,False
1781292691.6572, 0.008087,False
1781292691.6618, 0.006277,False
1781292691.6665, 0.003996,False
1781292691.6710, 0.002152,False
1781292691.6754, 0.000246,False
1781292691.6797, 0.008444,False
1781292691.9011, 0.006935,False
1781292691.9061, 0.004837,False
1781292691.9112, 0.002767,False
1781292691.9158, 0.000605,False
1781292691.9204, 0.008808,False
1781292691.9253, 0.005779,False
1781292691.9321, 0.005019,False
1781292691.9366, 0.002726,False
1781292692.1434, 0.001041,False
1781292692.1484, 0.009313,False
1781292692.1533, 0.007250,False
1781292692.1580, 0.005467,False
1781292692.1627, 0.003690,False
1781292692.1669, 0.000602,False
1781292692.1738, 0.009920,False
1781292692.1785, 0.008576,False
1781292692.4094, 0.006757,False
1781292692.4158, 0.004843,False
1781292692.4207, 0.003030,False
1781292692.4262, 0.001142,False
1781292692.4313, 0.009197,False
1781292692.4361, 0.007298,False
1781292692.4409, 0.005224,False
1781292692.4457, 0.002905,False
1781292692.4501, 0.000913,False
1781292692.6765, 0.008954,False
1781292692.6826, 0.007033,False
1781292692.6877, 0.005690,False
1781292692.6925, 0.003551,False
1781292692.6972, 0.002089,False
1781292692.7021, 0.000221,False
1781292692.7067, 0.008429,False
1781292692.7112, 0.006575,False
1781292692.9321, 0.004957,False
1781292692.9366, 0.000099,False
1781292692.9438, 0.001221,False
1781292692.9485, 0.008553,False
1781292692.9549, 0.007806,False
1781292692.9603, 0.006202,False
1781292692.9663, 0.004050,False
1781292692.9719, 0.002335,False
1781292693.1813, 0.000214,False
1781292693.1861, 0.008396,False
1781292693.1911, 0.006489,False
1781292693.1956, 0.004290,False
1781292693.2000, 0.002452,False
1781292693.2047, 0.000575,False
1781292693.2100, 0.009122,False
1781292693.2146, 0.007146,False
1781292693.4506, 0.005364,False
1781292693.4587, 0.003636,False
1781292693.4639, 0.002056,False
1781292693.4684, 0.000471,False
1781292693.4738, 0.008503,False
1781292693.4790, 0.007088,False
1781292693.4836, 0.005025,False
1781292693.4884, 0.002876,False
1781292693.7044, 0.001056,False
1781292693.7122, 0.009554,False
1781292693.7177, 0.007970,False
1781292693.7224, 0.005470,False
1781292693.7298, 0.005603,False
1781292693.7346, 0.003781,False
1781292693.7393, 0.002004,False
1781292693.7440, 0.000306,False
1781292693.9635, 0.008962,False
1781292693.9693, 0.007093,False
1781292693.9743, 0.005340,False
1781292693.9786, 0.002640,False
1781292693.9877, 0.002457,False
1781292693.9927, 0.000956,False
1781292693.9976, 0.009328,False
1781292694.0024, 0.007680,False
1781292694.2206, 0.005844,False
1781292694.2262, 0.004151,False
1781292694.2327, 0.002438,False
1781292694.2373, 0.000350,False
1781292694.2419, 0.008994,False
1781292694.2462, 0.007300,False
1781292694.2505, 0.000079,False
1781292694.2572, 0.004515,False
1781292694.2656, 0.002840,False
1781292694.4839, 0.000975,False
1781292694.4909, 0.008870,False
1781292694.4975, 0.007097,False
1781292694.5026, 0.005560,False
1781292694.5082, 0.003395,False
1781292694.5143, 0.001746,False
1781292694.5196, 0.010053,False
1781292694.5248, 0.008388,False
1781292694.7368, 0.006785,False
1781292694.7443, 0.004634,False
1781292694.7491, 0.003036,False
1781292694.7541, 0.001272,False
1781292694.7591, 0.009567,False
1781292694.7642, 0.007645,False
1781292694.7690, 0.005494,False
1781292694.7739, 0.003614,False
1781292695.0017, 0.001488,False
1781292695.0075, 0.009892,False
1781292695.0131, 0.007661,False
1781292695.0190, 0.006081,False
1781292695.0265, 0.004186,False
1781292695.0313, 0.001698,False
1781292695.0360, 0.000328,False
1781292695.0404, 0.008618,False
1781292695.2590, 0.006763,False
1781292695.2639, 0.005295,False
1781292695.2688, 0.003658,False
1781292695.2733, 0.001827,False
1781292695.2778, 0.009821,False
1781292695.2825, 0.007791,False
1781292695.2870, 0.005996,False
1781292695.2912, 0.003975,False
1781292695.5165, 0.002087,False
1781292695.5238, 0.009166,False
1781292695.5319, 0.007952,False
1781292695.5366, 0.006508,False
1781292695.5432, 0.004280,False
1781292695.5478, 0.002299,False
1781292695.5524, 0.000500,False
1781292695.5571, 0.008751,False
1781292695.7732, 0.006873,False
1781292695.7783, 0.003973,False
1781292695.7856, 0.000119,False
1781292695.7923, 0.002077,False
1781292695.7974, 0.010062,False
1781292695.8027, 0.008372,False
1781292695.8078, 0.006449,False
1781292695.8126, 0.004719,False
1781292696.0385, 0.002618,False
1781292696.0434, 0.000341,False
1781292696.0503, 0.009120,False
1781292696.0548, 0.007294,False
1781292696.0592, 0.005715,False
1781292696.0639, 0.004288,False
1781292696.0683, 0.002492,False
1781292696.0727, 0.000643,False
1781292696.2845, 0.008818,False
1781292696.2894, 0.007077,False
1781292696.2943, 0.005346,False
1781292696.2991, 0.003774,False
1781292696.3045, 0.002257,False
1781292696.3091, 0.000427,False
1781292696.3138, 0.008759,False
1781292696.3198, 0.007506,False
1781292696.3243, 0.005992,False
1781292696.5543, 0.004138,False
1781292696.5590, 0.002329,False
1781292696.5644, 0.010107,False
1781292696.5689, 0.008158,False
1781292696.5740, 0.006150,False
1781292696.5787, 0.004336,False
1781292696.5833, 0.002884,False
1781292696.5888, 0.001537,False
1781292696.8029, 0.010018,False
1781292696.8077, 0.008597,False
1781292696.8121, 0.007168,False
1781292696.8166, 0.005397,False
1781292696.8210, 0.003538,False
1781292696.8255, 0.002167,False
1781292696.8302, 0.000243,False
1781292696.8345, 0.008203,False
1781292697.0659, 0.006401,False
1781292697.0708, 0.004850,False
1781292697.0756, 0.002927,False
1781292697.0832, 0.001079,False
1781292697.0915, 0.009409,False
1781292697.0987, 0.007330,False
1781292697.1053, 0.000127,False
1781292697.1148, 0.003732,False
1781292697.3207, 0.002297,False
1781292697.3262, 0.000349,False
1781292697.3312, 0.008909,False
1781292697.3377, 0.006943,False
1781292697.3423, 0.005516,False
1781292697.3472, 0.003489,False
1781292697.3521, 0.002396,False
1781292697.3565, 0.000620,False
1781292697.5913, 0.008882,False
1781292697.5971, 0.006671,False
1781292697.6019, 0.004844,False
1781292697.6076, 0.002431,False
1781292697.6121, 0.000476,False
1781292697.6165, 0.008630,False
1781292697.6217, 0.006262,False
1781292697.6262, 0.003966,False
1781292697.8306, 0.002472,False
1781292697.8354, 0.000882,False
1781292697.8402, 0.009176,False
1781292697.8451, 0.007590,False
1781292697.8499, 0.006660,False
1781292697.8546, 0.004900,False
1781292697.8597, 0.002564,False
1781292697.8643, 0.000803,False
1781292698.0887, 0.009178,False
1781292698.0936, 0.008247,False
1781292698.0991, 0.005011,False
1781292698.1046, 0.004851,False
1781292698.1100, 0.003128,False
1781292698.1156, 0.001530,False
1781292698.1209, 0.009484,False
1781292698.1257, 0.008294,False
1781292698.3433, 0.006698,False
1781292698.3485, 0.004570,False
1781292698.3531, 0.002404,False
1781292698.3578, 0.001046,False
1781292698.3623, 0.009263,False
1781292698.3669, 0.007367,False
1781292698.3718, 0.005765,False
1781292698.3763, 0.003931,False
1781292698.4948, 0.002295,False
1781292698.4998, 0.000846,False
1781292698.5049, 0.009018,False
1781292698.5091, 0.000120,False
1781292698.6028, 0.004710,False
1781292698.6102, 0.003008,False
1781292698.6163, 0.001510,False
1781292698.6230, 0.009785,False
1781292698.8701, 0.008190,False
1781292698.8766, 0.007073,False
1781292698.8820, 0.004759,False
1781292698.8865, 0.003517,False
1781292698.8911, 0.008771,False
1781292698.8958, 0.006956,False
1781292698.9003, 0.005100,False
1781292698.9048, 0.003602,False
1781292698.9091, 0.001831,False
1781292699.1198, 0.009955,False
1781292699.1254, 0.008173,False
1781292699.1305, 0.006418,False
1781292699.1357, 0.004689,False
1781292699.1408, 0.003523,False
1781292699.1459, 0.001619,False
1781292699.1510, 0.009655,False
1781292699.1558, 0.007632,False
1781292699.3789, 0.006027,False
1781292699.3841, 0.004588,False
1781292699.3889, 0.002703,False
1781292699.3936, 0.000365,False
1781292699.3981, 0.008712,False
1781292699.4025, 0.005813,False
1781292699.4122, 0.004831,False
1781292699.4170, 0.002552,False
1781292699.6215, 0.001065,False
1781292699.6264, 0.009520,False
1781292699.6314, 0.007979,False
1781292699.6366, 0.006991,False
1781292699.6417, 0.005380,False
1781292699.6460, 0.002494,False
1781292699.6529, 0.001500,False
1781292699.6574, 0.009659,False
1781292699.8863, 0.008197,False
1781292699.8911, 0.006962,False
1781292699.8967, 0.005050,False
1781292699.9022, 0.003679,False
1781292699.9075, 0.008606,False
1781292699.9128, 0.006888,False
1781292699.9174, 0.005211,False
1781292699.9216, 0.000126,False
1781292700.1429, 0.001861,False
1781292700.1478, 0.000617,False
1781292700.1525, 0.008651,False
1781292700.1571, 0.006833,False
1781292700.1617, 0.005291,False
1781292700.1665, 0.003758,False
1781292700.1712, 0.002745,False
1781292700.1756, 0.001066,False
1781292700.3944, 0.009327,False
1781292700.4002, 0.007615,False
1781292700.4052, 0.006445,False
1781292700.4107, 0.004974,False
1781292700.4172, 0.003446,False
1781292700.4227, 0.001702,False
1781292700.4298, 0.010069,False
1781292700.4368, 0.008655,False
1781292700.6447, 0.007117,False
1781292700.6499, 0.005071,False
1781292700.6562, 0.003325,False
1781292700.6608, 0.001183,False
1781292700.6653, 0.009687,False
1781292700.6703, 0.007969,False
1781292700.6752, 0.006643,False
1781292700.6796, 0.004792,False
1781292700.9062, 0.003382,False
1781292700.9118, 0.001897,False
1781292700.9169, 0.010148,False
1781292700.9222, 0.008251,False
1781292700.9277, 0.006898,False
1781292700.9326, 0.004971,False
1781292700.9370, 0.003271,False
1781292700.9416, 0.001224,False
1781292701.1562, 0.009687,False
1781292701.1631, 0.008191,False
1781292701.1687, 0.006541,False
1781292701.1734, 0.004738,False
1781292701.1780, 0.002642,False
1781292701.1828, 0.001048,False
1781292701.1890, 0.009154,False
1781292701.1937, 0.007178,False
1781292701.4149, 0.005447,False
1781292701.4203, 0.003215,False
1781292701.4251, 0.002195,False
1781292701.4299, 0.000486,False
1781292701.4341, 0.000148,False
1781292701.4416, 0.006177,False
1781292701.4462, 0.004500,False
1781292701.4507, 0.002265,False
1781292701.6751, 0.000440,False
1781292701.6838, 0.008364,False
1781292701.6891, 0.006676,False
1781292701.6938, 0.004974,False
1781292701.6984, 0.002456,False
1781292701.7056, 0.002283,False
1781292701.7102, 0.000611,False
1781292701.7146, 0.008484,False
1781292701.9317, 0.006495,False
1781292701.9368, 0.004946,False
1781292701.9414, 0.003624,False
1781292701.9465, 0.001690,False
1781292701.9517, 0.010058,False
1781292701.9566, 0.008215,False
1781292701.9697, 0.006888,False
1781292701.9759, 0.005036,False
1781292702.1901, 0.002925,False
1781292702.1951, 0.001040,False
1781292702.1997, 0.008836,False
1781292702.2047, 0.006031,False
1781292702.2095, 0.004625,False
1781292702.2142, 0.002665,False
1781292702.2188, 0.000955,False
1781292702.2231, 0.009175,False
1781292702.4498, 0.007628,False
1781292702.4545, 0.005645,False
1781292702.4592, 0.003631,False
1781292702.4636, 0.002520,False
1781292702.4680, 0.001663,False
1781292702.4730, 0.009909,False
1781292702.4776, 0.008333,False
1781292702.4821, 0.006434,False
1781292702.6977, 0.004671,False
1781292702.7058, 0.003116,False
1781292702.7107, 0.001331,False
1781292702.7168, 0.009705,False
1781292702.7233, 0.007886,False
1781292702.7283, 0.006642,False
1781292702.7330, 0.005241,False
1781292702.7390, 0.003695,False
1781292702.7436, 0.002281,False
1781292702.9688, 0.000136,False
1781292702.9759, 0.009251,False
1781292702.9804, 0.007590,False
1781292702.9848, 0.006380,False
1781292702.9895, 0.004369,False
1781292702.9942, 0.002298,False
1781292702.9988, 0.000279,False
1781292703.0031, 0.008442,False
1781292703.2255, 0.006427,False
1781292703.2308, 0.004414,False
1781292703.2363, 0.002451,False
1781292703.2409, 0.000920,False
1781292703.2457, 0.009240,False
1781292703.2511, 0.007547,False
1781292703.2556, 0.005805,False
1781292703.2602, 0.004471,False
1781292703.4846, 0.002746,False
1781292703.4897, 0.001122,False
1781292703.4942, 0.007763,False
1781292703.5011, 0.006503,False
1781292703.5061, 0.004431,False
1781292703.5109, 0.002541,False
1781292703.5177, 0.000505,False
1781292703.5246, 0.009077,False
1781292703.7300, 0.007458,False
1781292703.7349, 0.005724,False
1781292703.7394, 0.002737,False
1781292703.7474, 0.002211,False
1781292703.7521, 0.000758,False
1781292703.7573, 0.009125,False
1781292703.7620, 0.007381,False
1781292703.7667, 0.005824,False
1781292703.9885, 0.004373,False
1781292703.9941, 0.002522,False
1781292703.9995, 0.000731,False
1781292704.0047, 0.008930,False
1781292704.0100, 0.007046,False
1781292704.0151, 0.005265,False
1781292704.0201, 0.003905,False
1781292704.0247, 0.002535,False
1781292704.2439, 0.000459,False
1781292704.2494, 0.008524,False
1781292704.2544, 0.006516,False
1781292704.2595, 0.004678,False
1781292704.2648, 0.002583,False
1781292704.2695, 0.000181,False
1781292704.2762, 0.009165,False
1781292704.2807, 0.007524,False
1781292704.4970, 0.006397,False
1781292704.5034, 0.004986,False
1781292704.5097, 0.003353,False
1781292704.5152, 0.001323,False
1781292704.5200, 0.009552,False
1781292704.5253, 0.008026,False
1781292704.5299, 0.006839,False
1781292704.5345, 0.005072,False
1781292704.7585, 0.003701,False
1781292704.7642, 0.002251,False
1781292704.7700, 0.000623,False
1781292704.7746, 0.009063,False
1781292704.7791, 0.007313,False
1781292704.7838, 0.005625,False
1781292704.7884, 0.003716,False
1781292704.7929, 0.002444,False
1781292705.0192, 0.000902,False
1781292705.0242, 0.009467,False
1781292705.0291, 0.008051,False
1781292705.0338, 0.006750,False
1781292705.0385, 0.004704,False
1781292705.0431, 0.003466,False
1781292705.0476, 0.002553,False
1781292705.0520, 0.000865,False
1781292705.2613, 0.009533,False
1781292705.2671, 0.007277,False
1781292705.2725, 0.005214,False
1781292705.2776, 0.003469,False
1781292705.2829, 0.001543,False
1781292705.2883, 0.009728,False
1781292705.2935, 0.007881,False
1781292705.2987, 0.006522,False
1781292705.3039, 0.004378,False
1781292705.5262, 0.002482,False
1781292705.5310, 0.000863,False
1781292705.5361, 0.008758,False
1781292705.5411, 0.006582,False
1781292705.5458, 0.004927,False
1781292705.5505, 0.003248,False
1781292705.5555, 0.002280,False
1781292705.5600, 0.000600,False
1781292705.7800, 0.008131,False
1781292705.7871, 0.000076,False
1781292705.7941, 0.005416,False
1781292705.7988, 0.003855,False
1781292705.8039, 0.002386,False
1781292705.8087, 0.000549,False
1781292705.8134, 0.008764,False
1781292705.8182, 0.006606,False
1781292706.0331, 0.003825,False
1781292706.0416, 0.003210,False
1781292706.0478, 0.001355,False
1781292706.0545, 0.009659,False
1781292706.0591, 0.007949,False
1781292706.0638, 0.006603,False
1781292706.0693, 0.004800,False
1781292706.0740, 0.003476,False
1781292706.2926, 0.000195,False
1781292706.2998, 0.009631,False
1781292706.3048, 0.008338,False
1781292706.3094, 0.006571,False
1781292706.3141, 0.004833,False
1781292706.3194, 0.003087,False
1781292706.3243, 0.001177,False
1781292706.3291, 0.009673,False
1781292706.5598, 0.008288,False
1781292706.5647, 0.006410,False
1781292706.5708, 0.004457,False
1781292706.5754, 0.003334,False
1781292706.5800, 0.002365,False
1781292706.5848, 0.000423,False
1781292706.5899, 0.008742,False
1781292706.5943, 0.006505,False
1781292706.8198, 0.004776,False
1781292706.8284, 0.002406,False
1781292706.8338, 0.000484,False
1781292706.8403, 0.008661,False
1781292706.8451, 0.007035,False
1781292706.8498, 0.005601,False
1781292706.8544, 0.004088,False
1781292706.8591, 0.002435,False
1781292740.2403, 0.005896,False
1781292740.2458, 0.003922,False
1781292740.2504, 0.002336,False
1781292740.2549, 0.001128,False
1781292740.2592, 0.000126,False
1781292740.2657, 0.007784,False
1781292740.2703, 0.006418,False
1781292740.2749, 0.005053,False
1781292740.4825, 0.003553,False
1781292740.4872, 0.001463,False
1781292740.4924, 0.009618,False
1781292740.4972, 0.008217,False
1781292740.5022, 0.006211,False
1781292740.5075, 0.005000,False
1781292740.5121, 0.003380,False
1781292740.5166, 0.001308,False
1781292740.5211, 0.009529,False
1781292740.5260, 0.007777,False
1781292740.5305, 0.005932,False
1781292740.5353, 0.004716,False
1781292740.5403, 0.003151,False
1781292740.5450, 0.001540,False
1781292740.5497, 0.009518,False
1781292740.5546, 0.007507,False
1781292740.7430, 0.005580,False
1781292740.7478, 0.003621,False
1781292740.7525, 0.001287,False
1781292740.7572, 0.009707,False
1781292740.7617, 0.008128,False
1781292740.7662, 0.006310,False
1781292740.7712, 0.004211,False
1781292740.7756, 0.002122,False
1781292740.9913, 0.006941,False
1781292740.9957, 0.004156,False
1781292741.0027, 0.003579,False
1781292741.0076, 0.001751,False
1781292741.0122, 0.009943,False
1781292741.0167, 0.008457,False
1781292741.0218, 0.006744,False
1781292741.0264, 0.005222,False
1781292741.2614, 0.003608,False
1781292741.2663, 0.001190,False
1781292741.2733, 0.001030,False
1781292741.2780, 0.009212,False
1781292741.2826, 0.007760,False
1781292741.2872, 0.005894,False
1781292741.2930, 0.004430,False
1781292741.2985, 0.003002,False
1781292741.4157, 0.001035,False
1781292741.4201, 0.000127,False
1781292741.4271, 0.008220,False
1781292741.4318, 0.006479,False
1781292741.4366, 0.005203,False
1781292741.4415, 0.003415,False
1781292741.4460, 0.001876,False
1781292741.4502, 0.000818,False
1781292741.7865, 0.008837,False
1781292741.7922, 0.007015,False
1781292741.7976, 0.005244,False
1781292741.8035, 0.003635,False
1781292741.8084, 0.002195,False
1781292741.8135, 0.001138,False
1781292741.8190, 0.009368,False
1781292741.8238, 0.007992,False
1781292741.8285, 0.006185,False
1781292742.0465, 0.005016,False
1781292742.0510, 0.003593,False
1781292742.0555, 0.001473,False
1781292742.0600, 0.009558,False
1781292742.0645, 0.008201,False
1781292742.0691, 0.006313,False
1781292742.0752, 0.005182,False
1781292742.0797, 0.003448,False
1781292742.3014, 0.002135,False
1781292742.3059, 0.010070,False
1781292742.3131, 0.008522,False
1781292742.3180, 0.006461,False
1781292742.3237, 0.005256,False
1781292742.3283, 0.003524,False
1781292742.3328, 0.001640,False
1781292742.3373, 0.009770,False
1781292742.5565, 0.007800,False
1781292742.5613, 0.005779,False
1781292742.5659, 0.003833,False
1781292742.5723, 0.002009,False
1781292742.5810, 0.000952,False
1781292742.5901, 0.004044,False
1781292742.5974, 0.002617,False
1781292742.6035, 0.001027,False
1781292742.8225, 0.009419,False
1781292742.8274, 0.007601,False
1781292742.8323, 0.006094,False
1781292742.8370, 0.004991,False
1781292742.8415, 0.002077,False
1781292742.8458, 0.000117,False
1781292742.8535, 0.009631,False
1781292742.8578, 0.006978,False
1781292742.9640, 0.006511,False
1781292742.9695, 0.005321,False
1781292742.9750, 0.003234,False
1781292742.9804, 0.001661,False
1781292742.9854, 0.009933,False
1781292742.9911, 0.007962,False
1781292743.0747, 0.006204,False
1781292743.0815, 0.003575,False
1781292743.3277, 0.003227,False
1781292743.3327, 0.000967,False
1781292743.3385, 0.009061,False
1781292743.3431, 0.007367,False
1781292743.3490, 0.005850,False
1781292743.3560, 0.004165,False
1781292743.3615, 0.002415,False
1781292743.3663, 0.001143,False
1781292743.5934, 0.008986,False
1781292743.5995, 0.007531,False
1781292743.6043, 0.005755,False
1781292743.6091, 0.004246,False
1781292743.6134, 0.002788,False
1781292743.6178, 0.000966,False
1781292743.6222, 0.008989,False
1781292743.6266, 0.007251,False
1781292743.7445, 0.004743,False
1781292743.7493, 0.003194,False
1781292743.8504, 0.001797,False
1781292743.8565, 0.009821,False
1781292743.8620, 0.008227,False
1781292743.8668, 0.006848,False
1781292743.8715, 0.004953,False
1781292743.8762, 0.003134,False
1781292743.8811, 0.001794,False
1781292744.1042, 0.010035,False
1781292744.1097, 0.008794,False
1781292744.1177, 0.007220,False
1781292744.1231, 0.005067,False
1781292744.1303, 0.003777,False
1781292744.1352, 0.001784,False
1781292744.1401, 0.009917,False
1781292744.1449, 0.008303,False
1781292744.3610, 0.006802,False
1781292744.3654, 0.000131,False
1781292744.3720, 0.002839,False
1781292744.3765, 0.000891,False
1781292744.3811, 0.009125,False
1781292744.3858, 0.007279,False
1781292744.3906, 0.005673,False
1781292744.3949, 0.004608,False
1781292744.6263, 0.003316,False
1781292744.6318, 0.000792,False
1781292744.6376, 0.009331,False
1781292744.6426, 0.007326,False
1781292744.6474, 0.006038,False
1781292744.6524, 0.004227,False
1781292744.6577, 0.002791,False
1781292744.6621, 0.001017,False
1781292744.8846, 0.009090,False
1781292744.8897, 0.007696,False
1781292744.8946, 0.006301,False
1781292744.9006, 0.005231,False
1781292744.9053, 0.003592,False
1781292744.9099, 0.002147,False
1781292744.9144, 0.009606,False
1781292744.9188, 0.008053,False
1781292745.1407, 0.006380,False
1781292745.1455, 0.004864,False
1781292745.1499, 0.003410,False
1781292745.1545, 0.001730,False
1781292745.1591, 0.009883,False
1781292745.1633, 0.007573,False
1781292745.1699, 0.006821,False
1781292745.1742, 0.005049,False
1781292745.3961, 0.003688,False
1781292745.4009, 0.002182,False
1781292745.4063, 0.000651,False
1781292745.4109, 0.008609,False
1781292745.4155, 0.006744,False
1781292745.4197, 0.004038,False
1781292745.4267, 0.003311,False
1781292745.4311, 0.001306,False
1781292745.6593, 0.010055,False
1781292745.6659, 0.008505,False
1781292745.6729, 0.006909,False
1781292745.6776, 0.004992,False
1781292745.6833, 0.003345,False
1781292745.6882, 0.001099,False
1781292745.6948, 0.000125,False
1781292745.7016, 0.008069,False
1781292745.8991, 0.006315,False
1781292745.9044, 0.005105,False
1781292745.9117, 0.003532,False
1781292745.9164, 0.001982,False
1781292745.9211, 0.000949,False
1781292745.9259, 0.008750,False
1781292745.9308, 0.007122,False
1781292745.9356, 0.005134,False
1781292746.1737, 0.003515,False
1781292746.1787, 0.001755,False
1781292746.1835, 0.009876,False
1781292746.1880, 0.008156,False
1781292746.1928, 0.006247,False
1781292746.1972, 0.004653,False
1781292746.2018, 0.003110,False
1781292746.2064, 0.000736,False
1781292746.2108, 0.009247,False
1781292746.4291, 0.007303,False
1781292746.4344, 0.002542,False
1781292746.4393, 0.000741,False
1781292746.4441, 0.008853,False
1781292746.4486, 0.007253,False
1781292746.4533, 0.006035,False
1781292746.4578, 0.010111,False
1781292746.5388, 0.008638,False
1781292746.6725, 0.007000,False
1781292746.6771, 0.004690,False
1781292746.6814, 0.003173,False
1781292746.6870, 0.001679,False
1781292746.6925, 0.010036,False
1781292746.6969, 0.008282,False
1781292746.7013, 0.006335,False
1781292746.7058, 0.005006,False
1781292746.9465, 0.003330,False
1781292746.9511, 0.001949,False
1781292746.9558, 0.009932,False
1781292746.9602, 0.007168,False
1781292746.9673, 0.006788,False
1781292746.9719, 0.005247,False
1781292746.9764, 0.003178,False
1781292746.9808, 0.001455,False
1781292747.1969, 0.009719,False
1781292747.2017, 0.007927,False
1781292747.2062, 0.000129,False
1781292747.2126, 0.003690,False
1781292747.2196, 0.003126,False
1781292747.2242, 0.001459,False
1781292747.2288, 0.009692,False
1781292747.2332, 0.008209,False
1781292747.4555, 0.006449,False
1781292747.4603, 0.004848,False
1781292747.4649, 0.003753,False
1781292747.4691, 0.000836,False
1781292747.4766, 0.000788,False
1781292747.4813, 0.008795,False
1781292747.4860, 0.007099,False
1781292747.4910, 0.005150,False
1781292747.7094, 0.003485,False
1781292747.7194, 0.001992,False
1781292747.7246, 0.000818,False
1781292747.7292, 0.008730,False
1781292747.7336, 0.006808,False
1781292747.7383, 0.004530,False
1781292747.7427, 0.002601,False
1781292747.7473, 0.001656,False
1781292747.9560, 0.009853,False
1781292747.9609, 0.008251,False
1781292747.9653, 0.006534,False
1781292747.9700, 0.005126,False
1781292747.9744, 0.003522,False
1781292747.9789, 0.001824,False
1781292747.9834, 0.000775,False
1781292747.9879, 0.008713,False
1781292748.2227, 0.007307,False
1781292748.2288, 0.006036,False
1781292748.2343, 0.004086,False
1781292748.2402, 0.002154,False
1781292748.2470, 0.000886,False
1781292748.2547, 0.008958,False
1781292748.2624, 0.007234,False
1781292748.2694, 0.005712,False
1781292748.2740, 0.003919,False
1781292748.4744, 0.002161,False
1781292748.4813, 0.000492,False
1781292748.4868, 0.009165,False
1781292748.4922, 0.007680,False
1781292748.4974, 0.005601,False
1781292748.5023, 0.003785,False
1781292748.5073, 0.000199,False
1781292748.5143, 0.000919,False
1781292748.7454, 0.008949,False
1781292748.7506, 0.007270,False
1781292748.7567, 0.005428,False
1781292748.7645, 0.003661,False
1781292748.7730, 0.002144,False
1781292748.7780, 0.000749,False
1781292748.7829, 0.008841,False
1781292748.7878, 0.007090,False
1781292748.9904, 0.005650,False
1781292748.9952, 0.004764,False
1781292749.0014, 0.003320,False
1781292749.0081, 0.001776,False
1781292749.0133, 0.000544,False
1781292749.0178, 0.008960,False
1781292749.0256, 0.007146,False
1781292749.0304, 0.004521,False
1781292749.2622, 0.003172,False
1781292749.2677, 0.000571,False
1781292749.2733, 0.009165,False
1781292749.2787, 0.007251,False
1781292749.2830, 0.005040,False
1781292749.2877, 0.003252,False
1781292749.2920, 0.001401,False
1781292749.2963, 0.000548,False
1781292749.5092, 0.009157,False
1781292749.5149, 0.006085,False
1781292749.5225, 0.005170,False
1781292749.5273, 0.003291,False
1781292749.5319, 0.001538,False
1781292749.5365, 0.009573,False
1781292749.5409, 0.008232,False
1781292749.5453, 0.006898,False
1781292749.7776, 0.004788,False
1781292749.7844, 0.002062,False
1781292749.7949, 0.001579,False
1781292749.7997, 0.009409,False
1781292749.8047, 0.008072,False
1781292749.8092, 0.006754,False
1781292749.8137, 0.004681,False
1781292749.8182, 0.002742,False
1781292749.8236, 0.000778,False
1781292750.0428, 0.008841,False
1781292750.0474, 0.006899,False
1781292750.0519, 0.000143,False
1781292750.0584, 0.003216,False
1781292750.0629, 0.001933,False
1781292750.0674, 0.000587,False
1781292750.0719, 0.008778,False
1781292750.0764, 0.007275,False
1781292750.2994, 0.005698,False
1781292750.3070, 0.003648,False
1781292750.3133, 0.002169,False
1781292750.3193, 0.000487,False
1781292750.3253, 0.008751,False
1781292750.3300, 0.007061,False
1781292750.3349, 0.005384,False
1781292750.3396, 0.003748,False
1781292750.5551, 0.002440,False
1781292750.5598, 0.000516,False
1781292750.5643, 0.008771,False
1781292750.5687, 0.007045,False
1781292750.5731, 0.005630,False
1781292750.5774, 0.003917,False
1781292750.5818, 0.002257,False
1781292750.5862, 0.000306,False
1781292750.8139, 0.008702,False
1781292750.8192, 0.007103,False
1781292750.8246, 0.005638,False
1781292750.8298, 0.003784,False
1781292750.8346, 0.002157,False
1781292750.8401, 0.000745,False
1781292750.8450, 0.008964,False
1781292750.8494, 0.007266,False
1781292751.0730, 0.005746,False
1781292751.0778, 0.004793,False
1781292751.0827, 0.002915,False
1781292751.0871, 0.001461,False
1781292751.0916, 0.000661,False
1781292751.0960, 0.008914,False
1781292751.1008, 0.007311,False
1781292751.1052, 0.005330,False
1781292751.3246, 0.003885,False
1781292751.3294, 0.002378,False
1781292751.3340, 0.000422,False
1781292751.3387, 0.008785,False
1781292751.3434, 0.007120,False
1781292751.3479, 0.005097,False
1781292751.3528, 0.003402,False
1781292751.3573, 0.000128,False
1781292751.5855, 0.009703,False
1781292751.5904, 0.007966,False
1781292751.5959, 0.006547,False
1781292751.6005, 0.004574,False
1781292751.6050, 0.003228,False
1781292751.6097, 0.001518,False
1781292751.6144, 0.000256,False
1781292751.6186, 0.007560,False
1781292751.6252, 0.007109,False
1781292751.8384, 0.005702,False
1781292751.8437, 0.004881,False
1781292751.8492, 0.003220,False
1781292751.8552, 0.001697,False
1781292751.8596, 0.000513,False
1781292751.8640, 0.009038,False
1781292751.8681, 0.006058,False
1781292751.8769, 0.005477,False
1781292752.1003, 0.004271,False
1781292752.1052, 0.003055,False
1781292752.1098, 0.001262,False
1781292752.1151, 0.009330,False
1781292752.1200, 0.007576,False
1781292752.1253, 0.005897,False
1781292752.1298, 0.003093,False
1781292752.1366, 0.002466,False
1781292752.3542, 0.000626,False
1781292752.3588, 0.008871,False
1781292752.3632, 0.007486,False
1781292752.3684, 0.005876,False
1781292752.3737, 0.004859,False
1781292752.3783, 0.003160,False
1781292752.3829, 0.000720,False
1781292752.3893, 0.000655,False
1781292752.6249, 0.008756,False
1781292752.6297, 0.007046,False
1781292752.6343, 0.005453,False
1781292752.6387, 0.008576,False
1781292752.6432, 0.007098,False
1781292752.6478, 0.005416,False
1781292752.6523, 0.003800,False
1781292752.6568, 0.001997,False
1781292752.8742, 0.000570,False
1781292752.8803, 0.009023,False
1781292752.8852, 0.007342,False
1781292752.8897, 0.000124,False
1781292752.8964, 0.004753,False
1781292752.9009, 0.002710,False
1781292752.9067, 0.000286,False
1781292752.9113, 0.008596,False
1781292753.1397, 0.007209,False
1781292753.1445, 0.005583,False
1781292753.1490, 0.003801,False
1781292753.1535, 0.002112,False
1781292753.1579, 0.000541,False
1781292753.1624, 0.008793,False
1781292753.1668, 0.007395,False
1781292753.1714, 0.005577,False
1781292753.1757, 0.004024,False
1781292753.3910, 0.002383,False
1781292753.3957, 0.000499,False
1781292753.4001, 0.008501,False
1781292753.4051, 0.006935,False
1781292753.4096, 0.004511,False
1781292753.4141, 0.002934,False
1781292753.4187, 0.000906,False
1781292753.6478, 0.009297,False
1781292753.6553, 0.007936,False
1781292753.6626, 0.006175,False
1781292753.6692, 0.004659,False
1781292753.6767, 0.003027,False
1781292753.6834, 0.000874,False
1781292753.6906, 0.009045,False
1781292753.6959, 0.007068,False
1781292753.7012, 0.005278,False
1781292753.9115, 0.003602,False
1781292753.9162, 0.002176,False
1781292753.9213, 0.000355,False
1781292753.9260, 0.008596,False
1781292753.9302, 0.006015,False
1781292753.9375, 0.005203,False
1781292753.9422, 0.003213,False
1781292753.9466, 0.001358,False
1781292754.0608, 0.009521,False
1781292754.0657, 0.007762,False
1781292754.0705, 0.006309,False
1781292754.1739, 0.004470,False
1781292754.1790, 0.001646,False
1781292754.1867, 0.000447,False
1781292754.1916, 0.008949,False
1781292754.1967, 0.000138,False
1781292754.4241, 0.006200,False
1781292754.4295, 0.004463,False
1781292754.4348, 0.003066,False
1781292754.4401, 0.001091,False
1781292754.4471, 0.009524,False
1781292754.4539, 0.007682,False
1781292754.4600, 0.006023,False
1781292754.4651, 0.004582,False
1781292754.6839, 0.003071,False
1781292754.6888, 0.001106,False
1781292754.6935, 0.009523,False
1781292754.6989, 0.007651,False
1781292754.7035, 0.006249,False
1781292754.7080, 0.004579,False
1781292754.7125, 0.003022,False
1781292754.7179, 0.001130,False
1781292754.9444, 0.000449,False
1781292754.9500, 0.008587,False
1781292754.9551, 0.006457,False
1781292754.9598, 0.004842,False
1781292754.9644, 0.002997,False
1781292754.9690, 0.001017,False
1781292754.9734, 0.009031,False
1781292754.9780, 0.007604,False
1781292755.1995, 0.005962,False
1781292755.2042, 0.004476,False
1781292755.2088, 0.002935,False
1781292755.2135, 0.001271,False
1781292755.2181, 0.009001,False
1781292755.2226, 0.007175,False
1781292755.2269, 0.002924,False
1781292755.2315, 0.001237,False
1781292755.4565, 0.009503,False
1781292755.4614, 0.007418,False
1781292755.4662, 0.004964,False
1781292755.4708, 0.003367,False
1781292755.4754, 0.001309,False
1781292755.4800, 0.009305,False
1781292755.4844, 0.007001,False
1781292755.4888, 0.005313,False
1781292755.4931, 0.002961,False
1781292755.7079, 0.001310,False
1781292755.7126, 0.000247,False
1781292755.7169, 0.008106,False
1781292755.7235, 0.000154,False
1781292755.7303, 0.005795,False
1781292755.7351, 0.004808,False
1781292755.7396, 0.003274,False
1781292755.7438, 0.001429,False
1781292755.9751, 0.000297,False
1781292755.9804, 0.008480,False
1781292755.9865, 0.006077,False
1781292755.9951, 0.005209,False
1781292756.0002, 0.003183,False
1781292756.0054, 0.001611,False
1781292756.0107, 0.000627,False
1781292756.0153, 0.008764,False
1781292756.2358, 0.006999,False
1781292756.2414, 0.004963,False
1781292756.2464, 0.002209,False
1781292756.2540, 0.001346,False
1781292756.2592, 0.000426,False
1781292756.2643, 0.008696,False
1781292756.2688, 0.006997,False
1781292756.2731, 0.005040,False
1781292756.4921, 0.003546,False
1781292756.4976, 0.001998,False
1781292756.5026, 0.000294,False
1781292756.5079, 0.008454,False
1781292756.5138, 0.007129,False
1781292756.5188, 0.005240,False
1781292756.5232, 0.003863,False
1781292756.5275, 0.002145,False
1781292756.6368, 0.000437,False
1781292756.6434, 0.008490,False
1781292756.6480, 0.006832,False
1781292756.6524, 0.005491,False
1781292756.6568, 0.003175,False
1781292756.6615, 0.001544,False
1781292756.6658, 0.000244,False
1781292756.7445, 0.008422,False
1781292757.0054, 0.006341,False
1781292757.0109, 0.004787,False
1781292757.0154, 0.002727,False
1781292757.0208, 0.000954,False
1781292757.0258, 0.009502,False
1781292757.0303, 0.007483,False
1781292757.0351, 0.005604,False
1781292757.0402, 0.003559,False
1781292757.0447, 0.000126,False
1781292757.2733, 0.000359,False
1781292757.2780, 0.008600,False
1781292757.2833, 0.006997,False
1781292757.2887, 0.005534,False
1781292757.2937, 0.004487,False
1781292757.2991, 0.002680,False
1781292757.3051, 0.000398,False
1781292757.3097, 0.008699,False
1781292757.4170, 0.007026,False
1781292757.4221, 0.005141,False
1781292757.4268, 0.003656,False
1781292757.5222, 0.002007,False
1781292757.5275, 0.000243,False
1781292757.5329, 0.008631,False
1781292757.5380, 0.006799,False
1781292757.5426, 0.004215,False
1781292757.7719, 0.002771,False
1781292757.7775, 0.000476,False
1781292757.7834, 0.008775,False
1781292757.7892, 0.006879,False
1781292757.7938, 0.005181,False
1781292757.7984, 0.003208,False
1781292757.8028, 0.001646,False
1781292757.8071, 0.009593,False
1781292757.9183, 0.006658,False
1781292758.0278, 0.006128,False
1781292758.0334, 0.004452,False
1781292758.0394, 0.002764,False
1781292758.0446, 0.000430,False
1781292758.0500, 0.008617,False
1781292758.0548, 0.006735,False
1781292758.0593, 0.005131,False
1781292758.2929, 0.002794,False
1781292758.2999, 0.001954,False
1781292758.3047, 0.000434,False
1781292758.3093, 0.004897,False
1781292758.3137, 0.002815,False
1781292758.3183, 0.001279,False
1781292758.3230, 0.000202,False
1781292758.5331, 0.008830,False
1781292758.5389, 0.007409,False
1781292758.5446, 0.005712,False
1781292758.5498, 0.004921,False
1781292758.5562, 0.002950,False
1781292758.5617, 0.000155,False
1781292758.5707, 0.009360,False
1781292758.5763, 0.007959,False
1781292758.6806, 0.006340,False
1781292758.6866, 0.004751,False
1781292758.6914, 0.002692,False
1781292758.6960, 0.001146,False
1781292758.7004, 0.009105,False
1781292758.7049, 0.007157,False
1781292758.7094, 0.005913,False
1781292758.7886, 0.004436,False
1781292758.7935, 0.002409,False
1781292759.0573, 0.000566,False
1781292759.0640, 0.009121,False
1781292759.0695, 0.007554,False
1781292759.0742, 0.006056,False
1781292759.0787, 0.004611,False
1781292759.0831, 0.003005,False
1781292759.0878, 0.001225,False
1781292759.0922, 0.010158,False
1781292759.3118, 0.008418,False
1781292759.3168, 0.006729,False
1781292759.3216, 0.005279,False
1781292759.3266, 0.003042,False
1781292759.3322, 0.001533,False
1781292759.3379, 0.009327,False
1781292759.3424, 0.007725,False
1781292759.3470, 0.005715,False
1781292759.5741, 0.004023,False
1781292759.5796, 0.002529,False
1781292759.5848, 0.000298,False
1781292759.5899, 0.008317,False
1781292759.5954, 0.006414,False
1781292759.6008, 0.005299,False
1781292759.6061, 0.003376,False
1781292759.6108, 0.001664,False
1781292759.7134, 0.000354,False
1781292759.7187, 0.008529,False
1781292759.7240, 0.006893,False
1781292759.7285, 0.005292,False
1781292759.7330, 0.003641,False
1781292759.7380, 0.002029,False
1781292759.8266, 0.000391,False
1781292759.8319, 0.007586,False
1781292760.0843, 0.007041,False
1781292760.0900, 0.000084,False
1781292760.1000, 0.003929,False
1781292760.1079, 0.002340,False
1781292760.1139, 0.000318,False
1781292760.1190, 0.008467,False
1781292760.1239, 0.006760,False
1781292760.1284, 0.003901,False
1781292760.3451, 0.002887,False
1781292760.3502, 0.000776,False
1781292760.3548, 0.009038,False
1781292760.3598, 0.007021,False
1781292760.3643, 0.005613,False
1781292760.3688, 0.004646,False
1781292760.3733, 0.003261,False
1781292760.3787, 0.000386,False
1781292760.3859, 0.010185,False
1781292760.6022, 0.007913,False
1781292760.6075, 0.006595,False
1781292760.6129, 0.005019,False
1781292760.6172, 0.003218,False
1781292760.7174, 0.001626,False
1781292760.7232, 0.009809,False
1781292760.7287, 0.008440,False
1781292760.7337, 0.007069,False
1781292760.8534, 0.005439,False
1781292760.8590, 0.004571,False
1781292760.8638, 0.002481,False
1781292760.8686, 0.000564,False
1781292760.8732, 0.008945,False
1781292760.8777, 0.007302,False
1781292760.8828, 0.005095,False
1781292760.8876, 0.003488,False
1781292761.1182, 0.002093,False
1781292761.1238, 0.010101,False
1781292761.1304, 0.008590,False
1781292761.1355, 0.006781,False
1781292761.1402, 0.005115,False
1781292761.1446, 0.004120,False
1781292761.1489, 0.002097,False
1781292761.1534, 0.010076,False
1781292761.3824, 0.008340,False
1781292761.3871, 0.006246,False
1781292761.3921, 0.004283,False
1781292761.3966, 0.002576,False
1781292761.4013, 0.000903,False
1781292761.4058, 0.000069,False
1781292761.4134, 0.007463,False
1781292761.4179, 0.006201,False
1781292761.6322, 0.004496,False
1781292761.6383, 0.002376,False
1781292761.6437, 0.000936,False
1781292761.6503, 0.009188,False
1781292761.6560, 0.007493,False
1781292761.6620, 0.005943,False
1781292761.6679, 0.004243,False
1781292761.6742, 0.002015,False
1781292761.8904, 0.010062,False
1781292761.8951, 0.008419,False
1781292761.9006, 0.006473,False
1781292761.9051, 0.004171,False
1781292761.9096, 0.002520,False
1781292761.9141, 0.001026,False
1781292761.9186, 0.009898,False
1781292761.9230, 0.008467,False
1781292762.1555, 0.006714,False
1781292762.1615, 0.004902,False
1781292762.1670, 0.002846,False
1781292762.1718, 0.000983,False
1781292762.1763, 0.009242,False
1781292762.1805, 0.006152,False
1781292762.1876, 0.005319,False
1781292762.1924, 0.004155,False
1781292762.1967, 0.002254,False
1781292762.4118, 0.000260,False
1781292762.4170, 0.008404,False
1781292762.4216, 0.006601,False
1781292762.4265, 0.004890,False
1781292762.4309, 0.001755,False
1781292762.4407, 0.001054,False
1781292762.4472, 0.009903,False
1781292762.4525, 0.008489,False
1781292762.6660, 0.006935,False
1781292762.6710, 0.005483,False
1781292762.6757, 0.004379,False
1781292762.6804, 0.002578,False
1781292762.6850, 0.000794,False
1781292762.6897, 0.009004,False
1781292762.6942, 0.007123,False
1781292762.6985, 0.005183,False
1781292762.9221, 0.003338,False
1781292762.9267, 0.000131,False
1781292762.9350, 0.000192,False
1781292762.9400, 0.008394,False
1781292762.9444, 0.006521,False
1781292762.9493, 0.004601,False
1781292762.9539, 0.002494,False
1781292762.9582, 0.000727,False
1781292763.1869, 0.008955,False
1781292763.1916, 0.007280,False
1781292763.1977, 0.005602,False
1781292763.2031, 0.003994,False
1781292763.2079, 0.002616,False
1781292763.2125, 0.000858,False
1781292763.2176, 0.008962,False
1781292763.2223, 0.007368,False
1781292763.4558, 0.005581,False
1781292763.4605, 0.004087,False
1781292763.4652, 0.001308,False
1781292763.4716, 0.000290,False
1781292763.4763, 0.008781,False
1781292763.4809, 0.007362,False
1781292763.4856, 0.005839,False
1781292763.4900, 0.004173,False
1781292763.4944, 0.002505,False
1781292763.7008, 0.000536,False
1781292763.7054, 0.008338,False
1781292763.7100, 0.006978,False
1781292763.7146, 0.005652,False
1781292763.7194, 0.004330,False
1781292763.7243, 0.002282,False
1781292763.7289, 0.000952,False
1781292763.9506, 0.009090,False
1781292763.9568, 0.007350,False
1781292763.9614, 0.005865,False
1781292763.9662, 0.004634,False
1781292763.9729, 0.002377,False
1781292763.9776, 0.009544,False
1781292763.9823, 0.008112,False
1781292763.9872, 0.006177,False
1781292764.1961, 0.004358,False
1781292764.2030, 0.002685,False
1781292764.2082, 0.000729,False
1781292764.2139, 0.007871,False
1781292764.2213, 0.007069,False
1781292764.2264, 0.005054,False
1781292764.2320, 0.000161,False
1781292764.2393, 0.001209,False
1781292764.4715, 0.010055,False
1781292764.4793, 0.008125,False
1781292764.4847, 0.006484,False
1781292764.4899, 0.003935,False
1781292764.4981, 0.003817,False
1781292764.5029, 0.002209,False
1781292764.5077, 0.009768,False
1781292764.5123, 0.008353,False
1781292764.7335, 0.006491,False
1781292764.7384, 0.004028,False
1781292764.7434, 0.002318,False
1781292764.7478, 0.000821,False
1781292764.7522, 0.009932,False
1781292764.7570, 0.008143,False
1781292764.7623, 0.006427,False
1781292764.7669, 0.004366,False
1781292764.7714, 0.002927,False
1781292764.9766, 0.001451,False
1781292764.9814, 0.010101,False
1781292764.9859, 0.008376,False
1781292764.9906, 0.006773,False
1781292764.9953, 0.004886,False
1781292765.0010, 0.003018,False
1781292765.0074, 0.001179,False
1781292765.0118, 0.010080,False
1781292765.2383, 0.008031,False
1781292765.2431, 0.006851,False
1781292765.2482, 0.005250,False
1781292765.2531, 0.003253,False
1781292765.2578, 0.001713,False
1781292765.2624, 0.000558,False
1781292765.2671, 0.008591,False
1781292765.2715, 0.006808,False
1781292765.5065, 0.002589,False
1781292765.5126, 0.001004,False
1781292765.5178, 0.009152,False
1781292765.5224, 0.007593,False
1781292765.5271, 0.005900,False
1781292765.5317, 0.004018,False
1781292765.5363, 0.002047,False
1781292765.5408, 0.000243,False
1781292765.7529, 0.008111,False
1781292765.7607, 0.006755,False
1781292765.7654, 0.000147,False
1781292765.7722, 0.002697,False
1781292765.7774, 0.000890,False
1781292765.7838, 0.008756,False
1781292765.7918, 0.007091,False
1781292765.7965, 0.005411,False
1781292766.0173, 0.004172,False
1781292766.0222, 0.002176,False
1781292766.0268, 0.010094,False
1781292766.0314, 0.007990,False
1781292766.0359, 0.006344,False
1781292766.0404, 0.004338,False
1781292766.0448, 0.002569,False
1781292766.0497, 0.000859,False
1781292766.2706, 0.008947,False
1781292766.2761, 0.006387,False
1781292766.2855, 0.005809,False
1781292766.2901, 0.004019,False
1781292766.2946, 0.002081,False
1781292766.2991, 0.009985,False
1781292766.3035, 0.008572,False
1781292766.3079, 0.006296,False
1781292766.3122, 0.004341,False
1781292766.5332, 0.001371,False
1781292766.5408, 0.001006,False
1781292766.5460, 0.008967,False
1781292766.5516, 0.007453,False
1781292766.5566, 0.006182,False
1781292766.5618, 0.003621,False
1781292766.5669, 0.001749,False
1781292766.7823, 0.009886,False
1781292766.7889, 0.008359,False
1781292766.7936, 0.006590,False
1781292766.7982, 0.005167,False
1781292766.8026, 0.004173,False
1781292766.8071, 0.002370,False
1781292766.8115, 0.000649,False
1781292766.8160, 0.008971,False
1781292766.8204, 0.007374,False
1781292767.0539, 0.005574,False
1781292767.0586, 0.004407,False
1781292767.0632, 0.003381,False
1781292767.0679, 0.001365,False
1781292767.0726, 0.009898,False
1781292767.0771, 0.008055,False
1781292767.0815, 0.000027,False
1781292767.0883, 0.004915,False
1781292767.3013, 0.003765,False
1781292767.3060, 0.002112,False
1781292767.3105, 0.010030,False
1781292767.3157, 0.003861,False
1781292767.3207, 0.002214,False
1781292767.3254, 0.000527,False
1781292767.3303, 0.008508,False
1781292767.3354, 0.006906,False
1781292767.5644, 0.005607,False
1781292767.5693, 0.004244,False
1781292767.5749, 0.002331,False
1781292767.5803, 0.000545,False
1781292767.5860, 0.009018,False
1781292767.5910, 0.007130,False
1781292767.5959, 0.005380,False
1781292767.6007, 0.004260,False
1781292767.8159, 0.002837,False
1781292767.8206, 0.001009,False
1781292767.8251, 0.009821,False
1781292767.8295, 0.008197,False
1781292767.8344, 0.006809,False
1781292767.8395, 0.005276,False
1781292767.8446, 0.004293,False
1781292767.8495, 0.002303,False
1781292768.0881, 0.000550,False
1781292768.0949, 0.008955,False
1781292768.1005, 0.007263,False
1781292768.1061, 0.005918,False
1781292768.1115, 0.004480,False
1781292768.1162, 0.002432,False
1781292768.1209, 0.009998,False
1781292768.1258, 0.007294,False
1781292768.3362, 0.006421,False
1781292768.3425, 0.004828,False
1781292768.3474, 0.002809,False
1781292768.3522, 0.001892,False
1781292768.3569, 0.000248,False
1781292768.3614, 0.008772,False
1781292768.3660, 0.006820,False
1781292768.3704, 0.004339,False
1781292768.3769, 0.004366,False
1781292768.6003, 0.002433,False
1781292768.6052, 0.000735,False
1781292768.6100, 0.000127,False
1781292768.6175, 0.007355,False
1781292768.6228, 0.006099,False
1781292768.6278, 0.004177,False
1781292768.6321, 0.001298,False
1781292768.6396, 0.000389,False
1781292768.8582, 0.008380,False
1781292768.8631, 0.006720,False
1781292768.8675, 0.005143,False
1781292768.8722, 0.002929,False
1781292768.8767, 0.000763,False
1781292768.8826, 0.008975,False
1781292768.8874, 0.007224,False
1781292768.8918, 0.005287,False
1781292769.1144, 0.004194,False
1781292769.1194, 0.002733,False
1781292769.1242, 0.000865,False
1781292769.1290, 0.008996,False
1781292769.1342, 0.007558,False
1781292769.1401, 0.005871,False
1781292769.1465, 0.003886,False
1781292769.1526, 0.002168,False
1781292769.3691, 0.000586,False
1781292769.3738, 0.008928,False
1781292769.3788, 0.007275,False
1781292769.3840, 0.005568,False
1781292769.3887, 0.004103,False
1781292769.3932, 0.002298,False
1781292769.3980, 0.000633,False
1781292769.4026, 0.008769,False
1781292769.6349, 0.007041,False
1781292769.6405, 0.004850,False
1781292769.6451, 0.003276,False
1781292769.6503, 0.001359,False
1781292769.6556, 0.009674,False
1781292769.6609, 0.008296,False
1781292769.6660, 0.006797,False
1781292769.6708, 0.001572,False
1781292769.8817, 0.010126,False
1781292769.8881, 0.008386,False
1781292769.8927, 0.006522,False
1781292769.8975, 0.004416,False
1781292769.9023, 0.002273,False
1781292769.9077, 0.000456,False
1781292769.9149, 0.008976,False
1781292769.9199, 0.000133,False
1781292770.1487, 0.005951,False
1781292770.1537, 0.004158,False
1781292770.1583, 0.002092,False
1781292770.1631, 0.009680,False
1781292770.1676, 0.008085,False
1781292770.1720, 0.005492,False
1781292770.1787, 0.004517,False
1781292770.1832, 0.002921,False
1781292770.1878, 0.001315,False
1781292770.4041, 0.009798,False
1781292770.4096, 0.008135,False
1781292770.4158, 0.006331,False
1781292770.4207, 0.004672,False
1781292770.4249, 0.001608,False
1781292770.4325, 0.001390,False
1781292770.4369, 0.009779,False
1781292770.6552, 0.007852,False
1781292770.6604, 0.006145,False
1781292770.6650, 0.003895,False
1781292770.6697, 0.002200,False
1781292770.6744, 0.000819,False
1781292770.6790, 0.008938,False
1781292770.6836, 0.007656,False
1781292770.6890, 0.006039,False
1781292770.6937, 0.004249,False
1781292770.9129, 0.002395,False
1781292770.9177, 0.000363,False
1781292770.9221, 0.008190,False
1781292770.9266, 0.006790,False
1781292770.9314, 0.004792,False
1781292770.9359, 0.002799,False
1781292770.9404, 0.001373,False
1781292770.9449, 0.009627,False
1781292771.1698, 0.008275,False
1781292771.1753, 0.006322,False
1781292771.1800, 0.004485,False
1781292771.1845, 0.002505,False
1781292771.1890, 0.001314,False
1781292771.1934, 0.009759,False
1781292771.2804, 0.007805,False
1781292771.2854, 0.006166,False
1781292771.4185, 0.004184,False
1781292771.4232, 0.002525,False
1781292771.4292, 0.000694,False
1781292771.4342, 0.000161,False
1781292771.4413, 0.007980,False
1781292771.4458, 0.005846,False
1781292771.4515, 0.003765,False
1781292771.4562, 0.002212,False
1781292771.6809, 0.000396,False
1781292771.6856, 0.005314,False
1781292771.6902, 0.004028,False
1781292771.6956, 0.002627,False
1781292771.7003, 0.000992,False
1781292771.7048, 0.010002,False
1781292771.7096, 0.007938,False
1781292771.7139, 0.006174,False
1781292771.9397, 0.004767,False
1781292771.9447, 0.003809,False
1781292771.9494, 0.002089,False
1781292771.9537, 0.008646,False
1781292771.9604, 0.008181,False
1781292771.9652, 0.006523,False
1781292771.9699, 0.004466,False
1781292771.9743, 0.002664,False
1781292772.1799, 0.001037,False
1781292772.1866, 0.008616,False
1781292772.1920, 0.006893,False
1781292772.1980, 0.004278,False
1781292772.2080, 0.003486,False
1781292772.2136, 0.001876,False
1781292772.2189, 0.009732,False
1781292772.2236, 0.008031,False
1781292772.4549, 0.006303,False
1781292772.4603, 0.004753,False
1781292772.4663, 0.002979,False
1781292772.4711, 0.000502,False
1781292772.4781, 0.009876,False
1781292772.4833, 0.008526,False
1781292772.4880, 0.006795,False
1781292772.4928, 0.005240,False
1781292772.7151, 0.003989,False
1781292772.7208, 0.002361,False
1781292772.7261, 0.000955,False
1781292772.7314, 0.009080,False
1781292772.7362, 0.007335,False
1781292772.8237, 0.005759,False
1781292772.8286, 0.004113,False
1781292772.8332, 0.002442,False
1781292772.9701, 0.000113,False
1781292772.9767, 0.009689,False
1781292772.9834, 0.008083,False
1781292772.9896, 0.005841,False
1781292772.9960, 0.003747,False
1781292773.0019, 0.002065,False
1781292773.0071, 0.009969,False
1781292773.0122, 0.008742,False
1781292773.2169, 0.006881,False
1781292773.2229, 0.005210,False
1781292773.2283, 0.003958,False
1781292773.2337, 0.001989,False
1781292773.2393, 0.009782,False
1781292773.2441, 0.007975,False
1781292773.2487, 0.006081,False
1781292773.2532, 0.003796,False
1781292773.4849, 0.002141,False
1781292773.4908, 0.000265,False
1781292773.4958, 0.008520,False
1781292773.5007, 0.007147,False
1781292773.6045, 0.005504,False
1781292773.6094, 0.004163,False
1781292773.6142, 0.002133,False
1781292773.6188, 0.009846,False
1781292773.6231, 0.008053,False
1781292773.7488, 0.006116,False
1781292773.7542, 0.004046,False
1781292773.7594, 0.002255,False
1781292773.7640, 0.000726,False
1781292773.7687, 0.009440,False
1781292773.7733, 0.007738,False
1781292773.7780, 0.005718,False
1781292773.7825, 0.003937,False
1781292773.9993, 0.002145,False
1781292774.0059, 0.000468,False
1781292774.0120, 0.008798,False
1781292774.0177, 0.007072,False
1781292774.0230, 0.005240,False
1781292774.0277, 0.003929,False
1781292774.0336, 0.002435,False
1781292774.0382, 0.000624,False
1781292774.2529, 0.008553,False
1781292774.2580, 0.005950,False
1781292774.2660, 0.005079,False
1781292774.2714, 0.004166,False
1781292774.2760, 0.000126,False
1781292774.2828, 0.001068,False
1781292774.2873, 0.009535,False
1781292774.2921, 0.007797,False
1781292774.5189, 0.005815,False
1781292774.5237, 0.002679,False
1781292774.5337, 0.001788,False
1781292774.5383, 0.009680,False
1781292774.5429, 0.007967,False
1781292774.5474, 0.006226,False
1781292774.5520, 0.004293,False
1781292774.5566, 0.002415,False
1781292774.7811, 0.001033,False
1781292774.7878, 0.009861,False
1781292774.7939, 0.008299,False
1781292774.8006, 0.006843,False
1781292774.8060, 0.005108,False
1781292774.8112, 0.004660,False
1781292774.8160, 0.003553,False
1781292774.8208, 0.001866,False
1781292774.8257, 0.000536,False
1781292775.0316, 0.009521,False
1781292775.0367, 0.007652,False
1781292775.0413, 0.005512,False
1781292775.0465, 0.003455,False
1781292775.0517, 0.002210,False
1781292775.0568, 0.000431,False
1781292775.0620, 0.008625,False
1781292775.0665, 0.006618,False
1781292775.3030, 0.004885,False
1781292775.3079, 0.003242,False
1781292775.3128, 0.001701,False
1781292775.3173, 0.009524,False
1781292775.3218, 0.007751,False
1781292775.3263, 0.005607,False
1781292775.3307, 0.003907,False
1781292775.3350, 0.001848,False
1781292775.5624, 0.000439,False
1781292775.5688, 0.008686,False
1781292775.5737, 0.007362,False
1781292775.5794, 0.005583,False
1781292775.5842, 0.003808,False
1781292775.5889, 0.002073,False
1781292775.5933, 0.000520,False
1781292775.5978, 0.008694,False
1781292775.8360, 0.000145,False
1781292775.8430, 0.005710,False
1781292775.8478, 0.003877,False
1781292775.8525, 0.001932,False
1781292775.8573, 0.000554,False
1781292775.8622, 0.008435,False
1781292775.8668, 0.006875,False
1781292775.8713, 0.005143,False
1781292775.8760, 0.003511,False
1781292776.1939, 0.001733,False
1781292776.1986, 0.009508,False
1781292776.2032, 0.008027,False
1781292776.2079, 0.006196,False
1781292776.2124, 0.004641,False
1781292776.2171, 0.002607,False
1781292776.2248, 0.000394,False
1781292776.3285, 0.008416,False
1781292776.3342, 0.006624,False
1781292776.3397, 0.004985,False
1781292776.3454, 0.003597,False
1781292776.3508, 0.002290,False
1781292776.3566, 0.000603,False
1781292776.3620, 0.008618,False
1781292776.3676, 0.005706,False
1781292776.3748, 0.005485,False
1781292776.6014, 0.003994,False
1781292776.6071, 0.002424,False
1781292776.6127, 0.001080,False
1781292776.6174, 0.009593,False
1781292776.6219, 0.008736,False
1781292776.6268, 0.005845,False
1781292776.6311, 0.003250,False
1781292776.6377, 0.002163,False
1781292776.8682, 0.000233,False
1781292776.8739, 0.008635,False
1781292776.8787, 0.006872,False
1781292776.8834, 0.005075,False
1781292776.8880, 0.004182,False
1781292776.8926, 0.002440,False
1781292776.8973, 0.000632,False
1781292776.9019, 0.009734,False
1781292777.1084, 0.007830,False
1781292777.1134, 0.006074,False
1781292777.1179, 0.004629,False
1781292777.1228, 0.003285,False
1781292777.1272, 0.000127,False
1781292777.1342, 0.009522,False
1781292777.1391, 0.007641,False
1781292777.1437, 0.005403,False
1781292777.3672, 0.003876,False
1781292777.3722, 0.002357,False
1781292777.3768, 0.009703,False
1781292777.3822, 0.007974,False
1781292777.3877, 0.006225,False
1781292777.3921, 0.004375,False
1781292777.3971, 0.002528,False
1781292777.4019, 0.001212,False
1781292777.6329, 0.009657,False
1781292777.6379, 0.007977,False
1781292777.6428, 0.006661,False
1781292777.6483, 0.004867,False
1781292777.6529, 0.003222,False
1781292777.6576, 0.001721,False
1781292777.6624, 0.000347,False
1781292777.6668, 0.009369,False
1781292777.8945, 0.007921,False
1781292777.8998, 0.006248,False
1781292777.9053, 0.004907,False
1781292777.9103, 0.003753,False
1781292777.9175, 0.002230,False
1781292777.9223, 0.000483,False
1781292777.9276, 0.008707,False
1781292777.9322, 0.006971,False
1781292777.9367, 0.005536,False
1781292778.1413, 0.003728,False
1781292778.1463, 0.002068,False
1781292778.1508, 0.010044,False
1781292778.1554, 0.008660,False
1781292778.1597, 0.007107,False
1781292778.1640, 0.005032,False
1781292778.1684, 0.003512,False
1781292778.1727, 0.001792,False
1781292778.3993, 0.010133,False
1781292778.4039, 0.008039,False
1781292778.4083, 0.006679,False
1781292778.4128, 0.000387,False
1781292778.4169, 0.007489,False
1781292778.4237, 0.006852,False
1781292778.4285, 0.005037,False
1781292778.4330, 0.003754,False
1781292778.6650, 0.000068,False
1781292778.6741, 0.009714,False
1781292778.6800, 0.008432,False
1781292778.6851, 0.006314,False
1781292778.6895, 0.003739,False
1781292778.6971, 0.002759,False
1781292778.7021, 0.001224,False
1781292778.7073, 0.009718,False
1781292778.9115, 0.008463,False
1781292778.9163, 0.006729,False
1781292778.9212, 0.005277,False
1781292778.9258, 0.003416,False
1781292778.9302, 0.000698,False
1781292778.9370, 0.009887,False
1781292778.9415, 0.008050,False
1781292778.9460, 0.006220,False
1781292779.1753, 0.004548,False
1781292779.1804, 0.002470,False
1781292779.1854, 0.001123,False
1781292779.1901, 0.009600,False
1781292779.1947, 0.007786,False
1781292779.1995, 0.006333,False
1781292779.2039, 0.004351,False
1781292779.2086, 0.002546,False
1781292779.4351, 0.000830,False
1781292779.4401, 0.009580,False
1781292779.4447, 0.008187,False
1781292779.4492, 0.006728,False
1781292779.4539, 0.005205,False
1781292779.4587, 0.003150,False
1781292779.4637, 0.001565,False
1781292779.4682, 0.009582,False
1781292779.6895, 0.007619,False
1781292779.6945, 0.006129,False
1781292779.7001, 0.004267,False
1781292779.7062, 0.002834,False
1781292779.7133, 0.000906,False
1781292779.7181, 0.009456,False
1781292779.7227, 0.007685,False
1781292779.7275, 0.005931,False
1781292779.9469, 0.004192,False
1781292779.9527, 0.002357,False
1781292779.9573, 0.000958,False
1781292779.9621, 0.009271,False
1781292779.9668, 0.007582,False
1781292779.9711, 0.000135,False
1781292779.9779, 0.004626,False
1781292779.9825, 0.002834,False
1781292780.2026, 0.001310,False
1781292780.2095, 0.009462,False
1781292780.2139, 0.008136,False
1781292780.2187, 0.006398,False
1781292780.2236, 0.004112,False
1781292780.2284, 0.002237,False
1781292780.2330, 0.010133,False
1781292780.2378, 0.009211,False
1781292780.2427, 0.007307,False
1781292780.4668, 0.005557,False
1781292780.4717, 0.003511,False
1781292780.4776, 0.001417,False
1781292780.4823, 0.009241,False
1781292780.4868, 0.007670,False
1781292780.4915, 0.005948,False
1781292780.4961, 0.004201,False
1781292780.5005, 0.002447,False
1781292780.7275, 0.000756,False
1781292780.7333, 0.009542,False
1781292780.7381, 0.006960,False
1781292780.7452, 0.005975,False
1781292780.7498, 0.004259,False
1781292780.7543, 0.002268,False
1781292780.7591, 0.000682,False
1781292780.7637, 0.009459,False
1781292780.9808, 0.007734,False
1781292780.9864, 0.006259,False
1781292780.9907, 0.003159,False
1781292780.9975, 0.002434,False
1781292781.0021, 0.001049,False
1781292781.0067, 0.009518,False
1781292781.0118, 0.008053,False
1781292781.0163, 0.006128,False
1781292781.2229, 0.004329,False
1781292781.2277, 0.002932,False
1781292781.2325, 0.000868,False
1781292781.2374, 0.009294,False
1781292781.2420, 0.007653,False
1781292781.2468, 0.005726,False
1781292781.2523, 0.003795,False
1781292781.2568, 0.002062,False
1781292781.5796, 0.000486,False
1781292781.5847, 0.000129,False
1781292781.5934, 0.007673,False
1781292781.5990, 0.006102,False
1781292781.6045, 0.004261,False
1781292781.6091, 0.002364,False
1781292781.6143, 0.001019,False
1781292781.6189, 0.009480,False
1781292781.7408, 0.007854,False
1781292781.7458, 0.006055,False
1781292781.7523, 0.004294,False
1781292781.7588, 0.002985,False
1781292781.7650, 0.001593,False
1781292781.7705, 0.010123,False
1781292781.7750, 0.008424,False
1781292781.7799, 0.006868,False
1781292782.0193, 0.005268,False
1781292782.0253, 0.003396,False
1781292782.0307, 0.001495,False
1781292782.0360, 0.009915,False
1781292782.0411, 0.008109,False
1781292782.0458, 0.006191,False
1781292782.0503, 0.004557,False
1781292782.0549, 0.003499,False
1781292782.0593, 0.001829,False
1781292782.2662, 0.000238,False
1781292782.2710, 0.008347,False
1781292782.2755, 0.006737,False
1781292782.2799, 0.005168,False
1781292782.2846, 0.003858,False
1781292782.2892, 0.002027,False
1781292782.2936, 0.010151,False
1781292782.3657, 0.008443,False
1781292782.3708, 0.007038,False
1781292782.3766, 0.005606,False
1781292782.3829, 0.003168,False
1781292782.3889, 0.001760,False
1781292782.3950, 0.000399,False
1781292782.4014, 0.008346,False
1781293036.2041, 0.006166,False
1781293036.2088, 0.004549,False
1781293036.2134, 0.002879,False
1781293036.2183, 0.000929,False
1781293036.2227, 0.008762,False
1781293036.2271, 0.006892,False
1781293036.2316, 0.005492,False
1781293036.2363, 0.003883,False
1781293036.3189, 0.002056,False
1781293036.3235, 0.000529,False
1781293036.3283, 0.008386,False
1781293036.3326, 0.006573,False
1781293036.3373, 0.004990,False
1781293036.3417, 0.003067,False
1781293036.3463, 0.000937,False
1781293036.3506, 0.009097,False
1781293036.5619, 0.007293,False
1781293036.5665, 0.005557,False
1781293036.5709, 0.003525,False
1781293036.5768, 0.002018,False
1781293036.5815, 0.000246,False
1781293036.5866, 0.008270,False
1781293036.5913, 0.003313,False
1781293036.5988, 0.005009,False
1781293036.8208, 0.003681,False
1781293036.8257, 0.001885,False
1781293036.8303, 0.009905,False
1781293036.8351, 0.008156,False
1781293036.8396, 0.006461,False
1781293036.8444, 0.004546,False
1781293036.8491, 0.002242,False
1781293036.8534, 0.009985,False
1781293037.0827, 0.008354,False
1781293037.0876, 0.007072,False
1781293037.0922, 0.005378,False
1781293037.0966, 0.003259,False
1781293037.1008, 0.000131,False
1781293037.1074, 0.009710,False
1781293037.1119, 0.007687,False
1781293037.1164, 0.006182,False
1781293037.3395, 0.003984,False
1781293037.3442, 0.002426,False
1781293037.3488, 0.000485,False
1781293037.3533, 0.008531,False
1781293037.3577, 0.007734,False
1781293037.3622, 0.005622,False
1781293037.3667, 0.004098,False
1781293037.3710, 0.001993,False
1781293037.5893, 0.000245,False
1781293037.5948, 0.008251,False
1781293037.6010, 0.006261,False
1781293037.6072, 0.004825,False
1781293037.6154, 0.003139,False
1781293037.6236, 0.001515,False
1781293037.6307, 0.009606,False
1781293037.6351, 0.007658,False
1781293037.8437, 0.006237,False
1781293037.8486, 0.004900,False
1781293037.8532, 0.003462,False
1781293037.8578, 0.001946,False
1781293037.8621, 0.009529,False
1781293037.8666, 0.008011,False
1781293037.8710, 0.006760,False
1781293037.8753, 0.004349,False
1781293038.1001, 0.002530,False
1781293038.1054, 0.000827,False
1781293038.1116, 0.008990,False
1781293038.1176, 0.007536,False
1781293038.1223, 0.005641,False
1781293038.1271, 0.004110,False
1781293038.1316, 0.002413,False
1781293038.1358, 0.009862,False
1781293038.3508, 0.007778,False
1781293038.3556, 0.005663,False
1781293038.3602, 0.003513,False
1781293038.3648, 0.001683,False
1781293038.3709, 0.009875,False
1781293038.3754, 0.005711,False
1781293038.3826, 0.006529,False
1781293038.3871, 0.004678,False
1781293038.6102, 0.002875,False
1781293038.6149, 0.000188,False
1781293038.6223, 0.009426,False
1781293038.6276, 0.007895,False
1781293038.6321, 0.005920,False
1781293038.6365, 0.000587,False
1781293038.6438, 0.001886,False
1781293038.6481, 0.009622,False
1781293038.8687, 0.007595,False
1781293038.8741, 0.005906,False
1781293038.8789, 0.004308,False
1781293038.8835, 0.002183,False
1781293038.8880, 0.001136,False
1781293038.8924, 0.008983,False
1781293038.8971, 0.006786,False
1781293038.9016, 0.004729,False
1781293039.1267, 0.003299,False
1781293039.1315, 0.001712,False
1781293039.1363, 0.009452,False
1781293039.1407, 0.007472,False
1781293039.1451, 0.005769,False
1781293039.1495, 0.003704,False
1781293039.1549, 0.003049,False
1781293039.1593, 0.000570,False
1781293039.3943, 0.008758,False
1781293039.3993, 0.006768,False
1781293039.4040, 0.005233,False
1781293039.4085, 0.003153,False
1781293039.4129, 0.001288,False
1781293039.4176, 0.009249,False
1781293039.4220, 0.006911,False
1781293039.4264, 0.005589,False
1781293039.6390, 0.004719,False
1781293039.7420, 0.002512,False
1781293039.7469, 0.000634,False
1781293039.7517, 0.009117,False
1781293039.7565, 0.007468,False
1781293039.7619, 0.005639,False
1781293039.7667, 0.003744,False
1781293039.7716, 0.001481,False
1781293039.9078, 0.009784,False
1781293039.9126, 0.007636,False
1781293039.9181, 0.006006,False
1781293039.9227, 0.004278,False
1781293039.9272, 0.001976,False
1781293039.9317, 0.000356,False
1781293039.9359, 0.000136,False
1781293039.9424, 0.005824,False
1781293039.9469, 0.004247,False
1781293040.1610, 0.002557,False
1781293040.1676, 0.000813,False
1781293040.1732, 0.008989,False
1781293040.1787, 0.004084,False
1781293040.1879, 0.005012,False
1781293040.1939, 0.003644,False
1781293040.2000, 0.001354,False
1781293040.2055, 0.009521,False
1781293040.2110, 0.007747,False
1781293040.2155, 0.006155,False
1781293097.4894, 0.003887,False
1781293097.4943, 0.002228,False
1781293097.4989, 0.010005,False
1781293097.5031, 0.000000,False
1781293097.5098, 0.006023,False
1781293097.5143, 0.004711,False
1781293097.5187, 0.002817,False
1781293097.5246, 0.000545,False
1781293097.5294, 0.008665,False
1781293097.5345, 0.006570,False
1781293097.5396, 0.004743,False
1781293097.5442, 0.003002,False
1781293097.5488, 0.001442,False
1781293097.5534, 0.009840,False
1781293097.5577, 0.007895,False
1781293097.7434, 0.005704,False
1781293097.7489, 0.003828,False
1781293097.7537, 0.002049,False
1781293097.7588, 0.009890,False
1781293097.7635, 0.008561,False
1781293097.7681, 0.006830,False
1781293097.7728, 0.004993,False
1781293097.7775, 0.003279,False
1781293097.7820, 0.001236,False
1781293097.7863, 0.009401,False
1781293097.7913, 0.007603,False
1781293097.7959, 0.005890,False
1781293097.8003, 0.004431,False
1781293097.9876, 0.002704,False
1781293097.9932, 0.000455,False
1781293097.9987, 0.009104,False
1781293098.0048, 0.007447,False
1781293098.0094, 0.005787,False
1781293098.0141, 0.004103,False
1781293098.0206, 0.002119,False
1781293098.0249, 0.000403,False
1781293098.2515, 0.008776,False
1781293098.2563, 0.007176,False
1781293098.2611, 0.005940,False
1781293098.2655, 0.004262,False
1781293098.2701, 0.002088,False
1781293098.2747, 0.010104,False
1781293098.2794, 0.009191,False
1781293098.2839, 0.006961,False
1781293098.5004, 0.005169,False
1781293098.5053, 0.003129,False
1781293098.5099, 0.001285,False
1781293098.5144, 0.001227,False
1781293098.5209, 0.000136,False
1781293098.5277, 0.005942,False
1781293098.5324, 0.004132,False
1781293098.5376, 0.002105,False
1781293098.7703, 0.010243,False
1781293098.7754, 0.008505,False
1781293098.7810, 0.007079,False
1781293098.7857, 0.005135,False
1781293098.7913, 0.003315,False
1781293098.7960, 0.001722,False
1781293098.8005, 0.010264,False
1781293098.8050, 0.008571,False
1781293099.0243, 0.006737,False
1781293099.0309, 0.005071,False
1781293099.0378, 0.003697,False
1781293099.0436, 0.001821,False
1781293099.0491, 0.000234,False
1781293099.0547, 0.008551,False
1781293099.0617, 0.006947,False
1781293099.0667, 0.005441,False
1781293099.2858, 0.003819,False
1781293099.2907, 0.002317,False
1781293099.2957, 0.000701,False
1781293099.3004, 0.009318,False
1781293099.3049, 0.007798,False
1781293099.3095, 0.005935,False
1781293099.3141, 0.004182,False
1781293099.3187, 0.002569,False
1781293099.3233, 0.000799,False
1781293099.5445, 0.008861,False
1781293099.5498, 0.007310,False
1781293099.5545, 0.005432,False
1781293099.5591, 0.004031,False
1781293099.5636, 0.002589,False
1781293099.5684, 0.001004,False
1781293099.5729, 0.009500,False
1781293099.5772, 0.007992,False
1781293099.8054, 0.006446,False
1781293099.8146, 0.004944,False
1781293099.8193, 0.003343,False
1781293099.8247, 0.001233,False
1781293099.8292, 0.009335,False
1781293099.8338, 0.007501,False
1781293099.8384, 0.005141,False
1781293099.8427, 0.003242,False
1781293100.0517, 0.000111,False
1781293100.0587, 0.000266,False
1781293100.0634, 0.008551,False
1781293100.0681, 0.006437,False
1781293100.0726, 0.004762,False
1781293100.0770, 0.002550,False
1781293100.0818, 0.000993,False
1781293100.0880, 0.009290,False
1781293100.3234, 0.007326,False
1781293100.3283, 0.005470,False
1781293100.3329, 0.003872,False
1781293100.3374, 0.001829,False
1781293100.3420, 0.010016,False
1781293100.3468, 0.008449,False
1781293100.3513, 0.006608,False
1781293100.3557, 0.004827,False
1781293100.5791, 0.002760,False
1781293100.5846, 0.000524,False
1781293100.5896, 0.008937,False
1781293100.5947, 0.007320,False
1781293100.6000, 0.004974,False
1781293100.6052, 0.003341,False
1781293100.6099, 0.001557,False
1781293100.6143, 0.009762,False
1781293100.8345, 0.007670,False
1781293100.8391, 0.005773,False
1781293100.8437, 0.003934,False
1781293100.8494, 0.001764,False
1781293100.8543, 0.009797,False
1781293100.8590, 0.008256,False
1781293100.8636, 0.006323,False
1781293100.8686, 0.004868,False
1781293101.0866, 0.002552,False
1781293101.0933, 0.000684,False
1781293101.0983, 0.009398,False
1781293101.1028, 0.007736,False
1781293101.1074, 0.005639,False
1781293101.1118, 0.003542,False
1781293101.1164, 0.001612,False
1781293101.1209, 0.009640,False
1781293101.3400, 0.007737,False
1781293101.3447, 0.005929,False
1781293101.3492, 0.003910,False
1781293101.3539, 0.002403,False
1781293101.3584, 0.009830,False
1781293101.3628, 0.000096,False
1781293101.3695, 0.006120,False
1781293101.3739, 0.003837,False
1781293101.5895, 0.001905,False
1781293101.5966, 0.009883,False
1781293101.6025, 0.008148,False
1781293101.6103, 0.006143,False
1781293101.6150, 0.004331,False
1781293101.6197, 0.002567,False
1781293101.6249, 0.000225,False
1781293101.6293, 0.007873,False
1781293101.8448, 0.006313,False
1781293101.8511, 0.004292,False
1781293101.8573, 0.002405,False
1781293101.8627, 0.000547,False
1781293101.8680, 0.008698,False
1781293101.8729, 0.006462,False
1781293101.8774, 0.004176,False
1781293101.8818, 0.002367,False
1781293102.1064, 0.000647,False
1781293102.1113, 0.008211,False
1781293102.1168, 0.006212,False
1781293102.1215, 0.004041,False
1781293102.1259, 0.002255,False
1781293102.1305, 0.000883,False
1781293102.1349, 0.008974,False
1781293102.1392, 0.006525,False
1781293102.3543, 0.004427,False
1781293102.3599, 0.002583,False
1781293102.3654, 0.001480,False
1781293102.3700, 0.009441,False
1781293102.3745, 0.007347,False
1781293102.3790, 0.005636,False
1781293102.3839, 0.003829,False
1781293102.3888, 0.002299,False
1781293102.6150, 0.010002,False
1781293102.6206, 0.008405,False
1781293102.6256, 0.006761,False
1781293102.6303, 0.004715,False
1781293102.6348, 0.002820,False
1781293102.6402, 0.001285,False
1781293102.6445, 0.009559,False
1781293102.6490, 0.008056,False
1781293102.8747, 0.006303,False
1781293102.8799, 0.004515,False
1781293102.8854, 0.000083,False
1781293102.8928, 0.001521,False
1781293102.8972, 0.009219,False
1781293102.9017, 0.007524,False
1781293102.9065, 0.005638,False
1781293102.9107, 0.003900,False
1781293103.1235, 0.001832,False
1781293103.1282, 0.010001,False
1781293103.1330, 0.008304,False
1781293103.2336, 0.006821,False
1781293103.2382, 0.005244,False
1781293103.2429, 0.003129,False
1781293103.2474, 0.001667,False
1781293103.2520, 0.010254,False
1781293103.3759, 0.008138,False
1781293103.3809, 0.006276,False
1781293103.3860, 0.004254,False
1781293103.3906, 0.002163,False
1781293103.3950, 0.000630,False
1781293103.3997, 0.008557,False
1781293103.4042, 0.006972,False
1781293103.4085, 0.005221,False
1781293103.6291, 0.003554,False
1781293103.6344, 0.001729,False
1781293103.6398, 0.000291,False
1781293103.6445, 0.008557,False
1781293103.6490, 0.006673,False
1781293103.6536, 0.004719,False
1781293103.6581, 0.002948,False
1781293103.6625, 0.001013,False
1781293103.8812, 0.008766,False
1781293103.8865, 0.007009,False
1781293103.9282, 0.005142,False
1781293103.9339, 0.003202,False
1781293103.9415, 0.001287,False
1781293103.9473, 0.009747,False
1781293103.9539, 0.007647,False
1781293103.9596, 0.006187,False
1781293103.9654, 0.004815,False
1781293103.9716, 0.003192,False
1781293103.9764, 0.001819,False
1781293103.9812, 0.010118,False
1781293103.9875, 0.008096,False
1781293128.7439, 0.005419,False
1781293128.7487, 0.003921,False
1781293128.7535, 0.001923,False
1781293128.7580, 0.000293,False
1781293128.7627, 0.008171,False
1781293128.7671, 0.006266,False
1781293128.7717, 0.004906,False
1781293128.7761, 0.002639,False
1781293128.8503, 0.000788,False
1781293128.8555, 0.009264,False
1781293128.8615, 0.007266,False
1781293128.8660, 0.005102,False
1781293128.8705, 0.003801,False
1781293128.8752, 0.002265,False
1781293128.8796, 0.010133,False
1781293129.1121, 0.008222,False
1781293129.1197, 0.006380,False
1781293129.1264, 0.004605,False
1781293129.1327, 0.002232,False
1781293129.1370, 0.008995,False
1781293129.1446, 0.008661,False
1781293129.1492, 0.006620,False
1781293129.1537, 0.005180,False
1781293129.1583, 0.004269,False
1781293129.3843, 0.001992,False
1781293129.3889, 0.010112,False
1781293129.3933, 0.008792,False
1781293129.3974, 0.005899,False
1781293129.4039, 0.005860,False
1781293129.4107, 0.004056,False
1781293129.4163, 0.002078,False
1781293129.4213, 0.010106,False
1781293129.6383, 0.008176,False
1781293129.6431, 0.005856,False
1781293129.6477, 0.004307,False
1781293129.6519, 0.001654,False
1781293129.6586, 0.000739,False
1781293129.6633, 0.008690,False
1781293129.6678, 0.000125,False
1781293129.6742, 0.004368,False
1781293129.8793, 0.002222,False
1781293129.8854, 0.000376,False
1781293129.8913, 0.008583,False
1781293129.8969, 0.007191,False
1781293129.9030, 0.005339,False
1781293129.9094, 0.003003,False
1781293129.9167, 0.001229,False
1781293129.9214, 0.009193,False
1781293130.1596, 0.007302,False
1781293130.1653, 0.005689,False
1781293130.1700, 0.003705,False
1781293130.1744, 0.001663,False
1781293130.1788, 0.009886,False
1781293130.1834, 0.007801,False
1781293130.1879, 0.006756,False
1781293130.1921, 0.005164,False
1781293130.4155, 0.003020,False
1781293130.4227, 0.002264,False
1781293130.4276, 0.000808,False
1781293130.4322, 0.009192,False
1781293130.4368, 0.007053,False
1781293130.4420, 0.005536,False
1781293130.4473, 0.004947,False
1781293130.4526, 0.003547,False
1781293130.4570, 0.002343,False
1781293130.6661, 0.000684,False
1781293130.6719, 0.009234,False
1781293130.6772, 0.007547,False
1781293130.6837, 0.005381,False
1781293130.6903, 0.003975,False
1781293130.6962, 0.002406,False
1781293130.7038, 0.000658,False
1781293130.7109, 0.008720,False
1781293130.9174, 0.007212,False
1781293130.9222, 0.005757,False
1781293130.9269, 0.004332,False
1781293130.9317, 0.002953,False
1781293130.9362, 0.001371,False
1781293130.9408, 0.000483,False
1781293130.9457, 0.008854,False
1781293130.9501, 0.007099,False
1781293131.1908, 0.005708,False
1781293131.1962, 0.003481,False
1781293131.2004, 0.000103,False
1781293131.2069, 0.000240,False
1781293131.2118, 0.008439,False
1781293131.2164, 0.006337,False
1781293131.2208, 0.004734,False
1781293131.2252, 0.003039,False
1781293131.4485, 0.001337,False
1781293131.4532, 0.008477,False
1781293131.4605, 0.007669,False
1781293131.4666, 0.005827,False
1781293131.4725, 0.004775,False
1781293131.4771, 0.002787,False
1781293131.4815, 0.000945,False
1781293131.4858, 0.009073,False
1781293131.7004, 0.006922,False
1781293131.7050, 0.003738,False
1781293131.7118, 0.002905,False
1781293131.7169, 0.001129,False
1781293131.7214, 0.009352,False
1781293131.7266, 0.007800,False
1781293131.7310, 0.006202,False
1781293131.7354, 0.003851,False
1781293131.9454, 0.001945,False
1781293131.9503, 0.000370,False
1781293131.9549, 0.008639,False
1781293131.9598, 0.007092,False
1781293131.9649, 0.004915,False
1781293131.9693, 0.002978,False
1781293131.9737, 0.001040,False
1781293131.9782, 0.009212,False
1781293132.2158, 0.007444,False
1781293132.2247, 0.005066,False
1781293132.2313, 0.003270,False
1781293132.2381, 0.001323,False
1781293132.2451, 0.009634,False
1781293132.2503, 0.008201,False
1781293132.2549, 0.006167,False
1781293132.2595, 0.004594,False
1781293132.2638, 0.002781,False
1781293132.4837, 0.000941,False
1781293132.4921, 0.009117,False
1781293132.4978, 0.006929,False
1781293132.5023, 0.004566,False
1781293132.5068, 0.003161,False
1781293132.5114, 0.001545,False
1781293132.5158, 0.000096,False
1781293132.5223, 0.006947,False
1781293132.7402, 0.004808,False
1781293132.7470, 0.002642,False
1781293132.7517, 0.001167,False
1781293132.7561, 0.009591,False
1781293132.7607, 0.007638,False
1781293132.7652, 0.005950,False
1781293132.7698, 0.003926,False
1781293132.7742, 0.002081,False
1781293133.1075, 0.000000,False
1781293133.1130, 0.007811,False
1781293133.1191, 0.006270,False
1781293133.1253, 0.004225,False
1781293133.1300, 0.002498,False
1781293133.1349, 0.000419,False
1781293133.1399, 0.008453,False
1781293133.1443, 0.005536,False
1781293133.2578, 0.004247,False
1781293133.2633, 0.001945,False
1781293133.2686, 0.000224,False
1781293133.2760, 0.007774,False
1781293133.2836, 0.005813,False
1781293133.2891, 0.004220,False
1781293133.2949, 0.001786,False
1781293133.3018, 0.009997,False
1781293133.4008, 0.008194,False
1781293133.4064, 0.006362,False
1781293133.4122, 0.003852,False
1781293133.4178, 0.002420,False
1781293133.4228, 0.000678,False
1781293133.4277, 0.008496,False
1781293133.5118, 0.007216,False
1781293133.5198, 0.005253,False
1781293133.7753, 0.003806,False
1781293133.7809, 0.002082,False
1781293133.7863, 0.000738,False
1781293133.7915, 0.008443,False
1781293133.7967, 0.006473,False
1781293133.8013, 0.004641,False
1781293133.8060, 0.002944,False
1781293133.8105, 0.001618,False
1781293134.0220, 0.009814,False
1781293134.0305, 0.007977,False
1781293134.0355, 0.005885,False
1781293134.0399, 0.000099,False
1781293134.0466, 0.001939,False
1781293134.0512, 0.010061,False
1781293134.0560, 0.008358,False
1781293134.0613, 0.006754,False
1781293134.2925, 0.005112,False
1781293134.2977, 0.003288,False
1781293134.3026, 0.001228,False
1781293134.3072, 0.009126,False
1781293134.3131, 0.007375,False
1781293134.3183, 0.006197,False
1781293134.3232, 0.003779,False
1781293134.3285, 0.002208,False
1781293134.3330, 0.000596,False
1781293134.5385, 0.008405,False
1781293134.5434, 0.006783,False
1781293134.5480, 0.004583,False
1781293134.5528, 0.002306,False
1781293134.5575, 0.000552,False
1781293134.5625, 0.007661,False
1781293134.5704, 0.006640,False
1781293134.8018, 0.004938,False
1781293134.8069, 0.003219,False
1781293134.8119, 0.001164,False
1781293134.8169, 0.008770,False
1781293134.8217, 0.007198,False
1781293134.8272, 0.005431,False
1781293134.8323, 0.002109,False
1781293134.8396, 0.001420,False
1781293134.8441, 0.009492,False
1781293135.0634, 0.007980,False
1781293135.0683, 0.006232,False
1781293135.0736, 0.004288,False
1781293135.0794, 0.002738,False
1781293135.0843, 0.000563,False
1781293135.0890, 0.008924,False
1781293135.0943, 0.007008,False
1781293135.0990, 0.004984,False
1781293135.3266, 0.003311,False
1781293135.3322, 0.001577,False
1781293135.3378, 0.010062,False
1781293135.3427, 0.008085,False
1781293135.3475, 0.005931,False
1781293135.3519, 0.003648,False
1781293135.3566, 0.002128,False
1781293135.3608, 0.000133,False
1781293135.5727, 0.008178,False
1781293135.5777, 0.006313,False
1781293135.5824, 0.004734,False
1781293135.5872, 0.003131,False
1781293135.5920, 0.001548,False
1781293135.5966, 0.009841,False
1781293135.6010, 0.008196,False
1781293135.6059, 0.005900,False
1781293135.8430, 0.004221,False
1781293135.8486, 0.002785,False
1781293135.8536, 0.000613,False
1781293135.8586, 0.009076,False
1781293135.8630, 0.007415,False
1781293135.8678, 0.004973,False
1781293135.8724, 0.002939,False
1781293135.8766, 0.000798,False
1781293136.0940, 0.008923,False
1781293136.0990, 0.007049,False
1781293136.1036, 0.005254,False
1781293136.1083, 0.003089,False
1781293136.1127, 0.000697,False
1781293136.1174, 0.009268,False
1781293136.1221, 0.007265,False
1781293136.1267, 0.005639,False
1781293136.3072, 0.004187,False
1781293136.3140, 0.002048,False
1781293136.3199, 0.000214,False
1781293136.3269, 0.008427,False
1781293136.3349, 0.005864,False
1781293136.3426, 0.005298,False
1781293136.3498, 0.003476,False
1781293136.3547, 0.001482,False
1781293136.3594, 0.009410,False
1781293136.3644, 0.007575,False
1781293166.2745, 0.001130,True
1781293166.2801, 0.009227,True
1781293166.2867, 0.007082,True
1781293166.2917, 0.005127,True
1781293166.2969, 0.002858,True
1781293166.3026, 0.001085,True
1781293166.3077, 0.009540,True
1781293166.3126, 0.008131,True
1781293166.3171, 0.000114,True
1781293166.3242, 0.004803,True
1781293166.3290, 0.002894,True
1781293166.3336, 0.001360,True
1781293166.3384, 0.009998,True
1781293166.3443, 0.008287,True
1781293166.3495, 0.006349,True
1781293166.3544, 0.004806,True
1781293166.3588, 0.002898,True
1781293166.3634, 0.000790,True
1781293166.3680, 0.008905,True
1781293166.3726, 0.006667,True
1781293166.3772, 0.005194,True
1781293166.3817, 0.002865,True
1781293166.3861, 0.001508,True
1781293166.3913, 0.009452,True
1781293166.3963, 0.007137,True
1781293166.4014, 0.005695,True
1781293166.4066, 0.003856,True
1781293166.4112, 0.002195,True
1781293166.4160, 0.000328,True
1781293166.4212, 0.008407,True
1781293166.4257, 0.006773,True
1781293166.4301, 0.004985,True
1781293166.4354, 0.003174,True
1781293166.4403, 0.001055,True
1781293166.4448, 0.009439,True
1781293166.4494, 0.007092,True
1781293166.4559, 0.005793,True
1781293166.4604, 0.004007,True
1781293166.4652, 0.002306,True
1781293166.4705, 0.000448,True
1781293166.4750, 0.008389,True
1781293166.4794, 0.006473,True
1781293166.4841, 0.004535,True
1781293166.4883, 0.002957,True
1781293166.4949, 0.001367,True
1781293166.4996, 0.009773,True
1781293166.5042, 0.008191,True
1781293166.5087, 0.006458,True
1781293166.5130, 0.004796,True
1781293166.5175, 0.002998,True
1781293166.5221, 0.001264,True
1781293166.5265, 0.009685,True
1781293166.5310, 0.008040,True
1781293166.5353, 0.000153,True
1781293166.5427, 0.004042,True
1781293166.5488, 0.002385,True
1781293166.5533, 0.000431,True
1781293166.5578, 0.008305,True
1781293166.5627, 0.006459,True
1781293166.5672, 0.005122,True
1781293166.5718, 0.003284,True
1781293166.5764, 0.001291,True
1781293166.5811, 0.009455,True
1781293166.5855, 0.007583,True
1781293166.5901, 0.005828,True
1781293166.5949, 0.003812,True
1781293166.6001, 0.001830,True
1781293166.6050, 0.010068,True
1781293166.6099, 0.008373,True
1781293166.6148, 0.006319,True
1781293166.6192, 0.004682,True
1781293166.6237, 0.003172,True
1781293166.6282, 0.001585,True
1781293166.6326, 0.010057,True
1781293166.6369, 0.008157,True
1781293166.6413, 0.006653,True
1781293166.6457, 0.004689,True
1781293166.6500, 0.002992,True
1781293166.6544, 0.000758,True
1781293166.6588, 0.008629,True
1781293166.6633, 0.006947,True
1781293166.6677, 0.005261,True
1781293166.6721, 0.003824,True
1781293166.6767, 0.001720,True
1781293166.6812, 0.009583,True
1781293166.6858, 0.008310,True
1781293166.6904, 0.006281,True
1781293166.6951, 0.004480,True
1781293166.6998, 0.002706,True
1781293166.7047, 0.001495,True
1781293166.7090, 0.009467,True
1781293166.7156, 0.008264,True
1781293166.7200, 0.006678,True
1781293166.7251, 0.004842,True
1781293166.7296, 0.003030,True
1781293166.7341, 0.000803,True
1781293166.7390, 0.008964,True
1781293166.7437, 0.007130,True
1781293166.7479, 0.000139,True
1781293166.7547, 0.002969,True
1781293166.7592, 0.001073,True
1781293166.7639, 0.009156,True
1781293166.7686, 0.007856,True
1781293166.7733, 0.006167,True
1781293166.7776, 0.004906,True
1781293166.7822, 0.002584,True
1781293166.7865, 0.000653,True
1781293166.7932, 0.009460,True
1781293166.7978, 0.007876,True
1781293166.8029, 0.006280,True
1781293166.8076, 0.004500,True
1781293166.8120, 0.002575,True
1781293166.8164, 0.000277,True
1781293166.8210, 0.008749,True
1781293166.8258, 0.007095,True
1781293166.8307, 0.005110,True
1781293166.8367, 0.003377,True
1781293166.8421, 0.001509,True
1781293166.8477, 0.009760,True
1781293173.2329, 0.003163,False
1781293173.2378, 0.001674,False
1781293173.2423, 0.009845,False
1781293173.2472, 0.008417,False
1781293173.2516, 0.006283,False
1781293173.2561, 0.004777,False
1781293173.2606, 0.002119,False
1781293173.3518, 0.000482,False
1781293173.3587, 0.009543,False
1781293173.3642, 0.008294,False
1781293173.3689, 0.006865,False
1781293173.3735, 0.004959,False
1781293173.3790, 0.002783,False
1781293173.3836, 0.001517,False
1781293173.3880, 0.009564,False
1781293173.3922, 0.008210,False
1781293173.6012, 0.006474,False
1781293173.6063, 0.004825,False
1781293173.6111, 0.003150,False
1781293173.6164, 0.001552,False
1781293173.6208, 0.001330,False
1781293173.6274, 0.008358,False
1781293173.6325, 0.006452,False
1781293173.6368, 0.004819,False
1781293173.8488, 0.000132,False
1781293173.8559, 0.001324,False
1781293173.8610, 0.009269,False
1781293173.8659, 0.007512,False
1781293173.8706, 0.006319,False
1781293173.8757, 0.005002,False
1781293173.8805, 0.002982,False
1781293173.8850, 0.001830,False
1781293174.1100, 0.010021,False
1781293174.1181, 0.008422,False
1781293174.1242, 0.006262,False
1781293174.1315, 0.004275,False
1781293174.1374, 0.002254,False
1781293174.1420, 0.000636,False
1781293174.1478, 0.009113,False
1781293174.1523, 0.007941,False
1781293174.3672, 0.006345,False
1781293174.3727, 0.004412,False
1781293174.3779, 0.003385,False
1781293174.3833, 0.001830,False
1781293174.3880, 0.009599,False
1781293174.3925, 0.007955,False
1781293174.3976, 0.006207,False
1781293174.4023, 0.004306,False
1781293174.6344, 0.002097,False
1781293174.6402, 0.000233,False
1781293174.6451, 0.008269,False
1781293174.6505, 0.005795,False
1781293174.6554, 0.004081,False
1781293174.6600, 0.001678,False
1781293174.6651, 0.009747,False
1781293174.6697, 0.007804,False
1781293174.8804, 0.005762,False
1781293174.8852, 0.003968,False
1781293174.8904, 0.002141,False
1781293174.8956, 0.000474,False
1781293174.9008, 0.008505,False
1781293174.9060, 0.007249,False
1781293174.9113, 0.005468,False
1781293174.9180, 0.003517,False
1781293175.1470, 0.001798,False
1781293175.1518, 0.010000,False
1781293175.1566, 0.008489,False
1781293175.1610, 0.006996,False
1781293175.1654, 0.005745,False
1781293175.1699, 0.000138,False
1781293175.1766, 0.001306,False
1781293175.1809, 0.009579,False
1781293175.4059, 0.007623,False
1781293175.4110, 0.005885,False
1781293175.4157, 0.004104,False
1781293175.4204, 0.002958,False
1781293175.4249, 0.000665,False
1781293175.4294, 0.008750,False
1781293175.4338, 0.006318,False
1781293175.4384, 0.004569,False
1781293175.6590, 0.002650,False
1781293175.6638, 0.000949,False
1781293175.6687, 0.009189,False
1781293175.6736, 0.007395,False
1781293175.6784, 0.005376,False
1781293175.6831, 0.003802,False
1781293175.6877, 0.001434,False
1781293175.6924, 0.009316,False
1781293175.9173, 0.007586,False
1781293175.9229, 0.006073,False
1781293175.9285, 0.004213,False
1781293175.9338, 0.002739,False
1781293175.9386, 0.000577,False
1781293175.9434, 0.008989,False
1781293175.9485, 0.007357,False
1781293175.9531, 0.005757,False
1781293176.1753, 0.003524,False
1781293176.1802, 0.001268,False
1781293176.1851, 0.009048,False
1781293176.1897, 0.006919,False
1781293176.1943, 0.005050,False
1781293176.1989, 0.003696,False
1781293176.2034, 0.001715,False
1781293176.2077, 0.009788,False
1781293176.2122, 0.007828,False
1781293176.3245, 0.006001,False
1781293176.3296, 0.004012,False
1781293176.3342, 0.002579,False
1781293176.3388, 0.000955,False
1781293176.3436, 0.009096,False
1781293176.3482, 0.007462,False
1781293176.4312, 0.005379,False
1781293176.4364, 0.003544,False
1781293176.6897, 0.001646,False
1781293176.6945, 0.000138,False
1781293176.8070, 0.008642,False
1781293176.8117, 0.007040,False
1781293176.8164, 0.005322,False
1781293176.8216, 0.003422,False
1781293176.8260, 0.001733,False
1781293176.8304, 0.010229,False
1781293176.9330, 0.008166,False
1781293176.9377, 0.006381,False
1781293176.9421, 0.004400,False
1781293176.9466, 0.002774,False
1781293176.9512, 0.001037,False
1781293176.9559, 0.009170,False
1781293176.9605, 0.007309,False
1781293176.9654, 0.005649,False
1781293177.2065, 0.003728,False
1781293177.2124, 0.002463,False
1781293177.2197, 0.000949,False
1781293177.2251, 0.008655,False
1781293177.2312, 0.006538,False
1781293177.2365, 0.004684,False
1781293177.2411, 0.002520,False
1781293177.2456, 0.000537,False
1781293177.4629, 0.008650,False
1781293177.4678, 0.007192,False
1781293177.4725, 0.005171,False
1781293177.4787, 0.003178,False
1781293177.4842, 0.001196,False
1781293177.4887, 0.009012,False
1781293177.4934, 0.007131,False
1781293177.4979, 0.006048,False
1781293177.7228, 0.004288,False
1781293177.7283, 0.002656,False
1781293177.7338, 0.001174,False
1781293177.7394, 0.009545,False
1781293177.7439, 0.008069,False
1781293177.7487, 0.006994,False
1781293177.7533, 0.004784,False
1781293177.7576, 0.003152,False
1781293177.8712, 0.001279,False
1781293177.8758, 0.008933,False
1781293177.9825, 0.007598,False
1781293177.9903, 0.005869,False
1781293178.0916, 0.004382,False
1781293178.0965, 0.002660,False
1781293178.1011, 0.000129,False
1781293178.1083, 0.008901,False
1781293178.2385, 0.007471,False
1781293178.2453, 0.005591,False
1781293178.2509, 0.003412,False
1781293178.2565, 0.001574,False
1781293178.2620, 0.009536,False
1781293178.2674, 0.007946,False
1781293178.2727, 0.006189,False
1781293178.2782, 0.004277,False
1781293178.2829, 0.002672,False
1781293178.5039, 0.000566,False
1781293178.5086, 0.008552,False
1781293178.5135, 0.006811,False
1781293178.5181, 0.005024,False
1781293178.5225, 0.003363,False
1781293178.5270, 0.001104,False
1781293178.5316, 0.009333,False
1781293178.5360, 0.007735,False
1781293178.7587, 0.006627,False
1781293178.7640, 0.004770,False
1781293178.7695, 0.002683,False
1781293178.7742, 0.000856,False
1781293178.7793, 0.008984,False
1781293178.7841, 0.006929,False
1781293178.7885, 0.004727,False
1781293178.7928, 0.003040,False
1781293179.0171, 0.001227,False
1781293179.0234, 0.009372,False
1781293179.0282, 0.008270,False
1781293179.0327, 0.006204,False
1781293179.0374, 0.004806,False
1781293179.0418, 0.003914,False
1781293179.0465, 0.002634,False
1781293179.0509, 0.000576,False
1781293179.2721, 0.008718,False
1781293179.2769, 0.006368,False
1781293179.2815, 0.004202,False
1781293179.2860, 0.003379,False
1781293179.2905, 0.001496,False
1781293179.2949, 0.009954,False
1781293179.2996, 0.007942,False
1781293179.3040, 0.006326,False
1781293179.5325, 0.004305,False
1781293179.6449, 0.002096,False
1781293179.6529, 0.000080,False
1781293179.6607, 0.008056,False
1781293179.6653, 0.006098,False
1781293179.6704, 0.004432,False
1781293179.6756, 0.002030,False
1781293179.6804, 0.001021,False
1781293179.7886, 0.009406,False
1781293179.7941, 0.007729,False
1781293179.7995, 0.006155,False
1781293179.8044, 0.004053,False
1781293179.8092, 0.002064,False
1781293179.8150, 0.000974,False
1781293179.8212, 0.008856,False
1781293179.8278, 0.007093,False
1781293180.0496, 0.005383,False
1781293180.0551, 0.003463,False
1781293180.0599, 0.001401,False
1781293180.0644, 0.009632,False
1781293180.0689, 0.008092,False
1781293180.0734, 0.006078,False
1781293180.0781, 0.004001,False
1781293180.0826, 0.002771,False
1781293180.0870, 0.000757,False
1781293180.3091, 0.008931,False
1781293180.3144, 0.007302,False
1781293180.3198, 0.006015,False
1781293180.3250, 0.004177,False
1781293180.3303, 0.002637,False
1781293180.3352, 0.000666,False
1781293180.3398, 0.008743,False
1781293180.3443, 0.007425,False
1781293180.5578, 0.005829,False
1781293180.5631, 0.004064,False
1781293180.5686, 0.002540,False
1781293180.5737, 0.001448,False
1781293180.5796, 0.009614,False
1781293180.5846, 0.007688,False
1781293180.5901, 0.005570,False
1781293180.5949, 0.003975,False
1781293180.8259, 0.002085,False
1781293180.8313, 0.000497,False
1781293180.8379, 0.009359,False
1781293180.8432, 0.007180,False
1781293180.8486, 0.005678,False
1781293180.8533, 0.003858,False
1781293180.8577, 0.000144,False
1781293180.8660, 0.001244,False
1781293181.0808, 0.009898,False
1781293181.0857, 0.007910,False
1781293181.0906, 0.005322,False
1781293181.0955, 0.003452,False
1781293181.1005, 0.001365,False
1781293181.1050, 0.000294,False
1781293181.1118, 0.007784,False
1781293181.1164, 0.006012,False
1781293181.3399, 0.005099,False
1781293181.3457, 0.003336,False
1781293181.3518, 0.002745,False
1781293181.3564, 0.009624,False
1781293181.3619, 0.008004,False
1781293181.3679, 0.006730,False
1781293181.3726, 0.004334,False
1781293181.3770, 0.002607,False
1781293181.5950, 0.000900,False
1781293181.6034, 0.009373,False
1781293181.6111, 0.007421,False
1781293181.6176, 0.005411,False
1781293181.6240, 0.003413,False
1781293181.6305, 0.001970,False
1781293181.6367, 0.000792,False
1781293181.6430, 0.009079,False
1781293181.6495, 0.007000,False
1781293181.6552, 0.004962,False
1781293181.6610, 0.003203,False
1781293181.6666, 0.000938,False
1781293223.0997, 0.005457,True
1781293223.1045, 0.000107,True
1781293223.1111, 0.002970,True
1781293223.1157, 0.001286,True
1781293223.1204, 0.009181,True
1781293223.1252, 0.006189,True
1781293223.1332, 0.005083,True
1781293223.1381, 0.003188,True
1781293223.1437, 0.001736,True
1781293223.1491, 0.000410,True
1781293223.1537, 0.009088,True
1781293223.1591, 0.007059,True
1781293223.1636, 0.005282,True
1781293223.1680, 0.002225,True
1781293223.1749, 0.000124,True
1781293223.1819, 0.010014,True
1781293223.1865, 0.008425,True
1781293223.1910, 0.006961,True
1781293223.1954, 0.005671,True
1781293223.1999, 0.003784,True
1781293223.2045, 0.002019,True
1781293223.2091, 0.000603,True
1781293223.2135, 0.008310,True
1781293223.2181, 0.007187,True
1781293223.2227, 0.005266,True
1781293223.2271, 0.003449,True
1781293223.2316, 0.001767,True
1781293223.2361, 0.000247,True
1781293223.2406, 0.008992,True
1781293223.2452, 0.006981,True
1781293223.2498, 0.005105,True
1781293223.2549, 0.003626,True
1781293223.2595, 0.001793,True
1781293223.2641, 0.010109,True
1781293223.2687, 0.008140,True
1781293223.2733, 0.006175,True
1781293223.2781, 0.004624,True
1781293223.2831, 0.003292,True
1781293223.2877, 0.001236,True
1781293223.2921, 0.009408,True
1781293223.2966, 0.007778,True
1781293223.3010, 0.005571,True
1781293223.3054, 0.003851,True
1781293223.3099, 0.001640,True
1781293223.3144, 0.009861,True
1781293223.3188, 0.008492,True
1781293223.3233, 0.006791,True
1781293223.3280, 0.005082,True
1781293223.3328, 0.003671,True
1781293223.3380, 0.002488,True
1781293223.3424, 0.001267,True
1781293223.3467, 0.009588,True
1781293223.3512, 0.008123,True
1781293223.3555, 0.006727,True
1781293223.3600, 0.004921,True
1781293223.3648, 0.002708,True
1781293223.3699, 0.001164,True
1781293223.3746, 0.009186,True
1781293223.3795, 0.007173,True
1781293223.3842, 0.000136,True
1781293223.3910, 0.003429,True
1781293223.3954, 0.001593,True
1781293223.3999, 0.010083,True
1781293223.4045, 0.008244,True
1781293223.4090, 0.006302,True
1781293223.4136, 0.004973,True
1781293223.4180, 0.002891,True
1781293223.4224, 0.001631,True
1781293223.4267, 0.008802,True
1781293223.4334, 0.007957,True
1781293223.4378, 0.006158,True
1781293223.4422, 0.003916,True
1781293223.4473, 0.002152,True
1781293223.4519, 0.010052,True
1781293223.4565, 0.008224,True
1781293223.4613, 0.007012,True
1781293223.4670, 0.004272,True
1781293223.4739, 0.003258,True
1781293223.4788, 0.001606,True
1781293223.4836, 0.009841,True
1781293223.4882, 0.007634,True
1781293223.4930, 0.005744,True
1781293223.4978, 0.003837,True
1781293223.5024, 0.002178,True
1781293223.5070, 0.010031,True
1781293223.5115, 0.008009,True
1781293223.5160, 0.006290,True
1781293223.5205, 0.004631,True
1781293223.5251, 0.002140,True
1781293223.5301, 0.000348,True
1781293223.5348, 0.008936,True
1781293223.5396, 0.007460,True
1781293223.5443, 0.005281,True
1781293223.5490, 0.003174,True
1781293223.5536, 0.001376,True
1781293223.5586, 0.009606,True
1781293223.5636, 0.007606,True
1781293223.5681, 0.005420,True
1781293223.5726, 0.003787,True
1781293223.5772, 0.001913,True
1781293223.5820, 0.000640,True
1781293223.5865, 0.008410,True
1781293223.5912, 0.006370,True
1781293223.5959, 0.004496,True
1781293223.6003, 0.000140,True
1781293223.6071, 0.000547,True
1781293223.6120, 0.008408,True
1781293223.6169, 0.007243,True
1781293223.6215, 0.005003,True
1781293223.6262, 0.003162,True
1781293223.6308, 0.001434,True
1781293223.6354, 0.009425,True
1781293223.6401, 0.007588,True
1781293223.6446, 0.005661,True
1781293223.6494, 0.003598,True
1781293223.6540, 0.001382,True
1781293223.6586, 0.009405,True
1781293223.6632, 0.007886,True
1781293223.6677, 0.005736,True
1781293223.6723, 0.004135,True
1781293223.6768, 0.002243,True
1781293223.6814, 0.000351,True
1781293223.6861, 0.008637,True
1781293223.6906, 0.005438,True
1781293223.6976, 0.004688,True
1781293223.7023, 0.003139,True
1781293223.7072, 0.000993,True
1781293223.7119, 0.009078,True
1781293223.7167, 0.007123,True
1781293223.7215, 0.005066,True
1781293223.7264, 0.003105,True
1781293223.7309, 0.000374,True
1781293223.7392, 0.009147,True
1781293223.7446, 0.006983,True
1781293223.7492, 0.004979,True
1781293223.7540, 0.002898,True
1781293223.7586, 0.001157,True
1781293223.7634, 0.009165,True
1781293223.7687, 0.007532,True
1781293223.7734, 0.006051,True
1781293223.7783, 0.004030,True
1781293223.7830, 0.001994,True
1781293223.7878, 0.009809,True
1781293223.7924, 0.007437,True
1781293223.7970, 0.005720,True
1781293223.8058, 0.004150,True
1781293223.8103, 0.002330,True
1781293223.8151, 0.000420,True
1781293223.8196, 0.008597,True
1781293223.8238, 0.000110,True
1781293223.8311, 0.004758,True
1781293223.8356, 0.003274,True
1781293223.8413, 0.001315,True
1781293223.8474, 0.009747,True
1781293223.8542, 0.007586,True
1781293223.8587, 0.005482,True
1781293223.8631, 0.003683,True
1781293223.8684, 0.001912,True
1781293223.8732, 0.010122,True
1781293223.8782, 0.009582,True
1781293223.8833, 0.007375,True
1781293223.8879, 0.005482,True
1781293223.8926, 0.003557,True
1781293223.8974, 0.002080,True
1781293223.9024, 0.000798,True
1781293223.9071, 0.009212,True
1781293223.9115, 0.007179,True
1781293223.9159, 0.004747,True
1781293223.9203, 0.003261,True
1781293223.9247, 0.001962,True
1781293223.9294, 0.000324,True
1781293223.9345, 0.008235,True
1781293223.9391, 0.006152,True
1781293223.9438, 0.003859,True
1781293223.9490, 0.002629,True
1781293223.9537, 0.000807,True
1781293223.9583, 0.009113,True
1781293223.9628, 0.007476,True
1781293223.9676, 0.004687,True
1781293223.9745, 0.003824,True
1781293223.9791, 0.002189,True
1781293223.9839, 0.000351,True
1781293223.9884, 0.008450,True
1781293223.9929, 0.006322,True
1781293223.9973, 0.004628,True
1781293224.0018, 0.002663,True
1781293224.0062, 0.000937,True
1781293224.0106, 0.009000,True
1781293224.0150, 0.007114,True
1781293224.0195, 0.005260,True
1781293224.0238, 0.003113,True
1781293224.0283, 0.002150,True
1781293224.0329, 0.009732,True
1781293224.0373, 0.008135,True
1781293224.0416, 0.000113,True
1781293224.0484, 0.004721,True
1781293224.0531, 0.002913,True
1781293224.0575, 0.000979,True
1781293224.0634, 0.009540,True
1781293224.0688, 0.007856,True
1781293224.0760, 0.006136,True
1781293224.0817, 0.004253,True
1781293224.0867, 0.002198,True
1781293224.0916, 0.000538,True
1781293224.0967, 0.009046,True
1781293224.1024, 0.007620,True
1781293224.1073, 0.005872,True
1781293224.1121, 0.004332,True
1781293224.1168, 0.002500,True
1781293224.1215, 0.000336,True
1781293224.1265, 0.008756,True
1781293224.1320, 0.006866,True
1781293224.1368, 0.005486,True
1781293224.1415, 0.003306,True
1781293224.1462, 0.000775,True
1781293224.1507, 0.008594,True
1781293224.1555, 0.006612,True
1781293224.1602, 0.004630,True
1781293224.1649, 0.003462,True
1781293224.1705, 0.002709,True
1781293224.1755, 0.001072,True
1781293224.1813, 0.009313,True
1781293224.1861, 0.007218,True
1781293224.1920, 0.006053,True
1781293224.1967, 0.004648,True
1781293224.2019, 0.002762,True
1781293224.2066, 0.001235,True
1781293224.2118, 0.008906,True
1781293224.2171, 0.007339,True
1781293224.2217, 0.005793,True
1781293224.2264, 0.003823,True
1781293224.2314, 0.002322,True
1781293224.2359, 0.000359,True
1781293224.2403, 0.008324,True
1781293224.2470, 0.007470,True
1781293224.2515, 0.006189,True
1781293224.2569, 0.003576,True
1781293224.2615, 0.001928,True
1781293224.2661, 0.000439,True
1781293224.2707, 0.000137,True
1781293224.2777, 0.006619,True
1781293224.2822, 0.003531,True
1781293224.2893, 0.003211,True
1781293224.2940, 0.001451,True
1781293224.2988, 0.009324,True
1781293224.3036, 0.007552,True
1781293224.3082, 0.005842,True
1781293224.3129, 0.004436,True
1781293224.3178, 0.002723,True
1781293224.3225, 0.000728,True
1781293224.3270, 0.008426,True
1781293224.3314, 0.006687,True
1781293224.3366, 0.004487,True
1781293224.3411, 0.003094,True
1781293224.3455, 0.001433,True
1781293224.3501, 0.009644,True
1781293224.3547, 0.007769,True
1781293224.3592, 0.005861,True
1781293224.3641, 0.002335,True
1781293224.3701, 0.001849,True
1781293224.3747, 0.009666,True
1781293224.3793, 0.008198,True
1781293224.3840, 0.006321,True
1781293224.3885, 0.004748,True
1781293224.3932, 0.003295,True
1781293224.3981, 0.001210,True
1781293224.4028, 0.009377,True
1781293224.4075, 0.007478,True
1781293224.4122, 0.005055,True
1781293224.4183, 0.003182,True
1781293224.4229, 0.001473,True
1781293224.4276, 0.009292,True
1781293224.4322, 0.007334,True
1781293224.4368, 0.005486,True
1781293224.4414, 0.003381,True
1781293224.4460, 0.001209,True
1781293224.4505, 0.009525,True
1781293224.4553, 0.007513,True
1781293224.4599, 0.006231,True
1781293224.4648, 0.004661,True
1781293224.4693, 0.002626,True
1781293224.4739, 0.000694,True
1781293224.4783, 0.009213,True
1781293224.4829, 0.007333,True
1781293224.4874, 0.000149,True
1781293224.4943, 0.003724,True
1781293224.4988, 0.002180,True
1781293224.5034, 0.009966,True
1781293224.5079, 0.007375,True
1781293224.5156, 0.006569,True
1781293224.5204, 0.004633,True
1781293224.5250, 0.002844,True
1781293224.5294, 0.001165,True
1781293224.5342, 0.009562,True
1781293224.5388, 0.007753,True
1781293224.5434, 0.005608,True
1781293224.5480, 0.002908,True
1781293224.5549, 0.002156,True
1781293224.5593, 0.000646,True
1781293224.5638, 0.008505,True
1781293224.5683, 0.006155,True
1781293224.5728, 0.004531,True
1781293224.5773, 0.002269,True
1781293224.5829, 0.000737,True
1781293224.5881, 0.009592,True
1781293224.5937, 0.008338,True
1781293224.6015, 0.006708,True
1781293224.6063, 0.005152,True
1781293224.6110, 0.003804,True
1781293224.6157, 0.001923,True
1781293224.6206, 0.010028,True
1781293224.6253, 0.008229,True
1781293224.6300, 0.006065,True
1781293224.6347, 0.003943,True
1781293224.6394, 0.002352,True
1781293224.6439, 0.000556,True
1781293224.6487, 0.008464,True
1781293224.6534, 0.006622,True
1781293224.6581, 0.004308,True
1781293224.6630, 0.002372,True
1781293224.6677, 0.000363,True
1781293224.6723, 0.008654,True
1781293224.6770, 0.006175,True
1781293224.6816, 0.004475,True
1781293224.6864, 0.002630,True
1781293224.6910, 0.000843,True
1781293224.6966, 0.008721,True
1781293224.7012, 0.007680,True
1781293224.7060, 0.005626,True
1781293224.7106, 0.000141,True
1781293224.7173, 0.002712,True
1781293224.7218, 0.001213,True
1781293224.7264, 0.009765,True
1781293224.7309, 0.007635,True
1781293224.7353, 0.005503,True
1781293224.7403, 0.003600,True
1781293224.7455, 0.001809,True
1781293224.7501, 0.000603,True
1781293224.7548, 0.009544,True
1781293224.7594, 0.007655,True
1781293224.7641, 0.005851,True
1781293224.7685, 0.004057,True
1781293224.7740, 0.001855,True
1781293224.7786, 0.000842,True
1781293224.7830, 0.008667,True
1781293224.7877, 0.006803,True
1781293224.7925, 0.004629,True
1781293224.7973, 0.002939,True
1781293224.8021, 0.000889,True
1781293224.8068, 0.009054,True
1781293224.8113, 0.006738,True
1781293224.8158, 0.003538,True
1781293224.8229, 0.003185,True
1781293224.8276, 0.001764,True
1781293224.8325, 0.009619,True
1781293224.8372, 0.007347,True
1781293224.8434, 0.004888,True
1781293224.8479, 0.003327,True
1781293224.8535, 0.001524,True
1781293224.8583, 0.000664,True
1781293224.8630, 0.009042,True
1781293224.8690, 0.006974,True
1781293224.8743, 0.005574,True
1781293224.8795, 0.003934,True
1781293224.8841, 0.002477,True
1781293224.8887, 0.000610,True
1781293224.8933, 0.008789,True
1781293224.8983, 0.006733,True
1781293224.9028, 0.004901,True
1781293224.9073, 0.003089,True
1781293224.9118, 0.001774,True
1781293224.9165, 0.009940,True
1781293224.9210, 0.008320,True
1781293224.9254, 0.006410,True
1781293224.9297, 0.000128,True
1781293224.9363, 0.003256,True
1781293224.9409, 0.001378,True
1781293224.9456, 0.009580,True
1781293224.9502, 0.007968,True
1781293224.9546, 0.005750,True
1781293224.9590, 0.003832,True
1781293224.9639, 0.002218,True
1781293224.9684, 0.000328,True
1781293224.9728, 0.008439,True
1781293224.9772, 0.006138,True
1781293224.9818, 0.004600,True
1781293224.9868, 0.003104,True
1781293224.9920, 0.001665,True
1781293224.9977, 0.010254,True
1781293225.0022, 0.008900,True
1781293225.0068, 0.007151,True
1781293225.0115, 0.005248,True
1781293225.0160, 0.003766,True
1781293225.0207, 0.001651,True
1781293225.0256, 0.009632,True
1781293225.0303, 0.007852,True
1781293225.0351, 0.005960,True
1781293225.0400, 0.003995,True
1781293225.0448, 0.001923,True
1781293225.0496, 0.000708,True
1781293225.0542, 0.008886,True
1781293225.0588, 0.007278,True
1781293225.0636, 0.005784,True
1781293225.0685, 0.004091,True
1781293225.0733, 0.002228,True
1781293225.0780, 0.000597,True
1781293225.0827, 0.007649,True
1781293225.0894, 0.006668,True
1781293225.0940, 0.005080,True
1781293225.0990, 0.002863,False
1781293225.1037, 0.001399,False
1781293225.1081, 0.009097,False
1781293225.1129, 0.007356,False
1781293225.1174, 0.005320,False
1781293225.1217, 0.002327,False
1781293225.1283, 0.001206,False
1781293225.1327, 0.009692,False
1781293225.1371, 0.007539,False
1781293225.1416, 0.005443,False
1781293225.1462, 0.000132,False
1781293225.1528, 0.002561,False
1781293225.1573, 0.000640,False
1781293225.1619, 0.008491,False
1781293225.1667, 0.006758,False
1781293225.1716, 0.005058,False
1781293225.1762, 0.003409,False
1781293225.1809, 0.001588,False
1781293225.1856, 0.009650,False
1781293225.1902, 0.007557,False
1781293225.1948, 0.006059,False
1781293225.1993, 0.004853,False
1781293225.2038, 0.002991,False
1781293225.2086, 0.001563,False
1781293225.2134, 0.009442,False
1781293225.2179, 0.007431,False
1781293225.2225, 0.005943,False
1781293225.2269, 0.003660,False
1781293225.2314, 0.001869,False
1781293225.2360, 0.000356,False
1781293225.2404, 0.007870,False
1781293225.2449, 0.006281,False
1781293225.2496, 0.004629,False
1781293225.2541, 0.002571,False
1781293225.2593, 0.000657,False
1781293225.2639, 0.009442,False
1781293225.2686, 0.008053,False
1781293225.2734, 0.006335,False
1781293225.2780, 0.004550,False
1781293225.2829, 0.003106,False
1781293225.2879, 0.001462,False
1781293225.2927, 0.009952,False
1781293225.2974, 0.008308,False
1781293225.3021, 0.006640,False
1781293225.3072, 0.005109,False
1781293225.3121, 0.003406,False
1781293225.3168, 0.001520,False
1781293225.3227, 0.000233,False
1781293225.3273, 0.008568,False
1781293225.3318, 0.006843,False
1781293225.3363, 0.004804,False
1781293225.3408, 0.003195,False
1781293225.3454, 0.001431,False
1781293225.3500, 0.009432,False
1781293225.3550, 0.007289,False
1781293225.3595, 0.000139,False
1781293225.3664, 0.003817,False
1781293225.3727, 0.002353,False
1781293225.3775, 0.000742,False
1781293225.3834, 0.008823,False
1781293225.3880, 0.005555,False
1781293225.3959, 0.004707,False
1781293225.4022, 0.002873,False
1781293225.4071, 0.000854,False
1781293225.4121, 0.009109,False
1781293225.4174, 0.007336,False
1781293225.4223, 0.005972,False
1781293225.4270, 0.003910,False
1781293225.4316, 0.000783,False
1781293225.4385, 0.010007,False
1781293225.4434, 0.008765,False
1781293225.4482, 0.007233,False
1781293225.4526, 0.005372,False
1781293225.4573, 0.003545,False
1781293225.4619, 0.001476,False
1781293225.4669, 0.009652,False
1781293225.4716, 0.008068,False
1781293225.4761, 0.005971,False
1781293225.4808, 0.004568,False
1781293225.4854, 0.002960,False
1781293225.4899, 0.001639,False
1781293225.4946, 0.009603,False
1781293225.4991, 0.007668,False
1781293225.5038, 0.006032,False
1781293225.5084, 0.004155,False
1781293225.5130, 0.002450,False
1781293225.5177, 0.001427,False
1781293225.5221, 0.009727,False
1781293225.5267, 0.007821,False
1781293225.5311, 0.005809,False
1781293225.5356, 0.004340,False
1781293225.5401, 0.002070,False
1781293225.5445, 0.001071,False
1781293225.5490, 0.009279,False
1781293225.5537, 0.007523,False
1781293225.5584, 0.006021,False
1781293225.5632, 0.004043,False
1781293225.5679, 0.002318,False
1781293225.5729, 0.000393,False
1781293225.5775, 0.008998,False
1781293225.5820, 0.000149,False
1781293225.5885, 0.005067,False
1781293225.5930, 0.003683,False
1781293225.5977, 0.001674,False
1781293225.6025, 0.009968,False
1781293225.6070, 0.008337,False
1781293225.6115, 0.006845,False
1781293225.6160, 0.005146,False
1781293225.6204, 0.003176,False
1781293225.6249, 0.001102,False
1781293225.6294, 0.009149,False
1781293225.6341, 0.007706,False
1781293225.6393, 0.006011,False
1781293225.6439, 0.004587,False
1781293225.6488, 0.002938,False
1781293225.6535, 0.000874,False
1781293225.6582, 0.009658,False
1781293225.6632, 0.007647,False
1781293225.6678, 0.006200,False
1781293225.6723, 0.004248,False
1781293225.6767, 0.002593,False
1781293225.6812, 0.000790,False
1781293225.6857, 0.008953,False
1781293225.6901, 0.006192,False
1781293225.6970, 0.005644,False
1781293225.7015, 0.003752,False
1781293225.7062, 0.002019,False
1781293225.7112, 0.009894,False
1781293225.7160, 0.008427,False
1781293225.7205, 0.006701,False
1781293225.7252, 0.005217,False
1781293225.7297, 0.002697,False
1781293225.7363, 0.001851,False
1781293225.7407, 0.000336,False
1781293225.7451, 0.008423,False
1781293225.7497, 0.006756,False
1781293225.7543, 0.005204,False
1781293225.7591, 0.003840,False
1781293225.7637, 0.001955,False
1781293225.7681, 0.000321,False
1781293225.7725, 0.007900,False
1781293225.7790, 0.005989,False
1781293225.7846, 0.004223,False
1781293225.7901, 0.001999,False
1781293225.7950, 0.000556,False
1781293225.7994, 0.000127,False
1781293225.8060, 0.006724,False
1781293225.8106, 0.004963,False
1781293225.8151, 0.003678,False
1781293225.8195, 0.001510,False
1781293225.8245, 0.000246,False
1781293225.8292, 0.008137,False
1781293225.8338, 0.006581,False
1781293225.8387, 0.004668,False
1781293225.8441, 0.002783,False
1781293225.8487, 0.001007,False
1781293225.8534, 0.008996,False
1781293225.8590, 0.007329,False
1781293225.8638, 0.005235,False
1781293225.8686, 0.003307,False
1781293225.8735, 0.000000,False
1781293225.8781, 0.009129,False
1781293225.8828, 0.007177,False
1781293225.8875, 0.005733,False
1781293225.8922, 0.004173,False
1781293225.8968, 0.002139,False
1781293225.9015, 0.000397,False
1781293225.9058, 0.008991,False
1781293225.9104, 0.006916,False
1781293225.9154, 0.005223,False
1781293225.9200, 0.003514,False
1781293225.9246, 0.002114,False
1781293225.9301, 0.000260,False
1781293225.9350, 0.008205,False
1781293225.9396, 0.006259,False
1781293225.9442, 0.004773,False
1781293225.9490, 0.003469,False
1781293225.9535, 0.002150,False
1781293225.9581, 0.000394,False
1781293225.9630, 0.008490,False
1781293225.9676, 0.006459,False
1781293225.9724, 0.004842,False
1781293225.9770, 0.002781,False
1781293225.9816, 0.001202,False
1781293225.9862, 0.009751,False
1781293225.9908, 0.007757,False
1781293225.9953, 0.005140,False
1781293226.0022, 0.004586,False
1781293226.0069, 0.002836,False
1781293226.0117, 0.001303,False
1781293226.0162, 0.000138,False
1781293226.0228, 0.007409,False
1781293226.0279, 0.005589,False
1781293226.0327, 0.003996,False
1781293226.0371, 0.000989,False
1781293226.0441, 0.000197,False
1781293226.0485, 0.008401,False
1781293226.0531, 0.006882,False
1781293226.0582, 0.005088,False
1781293226.0629, 0.003151,False
1781293226.0677, 0.000942,False
1781293226.0735, 0.009016,False
1781293226.0789, 0.007075,False
1781293226.0836, 0.005462,False
1781293226.0881, 0.003803,False
1781293226.0927, 0.001900,False
1781293226.0972, 0.000853,False
1781293226.1017, 0.008980,False
1781293226.1070, 0.006974,False
1781293226.1117, 0.004896,False
1781293226.1164, 0.002912,False
1781293226.1211, 0.000748,False
1781293226.1257, 0.009175,False
1781293226.1306, 0.007155,False
1781293226.1352, 0.005806,False
1781293226.1398, 0.003851,False
1781293226.1446, 0.002382,False
1781293226.1491, 0.000629,False
1781293226.1539, 0.009068,False
1781293226.1586, 0.007362,False
1781293226.1635, 0.005452,False
1781293226.1681, 0.004196,False
1781293226.1727, 0.002069,False
1781293226.1773, 0.000460,False
1781293226.1822, 0.008770,False
1781293226.1868, 0.006748,False
1781293226.1912, 0.005122,False
1781293226.1963, 0.003295,False
1781293226.2045, 0.001486,False
1781293226.2100, 0.009748,False
1781293226.2159, 0.008013,False
1781293226.2208, 0.006769,False
1781293226.2259, 0.004582,False
1781293226.2307, 0.002953,False
1781293226.2353, 0.000953,False
1781293226.2400, 0.000150,False
1781293226.2470, 0.007120,False
1781293226.2519, 0.005766,False
1781293226.2564, 0.004068,False
1781293226.2612, 0.002361,False
1781293226.2657, 0.000789,False
1781293226.2702, 0.007147,False
1781293226.2771, 0.006592,False
1781293226.2816, 0.004608,False
1781293226.2861, 0.002538,False
1781293226.2909, 0.000968,False
1781293226.2957, 0.009547,False
1781293226.3003, 0.008043,False
1781293226.3051, 0.006377,False
1781293226.3097, 0.003582,False
1781293226.3165, 0.003183,False
1781293226.3215, 0.001451,False
1781293226.3261, 0.009389,False
1781293226.3307, 0.007908,False
1781293226.3355, 0.005994,False
1781293226.3402, 0.004342,False
1781293226.3446, 0.002328,False
1781293226.3491, 0.000507,False
1781293226.3536, 0.008900,False
1781293226.3583, 0.007429,False
1781293226.3628, 0.005710,False
1781293226.3676, 0.003560,False
1781293226.3720, 0.001583,False
1781293226.3767, 0.009647,False
1781293226.3816, 0.008051,False
1781293226.3860, 0.006655,False
1781293226.3905, 0.004804,False
1781293226.3956, 0.003527,False
1781293226.4009, 0.001413,False
1781293226.4057, 0.009745,False
1781293226.4102, 0.007601,False
1781293226.4149, 0.005773,False
1781293226.4193, 0.004312,False
1781293226.4237, 0.002387,False
1781293226.4283, 0.000481,False
1781293226.4332, 0.009650,False
1781293226.4380, 0.007944,False
1781293226.4428, 0.006004,False
1781293226.4476, 0.003935,False
1781293226.4524, 0.002497,False
1781293226.4569, 0.000109,False
1781293226.4636, 0.008561,False
1781293226.4682, 0.006740,False
1781293226.4727, 0.005156,False
1781293226.4775, 0.003306,False
1781293226.4823, 0.001380,False
1781293226.4870, 0.000279,False
1781293226.4920, 0.008964,False
1781293226.4968, 0.007077,False
1781293226.5016, 0.005192,False
1781293226.5063, 0.003296,False
1781293226.5111, 0.002029,False
1781293226.5157, 0.000359,False
1781293226.5201, 0.008968,False
1781293226.5247, 0.007631,False
1781293226.5292, 0.006132,False
1781293226.5336, 0.004281,False
1781293226.5381, 0.002591,False
1781293226.5426, 0.001223,False
1781293226.5470, 0.009780,False
1781293226.5522, 0.008157,False
1781293226.5569, 0.007265,False
1781293226.5635, 0.005197,False
1781293226.5711, 0.003925,False
1781293226.5762, 0.002555,False
1781293226.5808, 0.001069,False
1781293226.5855, 0.009170,False
1781293226.5904, 0.007402,False
1781293226.5951, 0.005719,False
1781293226.6000, 0.003851,False
1781293226.6047, 0.001761,False
1781293226.6092, 0.009677,False
1781293226.6135, 0.006773,False
1781293226.6216, 0.006487,False
1781293226.6262, 0.005111,False
1781293226.6311, 0.003197,False
1781293226.6362, 0.001957,False
1781293226.6407, 0.010141,False
1781293226.6452, 0.008256,False
1781293226.6499, 0.006404,False
1781293226.6544, 0.003252,False
1781293226.6612, 0.003198,False
1781293226.6660, 0.000740,False
1781293226.6707, 0.008585,False
1781293226.6756, 0.006663,False
1781293226.6801, 0.000136,False
1781293226.6868, 0.002420,False
1781293226.6912, 0.010122,False
1781293226.6959, 0.008265,False
1781293226.7008, 0.006136,False
1781293226.7055, 0.004611,False
1781293226.7102, 0.002720,False
1781293226.7149, 0.001254,False
1781293226.7197, 0.008847,False
1781293226.7244, 0.007290,False
1781293226.7293, 0.005785,False
1781293226.7337, 0.004256,False
1781293226.7383, 0.002543,False
1781293226.7429, 0.010221,False
1781293226.7473, 0.008184,False
1781293226.7519, 0.006715,False
1781293226.7564, 0.004658,False
1781293226.7608, 0.002850,False
1781293226.7653, 0.000945,False
1781293226.7697, 0.009096,False
1781293226.7742, 0.007763,False
1781293226.7787, 0.006069,False
1781293226.7833, 0.004451,False
1781293226.7878, 0.002151,False
1781293226.7924, 0.000563,False
1781293226.7969, 0.008904,False
1781293226.8012, 0.007044,False
1781293226.8060, 0.005104,False
1781293226.8106, 0.003099,False
1781293226.8152, 0.001231,False
1781293226.8198, 0.009415,False
1781293226.8255, 0.007525,False
1781293226.8301, 0.005489,False
1781293226.8348, 0.003621,False
1781293226.8394, 0.001738,False
1781293226.8450, 0.009944,False
1781293226.8496, 0.007759,False
1781293226.8548, 0.006204,False
1781293226.8600, 0.004627,False
1781293226.8652, 0.002763,False
1781293226.8699, 0.001034,False
1781293226.8744, 0.009882,False
1781293226.8790, 0.007839,False
1781293226.8864, 0.007134,False
1781293226.8909, 0.004841,False
1781293226.8956, 0.000149,False
1781293226.9025, 0.001282,False
1781293226.9069, 0.009927,False
1781293226.9115, 0.008112,False
1781293226.9160, 0.006075,False
1781293226.9204, 0.003436,False
1781293226.9271, 0.002493,False
1781293226.9317, 0.001724,False
1781293226.9361, 0.009739,False
1781293226.9407, 0.008156,False
1781293226.9453, 0.006414,False
1781293226.9501, 0.004443,False
1781293226.9547, 0.002857,False
1781293226.9592, 0.000716,False
1781293226.9648, 0.009031,False
1781293226.9706, 0.007216,False
1781293226.9755, 0.005314,False
1781293226.9801, 0.003449,False
1781293226.9847, 0.001293,False
1781293226.9892, 0.000235,False
1781293226.9938, 0.008294,False
1781293226.9984, 0.006698,False
1781293227.0029, 0.004482,False
1781293227.0075, 0.002659,False
1781293227.0123, 0.000401,False
1781293227.0167, 0.008530,False
1781293227.0212, 0.006550,False
1781293227.0261, 0.005440,False
1781293227.0315, 0.003881,False
1781293227.0365, 0.002525,False
1781293227.0414, 0.000635,False
1781293227.0469, 0.009053,False
1781293227.0525, 0.007787,False
1781293227.0582, 0.005462,False
1781293227.0632, 0.003874,False
1781293227.0679, 0.002017,False
1781293227.0728, 0.009865,False
1781293227.0776, 0.008740,False
1781293227.0825, 0.006879,False
1781293227.0874, 0.005060,False
1781293227.0920, 0.002991,False
1781293227.0967, 0.001112,False
1781293227.1015, 0.009694,False
1781293227.1063, 0.008069,False
1781293227.1111, 0.006414,False
1781293227.1156, 0.000139,False
1781293227.1233, 0.002368,False
1781293227.1279, 0.000801,False
1781293227.1324, 0.009958,False
1781293227.1368, 0.008264,False
1781293227.1415, 0.006529,False
1781293227.1460, 0.004539,False
1781293227.1505, 0.002381,False
1781293227.1553, 0.000216,False
1781293227.1600, 0.008194,False
1781293227.1646, 0.006405,False
1781293227.1702, 0.004775,False
1781293227.1748, 0.002945,False
1781293227.1796, 0.001530,False
1781293227.1843, 0.009633,False
1781293227.1887, 0.006728,False
1781293227.1955, 0.006376,False
1781293227.2001, 0.004586,False
1781293227.2048, 0.003674,False
1781293227.2094, 0.002108,False
1781293227.2142, 0.000637,False
1781293227.2188, 0.008921,False
1781293227.2233, 0.007235,False
1781293227.2277, 0.004537,False
1781293227.2348, 0.003958,False
1781293227.2393, 0.002609,False
1781293227.2441, 0.001357,False
1781293227.2489, 0.000413,False
1781293227.2533, 0.008996,False
1781293227.2579, 0.007208,False
1781293227.2626, 0.005506,False
1781293227.2670, 0.002278,False
1781293227.2738, 0.001479,False
1781293227.2785, 0.000224,False
1781293227.2830, 0.008257,False
1781293227.2874, 0.006545,False
1781293227.2922, 0.004855,False
1781293227.2970, 0.003306,False
1781293227.3017, 0.001564,False
1781293227.3062, 0.009698,False
1781293227.3113, 0.007691,False
1781293227.3159, 0.006170,False
1781293227.3205, 0.005057,False
1781293227.3263, 0.003222,False
1781293227.3326, 0.001457,False
1781293227.3387, 0.000132,False
1781293227.3462, 0.007797,False
1781293227.3512, 0.006644,False
1781293227.3564, 0.005101,False
1781293227.3613, 0.003551,False
1781293227.3663, 0.001266,False
1781293227.3709, 0.009462,False
1781293227.3760, 0.007918,False
1781293227.3810, 0.005866,False
1781293227.3855, 0.004123,False
1781293227.3900, 0.003013,False
1781293227.3948, 0.001308,False
1781293227.3994, 0.009421,False
1781293227.4042, 0.007660,False
1781293227.4089, 0.005842,False
1781293227.4136, 0.004387,False
1781293227.4182, 0.002634,False
1781293227.4230, 0.002157,False
1781293227.4275, 0.009978,False
1781293227.4329, 0.008608,False
1781293227.4374, 0.007123,False
1781293227.4420, 0.004917,False
1781293227.4469, 0.002954,False
1781293227.4515, 0.001325,False
1781293227.4567, 0.009430,False
1781293227.4616, 0.007606,False
1781293227.4660, 0.006094,False
1781293227.4705, 0.004040,False
1781293227.4750, 0.002360,False
1781293227.4796, 0.000443,False
1781293227.4844, 0.008734,False
1781293227.4889, 0.007289,False
1781293227.4937, 0.005895,False
1781293227.4986, 0.004270,False
1781293227.5034, 0.002176,False
1781293227.5084, 0.001134,False
1781293227.5129, 0.008422,False
1781293227.5173, 0.006542,False
1781293227.5218, 0.004984,False
1781293227.5268, 0.003826,False
1781293227.5328, 0.001896,False
1781293227.5392, 0.008774,False
1781293227.5482, 0.008076,False
1781293227.5532, 0.007329,False
1781293227.5590, 0.005909,False
1781293227.5640, 0.000155,False
1781293227.5720, 0.002737,False
1781293227.5775, 0.001172,False
1781293227.5830, 0.009537,False
1781293227.5886, 0.006898,False
1781293227.5958, 0.006116,False
1781293227.6006, 0.003975,False
1781293227.6056, 0.002476,False
1781293227.6105, 0.001250,False
1781293227.6157, 0.009361,False
1781293227.6208, 0.007087,False
1781293227.6256, 0.005520,False
1781293227.6304, 0.002722,False
1781293227.6377, 0.001903,False
1781293227.6426, 0.000627,False
1781293227.6481, 0.008472,False
1781293227.6529, 0.007305,False
1781293227.6575, 0.006014,False
1781293227.6622, 0.003811,False
1781293227.6671, 0.002191,False
1781293227.6720, 0.000749,False
1781293227.6768, 0.008709,False
1781293227.6824, 0.006784,False
1781293227.6888, 0.004791,False
1781293227.6942, 0.003439,False
1781293227.7013, 0.001305,False
1781293227.7063, 0.000272,False
1781293227.7112, 0.008869,False
1781293227.7160, 0.007100,False
1781293227.7206, 0.005565,False
1781293227.7251, 0.003641,False
1781293227.7300, 0.002103,False
1781293227.7345, 0.000380,False
1781293227.7391, 0.008583,False
1781293227.7437, 0.006802,False
1781293227.7483, 0.005373,False
1781293227.7528, 0.003933,False
1781293227.7572, 0.002392,False
1781293227.7619, 0.001132,False
1781293227.7669, 0.009192,False
1781293227.7715, 0.007104,False
1781293227.7762, 0.005204,False
1781293227.7807, 0.003745,False
1781293227.7853, 0.002078,False
1781293227.7898, 0.000296,False
1781293227.7940, 0.000135,False
1781293227.8010, 0.006735,False
1781293227.8054, 0.005316,False
1781293227.8098, 0.003777,False
1781293227.8145, 0.001995,False
1781293227.8193, 0.009609,False
1781293227.8239, 0.007721,False
1781293227.8286, 0.005661,False
1781293227.8334, 0.003396,False
1781293227.8380, 0.001431,False
1781293227.8439, 0.009663,False
1781293227.8486, 0.008459,False
1781293227.8530, 0.006805,False
1781293227.8579, 0.005163,False
1781293227.8638, 0.003357,False
1781293227.8685, 0.001814,False
1781293227.8732, 0.009509,False
1781293227.8779, 0.007642,False
1781293227.8835, 0.005652,False
1781293227.8882, 0.003591,False
1781293227.8953, 0.001296,False
1781293227.9003, 0.009503,False
1781293227.9046, 0.006637,False
1781293227.9120, 0.005401,False
1781293227.9177, 0.003961,False
1781293227.9226, 0.001774,False
1781293227.9275, 0.009898,False
1781293227.9323, 0.008533,False
1781293227.9370, 0.006818,False
1781293227.9416, 0.004830,False
1781293227.9462, 0.002289,False
1781293227.9534, 0.001150,False
1781293227.9582, 0.009003,False
1781293227.9629, 0.007185,False
1781293227.9675, 0.005386,False
1781293227.9727, 0.003568,False
1781293227.9775, 0.001811,False
1781293227.9821, 0.000245,False
1781293227.9867, 0.009066,False
1781293227.9912, 0.006805,False
1781293227.9962, 0.004906,False
1781293228.0009, 0.003807,False
1781293228.0055, 0.001541,False
1781293228.0101, 0.009911,False
1781293228.0146, 0.008175,False
1781293228.0189, 0.000128,False
1781293228.0260, 0.005613,False
1781293228.0304, 0.003447,False
1781293228.0349, 0.001800,False
1781293228.0394, 0.009629,False
1781293228.0438, 0.007977,False
1781293228.0483, 0.006183,False
1781293228.0526, 0.004122,False
1781293228.0572, 0.002058,False
1781293228.0617, 0.010039,False
1781293228.0661, 0.008188,False
1781293228.0706, 0.006994,False
1781293228.0773, 0.005487,False
1781293228.0828, 0.003223,False
1781293228.0889, 0.001326,False
1781293228.0939, 0.009897,False
1781293228.0989, 0.008069,False
1781293228.1044, 0.006561,False
1781293228.1092, 0.004671,False
1781293228.1138, 0.002912,False
1781293228.1186, 0.001236,False
1781293228.1233, 0.009779,False
1781293228.1279, 0.007693,False
1781293228.1325, 0.005944,False
1781293228.1377, 0.004268,False
1781293228.1432, 0.002827,False
1781293228.1478, 0.001552,False
1781293228.1525, 0.009842,False
1781293228.1572, 0.007869,False
1781293228.1619, 0.005680,False
1781293228.1665, 0.003917,False
1781293228.1713, 0.002024,False
1781293228.1760, 0.000225,False
1781293228.1812, 0.008128,False
1781293228.1862, 0.006528,False
1781293228.1907, 0.004651,False
1781293228.1953, 0.002980,False
1781293228.2005, 0.001576,False
1781293228.2051, 0.009901,False
1781293228.2097, 0.007717,False
1781293228.2141, 0.004452,False
1781293228.2210, 0.004105,False
1781293228.2258, 0.002214,False
1781293228.2307, 0.000362,False
1781293228.2352, 0.008285,False
1781293228.2394, 0.000149,False
1781293228.2463, 0.004264,False
1781293228.2509, 0.002027,False
1781293228.2555, 0.000871,False
1781293228.2601, 0.008852,False
1781293228.2649, 0.006853,False
1781293228.2696, 0.005194,False
1781293228.2743, 0.003943,False
1781293228.2789, 0.002026,False
1781293228.2838, 0.010101,False
1781293228.2887, 0.008473,False
1781293228.2934, 0.007031,False
1781293228.2983, 0.005674,False
1781293228.3030, 0.004160,False
1781293228.3075, 0.002024,False
1781293228.3121, 0.010126,False
1781293228.3166, 0.008506,False
1781293228.3212, 0.006891,False
1781293228.3258, 0.005132,False
1781293228.3307, 0.003308,False
1781293228.3355, 0.001361,False
1781293228.3401, 0.009569,False
1781293228.3456, 0.008009,False
1781293228.3504, 0.006644,False
1781293228.3549, 0.005427,False
1781293228.3600, 0.003922,False
1781293228.3651, 0.002594,False
1781293228.3696, 0.001362,False
1781293228.3743, 0.009202,False
1781293228.3793, 0.007321,False
1781293228.3838, 0.006111,False
1781293228.3882, 0.004619,False
1781293228.3928, 0.003287,False
1781293228.3974, 0.002227,False
1781293228.4018, 0.000577,False
1781293228.4064, 0.009150,False
1781293228.4109, 0.007449,False
1781293228.4153, 0.005575,False
1781293228.4198, 0.004772,False
1781293228.4246, 0.003005,False
1781293228.4293, 0.001310,False
1781293228.4339, 0.009986,False
1781293228.4385, 0.008272,False
1781293228.4433, 0.006481,False
1781293228.4482, 0.004878,False
1781293228.4525, 0.000141,False
1781293228.4591, 0.000810,False
1781293228.4636, 0.009546,False
1781293228.4680, 0.007490,False
1781293228.4724, 0.005473,False
1781293228.4772, 0.003592,False
1781293228.4831, 0.001587,False
1781293228.4878, 0.009668,False
1781293228.4927, 0.007819,False
1781293228.4971, 0.006375,False
1781293228.5017, 0.004453,False
1781293228.5062, 0.002354,False
1781293228.5107, 0.010218,False
1781293228.5151, 0.007360,False
1781293228.5219, 0.006464,False
1781293228.5267, 0.005435,False
1781293228.5313, 0.002948,False
1781293228.5359, 0.001566,False
1781293228.5407, 0.009829,False
1781293228.5454, 0.007849,False
1781293228.5502, 0.005634,False
1781293228.5547, 0.002561,False
1781293228.5613, 0.001280,False
1781293228.5657, 0.009381,False
1781293228.5701, 0.007496,False
1781293228.5750, 0.005577,False
1781293228.5798, 0.003952,False
1781293228.5842, 0.001644,False
1781293228.5888, 0.000244,False
1781293228.5932, 0.008362,False
1781293228.5976, 0.006374,False
1781293228.6021, 0.004711,False
1781293228.6065, 0.003304,False
1781293228.6110, 0.002363,False
1781293228.6154, 0.010066,False
1781293228.6199, 0.008041,False
1781293228.6246, 0.006150,False
1781293228.6292, 0.004313,False
1781293228.6338, 0.002517,False
1781293228.6386, 0.000641,False
1781293228.6434, 0.009025,False
1781293228.6480, 0.007136,False
1781293228.6528, 0.005219,False
1781293228.6575, 0.003430,False
1781293228.6619, 0.001534,False
1781293228.6667, 0.000131,False
1781293228.6736, 0.007399,False
1781293228.6783, 0.005763,False
1781293228.6831, 0.003730,False
1781293228.6875, 0.002005,False
1781293228.6919, 0.000243,False
1781293228.6963, 0.008223,False
1781293228.7009, 0.006211,False
1781293228.7057, 0.004546,False
1781293228.7105, 0.003036,False
1781293228.7151, 0.000935,False
1781293228.7203, 0.009146,False
1781293228.7249, 0.007262,False
1781293228.7297, 0.005350,False
1781293228.7341, 0.003341,False
1781293228.7385, 0.001061,False
1781293228.7430, 0.009201,False
1781293228.7484, 0.007636,False
1781293228.7530, 0.005540,False
1781293228.7578, 0.003940,False
1781293228.7626, 0.002138,False
1781293228.7675, 0.009953,False
1781293228.7722, 0.007620,False
1781293228.7769, 0.004837,False
1781293228.7840, 0.004134,False
1781293228.7888, 0.001903,False
1781293228.7943, 0.009861,False
1781293228.8020, 0.007823,False
1781293228.8080, 0.005652,False
1781293228.8152, 0.004088,False
1781293228.8211, 0.002143,False
1781293228.8280, 0.010018,False
1781293228.8337, 0.008130,False
1781293228.8401, 0.006110,False
1781293228.8469, 0.003737,False
1781293228.8516, 0.002171,False
1781293228.8560, 0.010083,False
1781293228.8617, 0.008316,False
1781293228.8667, 0.006122,False
1781293228.8715, 0.004654,False
1781293228.8760, 0.002516,False
1781293228.8815, 0.000681,False
1781293228.8871, 0.008756,False
1781293228.8918, 0.007194,False
1781293228.8964, 0.005540,False
1781293228.9011, 0.000139,False
1781293228.9081, 0.002558,False
1781293228.9132, 0.000617,False
1781293228.9190, 0.008613,False
1781293228.9240, 0.007221,False
1781293228.9291, 0.005040,False
1781293228.9338, 0.003215,False
1781293228.9385, 0.001875,False
1781293228.9434, 0.010151,False
1781293228.9482, 0.008532,False
1781293228.9530, 0.007145,False
1781293228.9578, 0.005561,False
1781293228.9623, 0.003740,False
1781293228.9670, 0.001822,False
1781293228.9718, 0.000662,False
1781293228.9763, 0.008725,False
1781293228.9809, 0.007089,False
1781293228.9854, 0.005631,False
1781293228.9898, 0.003784,False
1781293228.9946, 0.002177,False
1781293229.0013, 0.000851,False
1781293229.0060, 0.009067,False
1781293229.0107, 0.007395,False
1781293229.0153, 0.005454,False
1781293229.0199, 0.003414,False
1781293229.0245, 0.000991,False
1781293229.0295, 0.009169,False
1781293229.0342, 0.008281,False
1781293229.0388, 0.006575,False
1781293229.0434, 0.004823,False
1781293229.0481, 0.003128,False
1781293229.0526, 0.001307,False
1781293229.0572, 0.009508,False
1781293229.0616, 0.006716,False
1781293229.0681, 0.006107,False
1781293229.0728, 0.004064,False
1781293229.0774, 0.001423,False
1781293229.0820, 0.009140,False
1781293229.0874, 0.007320,False
1781293229.0925, 0.006218,False
1781293229.0971, 0.004785,False
1781293229.1015, 0.002036,False
1781293229.1082, 0.001773,False
1781293229.1126, 0.010042,False
1781293229.1171, 0.008348,False
1781293229.1217, 0.000148,False
1781293229.1287, 0.004324,False
1781293229.1334, 0.002559,False
1781293229.1400, 0.000681,False
1781293229.1446, 0.009039,False
1781293229.1492, 0.007339,False
1781293229.1542, 0.005422,False
1781293229.1589, 0.003761,False
1781293229.1633, 0.002007,False
1781293229.1679, 0.000423,False
1781293229.1724, 0.008552,False
1781293229.1771, 0.007012,False
1781293229.1820, 0.005726,False
1781293229.1867, 0.003865,False
1781293229.1912, 0.002120,False
1781293229.1956, 0.000962,False
1781293229.2004, 0.009189,False
1781293229.2050, 0.007157,False
1781293229.2095, 0.005044,False
1781293229.2142, 0.003210,False
1781293229.2189, 0.001803,False
1781293229.2237, 0.000362,False
1781293229.2288, 0.008777,False
1781293229.2340, 0.006948,False
1781293229.2388, 0.005509,False
1781293229.2434, 0.003523,False
1781293229.2481, 0.001873,False
1781293229.2526, 0.010132,False
1781293229.2571, 0.008574,False
1781293229.2618, 0.007094,False
1781293229.2665, 0.005151,False
1781293229.2711, 0.003392,False
1781293229.2758, 0.001684,False
1781293229.2810, 0.000398,False
1781293229.2859, 0.009113,False
1781293229.2907, 0.007612,False
1781293229.2954, 0.005965,False
1781293229.2999, 0.004680,False
1781293229.3043, 0.003308,False
1781293229.3088, 0.001658,False
1781293229.3137, 0.000392,False
1781293229.3183, 0.008557,False
1781293229.3227, 0.006963,False
1781293229.3272, 0.004871,False
1781293229.3317, 0.003488,False
1781293229.3362, 0.000130,False
1781293229.3434, 0.009876,False
1781293229.3497, 0.008565,False
1781293229.3546, 0.006579,False
1781293229.3591, 0.004767,False
1781293229.3637, 0.002757,False
1781293229.3684, 0.000914,False
1781293229.3732, 0.009194,False
1781293229.3780, 0.007602,False
1781293229.3830, 0.006106,False
1781293229.3876, 0.004310,False
1781293229.3922, 0.003209,False
1781293229.3972, 0.000996,False
1781293229.4017, 0.009213,False
1781293229.4061, 0.006111,False
1781293229.4129, 0.005381,False
1781293229.4175, 0.003540,False
1781293229.4220, 0.001329,False
1781293229.4267, 0.009124,False
1781293229.4314, 0.007410,False
1781293229.4360, 0.005036,False
1781293229.4408, 0.004141,False
1781293229.4453, 0.001754,False
1781293229.4521, 0.000990,False
1781293229.4566, 0.009263,False
1781293229.4612, 0.006717,False
1781293229.4680, 0.005331,False
1781293229.4726, 0.003397,False
1781293229.4776, 0.001247,False
1781293229.4821, 0.008880,False
1781293229.4868, 0.007273,False
1781293229.4915, 0.005240,False
1781293229.4965, 0.003396,False
1781293229.5012, 0.001301,False
1781293229.5059, 0.009276,False
1781293229.5107, 0.007242,False
1781293229.5153, 0.004976,False
1781293229.5198, 0.003010,False
1781293229.5246, 0.001057,False
1781293229.5308, 0.009146,False
1781293229.5356, 0.006931,False
1781293229.5411, 0.004821,False
1781293229.5458, 0.003190,False
1781293229.5506, 0.001286,False
1781293229.5553, 0.009344,False
1781293229.5597, 0.000115,False
1781293229.5663, 0.005638,False
1781293229.5708, 0.003431,False
1781293229.5755, 0.001663,False
1781293229.5800, 0.009521,False
1781293229.5845, 0.007938,False
1781293229.5895, 0.005900,False
1781293229.5944, 0.004186,False
1781293229.5991, 0.002339,False
1781293229.6038, 0.000353,False
1781293229.6086, 0.008701,False
1781293229.6133, 0.006680,False
1781293229.6179, 0.004682,False
1781293229.6227, 0.002811,False
1781293229.6272, 0.001283,False
1781293229.6316, 0.008904,False
1781293229.6366, 0.006338,False
1781293229.6435, 0.005451,False
1781293229.6482, 0.003368,False
1781293229.6530, 0.001343,False
1781293229.6576, 0.009472,False
1781293229.6621, 0.007658,False
1781293229.6666, 0.005747,False
1781293229.6712, 0.004024,False
1781293229.6781, 0.001195,False
1781293229.6864, 0.000429,False
1781293229.6922, 0.008392,False
1781293229.6970, 0.006773,False
1781293229.7020, 0.004462,False
1781293229.7068, 0.002707,False
1781293229.7115, 0.000490,False
1781293229.7165, 0.009452,False
1781293229.7211, 0.007351,False
1781293229.7256, 0.005552,False
1781293229.7305, 0.003709,False
1781293229.7356, 0.002030,False
1781293229.7403, 0.009986,False
1781293229.7449, 0.008009,False
1781293229.7495, 0.006414,False
1781293229.7540, 0.004284,False
1781293229.7585, 0.001948,False
1781293229.7630, 0.010156,False
1781293229.7675, 0.008227,False
1781293229.7721, 0.006519,False
1781293229.7767, 0.004504,False
1781293229.7822, 0.000138,False
1781293229.7912, 0.001991,False
1781293229.7965, 0.000241,False
1781293229.8013, 0.008529,False
1781293229.8059, 0.007302,False
1781293229.8105, 0.006068,False
1781293229.8152, 0.004391,False
1781293229.8200, 0.002989,False
1781293229.8246, 0.001440,False
1781293229.8293, 0.009857,False
1781293229.8339, 0.008622,False
1781293229.8386, 0.007689,False
1781293229.8445, 0.006182,False
1781293229.8492, 0.004266,False
1781293229.8537, 0.001871,False
1781293229.8584, 0.000224,False
1781293229.8631, 0.007754,False
1781293229.8682, 0.006213,False
1781293229.8729, 0.004411,False
1781293229.8776, 0.002353,False
1781293229.8824, 0.000895,False
1781293229.8872, 0.008874,False
1781293229.8918, 0.006773,False
1781293229.8963, 0.004874,False
1781293229.9010, 0.003313,False
1781293229.9054, 0.001666,False
1781293229.9099, 0.008173,False
1781293229.9167, 0.007460,False
1781293229.9211, 0.005558,False
1781293229.9256, 0.003454,False
1781293229.9302, 0.000685,False
1781293229.9346, 0.009167,False
1781293229.9389, 0.007369,False
1781293229.9433, 0.005554,False
1781293229.9478, 0.002621,False
1781293229.9544, 0.002047,False
1781293229.9588, 0.000357,False
1781293229.9631, 0.008352,False
1781293229.9675, 0.006244,False
1781293229.9719, 0.004715,False
1781293229.9764, 0.002993,False
1781293229.9809, 0.001645,False
1781293229.9853, 0.009578,False
1781293229.9902, 0.007945,False
1781293229.9952, 0.006210,False
1781293229.9997, 0.000142,False
1781293230.1283, 0.002843,False
1781293230.1331, 0.000649,False
1781293230.1382, 0.008279,False
1781293230.1432, 0.006759,False
1781293230.1480, 0.004534,False
1781293230.1526, 0.002704,False
1781293230.1573, 0.001194,False
1781293230.1619, 0.009315,False
1781293230.3864, 0.007953,False
1781293230.3913, 0.005851,False
1781293230.3960, 0.004729,False
1781293230.4006, 0.002553,False
1781293230.4051, 0.001029,False
1781293230.4104, 0.009044,False
1781293230.4152, 0.007048,False
1781293230.4198, 0.004973,False
1781293230.6410, 0.003217,False
1781293230.6469, 0.001506,False
1781293230.6531, 0.010032,False
1781293230.6594, 0.007883,False
1781293230.6653, 0.005757,False
1781293230.6702, 0.003562,False
1781293230.6749, 0.001502,False
1781293230.6800, 0.009342,False
1781293230.8956, 0.008013,False
1781293230.9023, 0.005669,False
1781293230.9078, 0.003212,False
1781293230.9128, 0.001399,False
1781293230.9180, 0.009245,False
1781293230.9230, 0.007435,False
1781293230.9282, 0.005741,False
1781293230.9335, 0.004190,False
1781293231.1563, 0.002621,False
1781293231.1642, 0.000361,False
1781293231.1692, 0.009218,False
1781293231.1752, 0.006656,False
1781293231.1839, 0.006006,False
1781293231.1892, 0.004562,False
1781293231.1940, 0.002866,False
1781293231.1986, 0.001094,False
1781293231.2032, 0.009615,False
1781293231.4169, 0.008444,False
1781293231.4215, 0.006568,False
1781293231.4259, 0.003549,False
1781293231.4324, 0.000116,False
1781293231.4391, 0.000236,False
1781293231.4436, 0.009012,False
1781293231.4482, 0.007274,False
1781293231.4527, 0.005807,False
1781293231.6769, 0.004063,False
1781293231.6825, 0.002414,False
1781293231.6874, 0.000649,False
1781293231.6942, 0.009667,False
1781293231.6987, 0.008261,False
1781293231.7040, 0.006331,False
1781293231.7085, 0.004563,False
1781293231.7139, 0.002620,False
1781293231.9318, 0.001127,False
1781293231.9367, 0.009554,False
1781293231.9422, 0.007833,False
1781293231.9476, 0.006422,False
1781293231.9527, 0.004210,False
1781293231.9579, 0.002277,False
1781293231.9640, 0.000957,False
1781293231.9684, 0.008675,False
1781293232.1928, 0.006904,False
1781293232.1985, 0.005455,False
1781293232.2041, 0.003328,False
1781293232.2098, 0.001744,False
1781293232.2146, 0.000286,False
1781293232.2195, 0.008296,False
1781293232.2243, 0.006653,False
1781293232.2289, 0.004838,False
1781293232.4520, 0.003271,False
1781293232.4569, 0.001696,False
1781293232.4619, 0.009662,False
1781293232.4668, 0.007558,False
1781293232.4716, 0.005966,False
1781293232.4765, 0.004110,False
1781293232.4816, 0.002224,False
1781293232.4862, 0.000501,False
1781293232.8164, 0.008944,False
1781293232.8222, 0.007020,False
1781293232.8276, 0.004978,False
1781293232.8336, 0.003671,False
1781293232.8389, 0.001782,False
1781293232.8447, 0.009806,False
1781293232.8502, 0.007846,False
1781293232.8560, 0.005540,False
1781293232.8608, 0.000117,False
1781293232.9648, 0.001591,False
1781293232.9696, 0.009997,False
1781293232.9745, 0.007981,False
1781293232.9812, 0.006484,False
1781293232.9862, 0.004378,False
1781293232.9931, 0.002679,False
1781293232.9984, 0.001066,False
1781293233.2239, 0.009443,False
1781293233.2298, 0.006488,False
1781293233.2377, 0.005575,False
1781293233.2431, 0.004261,False
1781293233.2484, 0.003082,False
1781293233.2538, 0.001577,False
1781293233.2590, 0.010222,False
1781293233.2636, 0.008611,False
1781293233.2683, 0.006873,False
1781293233.4855, 0.003815,False
1781293233.4939, 0.002726,False
1781293233.4993, 0.001033,False
1781293233.5048, 0.009192,False
1781293233.5102, 0.007447,False
1781293233.5151, 0.005488,False
1781293233.5197, 0.003585,False
1781293233.5255, 0.001668,False
1781293233.7383, 0.010116,False
1781293233.7433, 0.008160,False
1781293233.7481, 0.006052,False
1781293233.7531, 0.004573,False
1781293233.7578, 0.002683,False
1781293233.7625, 0.000984,False
1781293233.7674, 0.009210,False
1781293233.7719, 0.007168,False
1781293234.0017, 0.006222,False
1781293234.0074, 0.004688,False
1781293234.0125, 0.002932,False
1781293234.0171, 0.001513,False
1781293234.0216, 0.009475,False
1781293234.0262, 0.008068,False
1781293234.0311, 0.006602,False
1781293234.0356, 0.004832,False
1781293234.2626, 0.002848,False
1781293234.2675, 0.001190,False
1781293234.2722, 0.000255,False
1781293234.2769, 0.008560,False
1781293234.2813, 0.000132,False
1781293234.2883, 0.005417,False
1781293234.2928, 0.003452,False
1781293234.2972, 0.001638,False
1781293234.5086, 0.009864,False
1781293234.5151, 0.008246,False
1781293234.5199, 0.006472,False
1781293234.5252, 0.004909,False
1781293234.5317, 0.002773,False
1781293234.5366, 0.000573,False
1781293234.5413, 0.008610,False
1781293234.5458, 0.007077,False
1781293234.7800, 0.005466,False
1781293234.7855, 0.004142,False
1781293234.7907, 0.002620,False
1781293234.7959, 0.000703,False
1781293234.8012, 0.009372,False
1781293234.8058, 0.007400,False
1781293234.8106, 0.005353,False
1781293234.8196, 0.003507,False
1781293234.8243, 0.001498,False
1781293235.0473, 0.009279,False
1781293235.0528, 0.007565,False
1781293235.0589, 0.006000,False
1781293235.0639, 0.004114,False
1781293235.0688, 0.002341,False
1781293235.0737, 0.000237,False
1781293235.0783, 0.007281,False
1781293235.0851, 0.007088,False
1781293235.2913, 0.005087,False
1781293235.2965, 0.003186,False
1781293235.3015, 0.001364,False
1781293235.3067, 0.010687,False
1781293235.3114, 0.008252,False
1781293235.3166, 0.006373,False
1781293235.3219, 0.003127,False
1781293235.3287, 0.002677,False
1781293235.5618, 0.000802,False
1781293235.5667, 0.009331,False
1781293235.5720, 0.007553,False
1781293235.5779, 0.005871,False
1781293235.5825, 0.003881,False
1781293235.5872, 0.002068,False
1781293235.5919, 0.010047,False
1781293235.5964, 0.008749,False
1781293235.8322, 0.000074,False
1781293235.8393, 0.005122,False
1781293235.8440, 0.002825,False
1781293235.8486, 0.000838,False
1781293235.8534, 0.008953,False
1781293235.8588, 0.006897,False
1781293235.8636, 0.005368,False
1781293235.8682, 0.003343,False
1781293235.8727, 0.001488,False
1781293236.0896, 0.009246,False
1781293236.0948, 0.007163,False
1781293236.1004, 0.005622,False
1781293236.1068, 0.003566,False
1781293236.1130, 0.001759,False
1781293236.1179, 0.000314,False
1781293236.1227, 0.008471,False
1781293236.1273, 0.006860,False
1781293236.3440, 0.005189,False
1781293236.3487, 0.003524,False
1781293236.3533, 0.001178,False
1781293236.3588, 0.009312,False
1781293236.3637, 0.007550,False
1781293236.3685, 0.005582,False
1781293236.3736, 0.004165,False
1781293236.3783, 0.002137,False
1781293236.6073, 0.000728,False
1781293236.6123, 0.009123,False
1781293236.6172, 0.007722,False
1781293236.6218, 0.006281,False
1781293236.6265, 0.004616,False
1781293236.6311, 0.003233,False
1781293236.6357, 0.001747,False
1781293236.6403, 0.000414,False
1781293236.8605, 0.008748,False
1781293236.8655, 0.006676,False
1781293236.8701, 0.005388,False
1781293236.8750, 0.003402,False
1781293236.8796, 0.001586,False
1781293236.8842, 0.009907,False
1781293236.8890, 0.007497,False
1781293236.8939, 0.005581,False
1781293237.1273, 0.003617,False
1781293237.1332, 0.002382,False
1781293237.1387, 0.000976,False
1781293237.1438, 0.009523,False
1781293237.1483, 0.000077,False
1781293237.1552, 0.005919,False
1781293237.1601, 0.004364,False
1781293237.1648, 0.002322,False
1781293237.1695, 0.000648,False
1781293237.3676, 0.008887,False
1781293237.3724, 0.007176,False
1781293237.3777, 0.005324,False
1781293237.3822, 0.002697,False
1781293237.3890, 0.001813,False
1781293237.3938, 0.000522,False
1781293237.3984, 0.008765,False
1781293237.6338, 0.006761,False
1781293237.6390, 0.005384,False
1781293237.6450, 0.003559,False
1781293237.6510, 0.001481,False
1781293237.6562, 0.009843,False
1781293237.6609, 0.007626,False
1781293237.6653, 0.006473,False
1781293237.6698, 0.004640,False
1781293237.6753, 0.002684,False
1781293237.8796, 0.000688,False
1781293237.8845, 0.009670,False
1781293237.8893, 0.007900,False
1781293237.8944, 0.006528,False
1781293237.8997, 0.004820,False
1781293237.9044, 0.002863,False
1781293237.9093, 0.000639,False
1781293237.9141, 0.009016,False
1781293238.1607, 0.007250,False
1781293238.1661, 0.005651,False
1781293238.1709, 0.003568,False
1781293238.1757, 0.001295,False
1781293238.1814, 0.009392,False
1781293238.1861, 0.007426,False
1781293238.1908, 0.005715,False
1781293238.1953, 0.004305,False
1781293238.4108, 0.003284,False
1781293238.4156, 0.001872,False
1781293238.4203, 0.010036,False
1781293238.4251, 0.007924,False
1781293238.4304, 0.006320,False
1781293238.4350, 0.004817,False
1781293238.4396, 0.002785,False
1781293238.4445, 0.001113,False
1781293238.6691, 0.000052,False
1781293238.6764, 0.007651,False
1781293238.6811, 0.005662,False
1781293238.6858, 0.003965,False
1781293238.6904, 0.002270,False
1781293238.6950, 0.000496,False
1781293238.6998, 0.008474,False
1781293238.7042, 0.006746,False
1781293238.9357, 0.004283,False
1781293238.9406, 0.002115,False
1781293238.9452, 0.008788,False
1781293238.9520, 0.008357,False
1781293238.9568, 0.006194,False
1781293238.9614, 0.004280,False
1781293238.9662, 0.002629,False
1781293238.9708, 0.001044,False
1781293239.1839, 0.009801,False
1781293239.1887, 0.007994,False
1781293239.1930, 0.005250,False
1781293239.2008, 0.004150,False
1781293239.2055, 0.002327,False
1781293239.2102, 0.009948,False
1781293239.2152, 0.007977,False
1781293239.2200, 0.006313,False
1781293239.4263, 0.004516,False
1781293239.4313, 0.003171,False
1781293239.4358, 0.000291,False
1781293239.4427, 0.009105,False
1781293239.4473, 0.007477,False
1781293239.4520, 0.006068,False
1781293239.4567, 0.004315,False
1781293239.4616, 0.003234,False
1781293239.4663, 0.001175,False
1781293239.7034, 0.009671,False
1781293239.7088, 0.007761,False
1781293239.7145, 0.005409,False
1781293239.7199, 0.003314,False
1781293239.7251, 0.001439,False
1781293239.7303, 0.009293,False
1781293239.7355, 0.006998,False
1781293239.7398, 0.005093,False
1781293239.9668, 0.003413,False
1781293239.9717, 0.001692,False
1781293239.9766, 0.009805,False
1781293239.9812, 0.007951,False
1781293239.9857, 0.000206,False
1781293239.9927, 0.004339,False
1781293239.9974, 0.002793,False
1781293240.0019, 0.001220,False
1781293240.2174, 0.009310,False
1781293240.2235, 0.007500,False
1781293240.2282, 0.005942,False
1781293240.2340, 0.004607,False
1781293240.2421, 0.002897,False
1781293240.2483, 0.000627,False
1781293240.2537, 0.008804,False
1781293240.2591, 0.006738,False
1781293240.4836, 0.005536,False
1781293240.4884, 0.003547,False
1781293240.4931, 0.001596,False
1781293240.4978, 0.009506,False
1781293240.5024, 0.007194,False
1781293240.5071, 0.005619,False
1781293240.5119, 0.003680,False
1781293240.5162, 0.001850,False
1781293240.7385, 0.008681,False
1781293240.7457, 0.007574,False
1781293240.7502, 0.005942,False
1781293240.7546, 0.004029,False
1781293240.7592, 0.001955,False
1781293240.7648, 0.010056,False
1781293240.7700, 0.008566,False
1781293240.7744, 0.006871,False
1781293240.9967, 0.004128,False
1781293241.0038, 0.003536,False
1781293241.0085, 0.001393,False
1781293241.0130, 0.009963,False
1781293241.0178, 0.008053,False
1781293241.0225, 0.006483,False
1781293241.0272, 0.004259,False
1781293241.0318, 0.002749,False
1781293241.2561, 0.000835,False
1781293241.2616, 0.008753,False
1781293241.2673, 0.006637,False
1781293241.2724, 0.005511,False
1781293241.2779, 0.003883,False
1781293241.2825, 0.001633,False
1781293241.2871, 0.009935,False
1781293241.2917, 0.008701,False
1781293241.5113, 0.006901,False
1781293241.5177, 0.000129,False
1781293241.5244, 0.003661,False
1781293241.5289, 0.001456,False
1781293241.5334, 0.009451,False
1781293241.5381, 0.007871,False
1781293241.5426, 0.005649,False
1781293241.5472, 0.004133,False
1781293241.5518, 0.002139,False
1781293241.7663, 0.000676,False
1781293241.7726, 0.009005,False
1781293241.7775, 0.007230,False
1781293241.7836, 0.005470,False
1781293241.7889, 0.003567,False
1781293241.7940, 0.002100,False
1781293241.7987, 0.001240,False
1781293241.8032, 0.009110,False
1781293242.0305, 0.007481,False
1781293242.0353, 0.005301,False
1781293242.0400, 0.003427,False
1781293242.0446, 0.002350,False
1781293242.0493, 0.000702,False
1781293242.0538, 0.008648,False
1781293242.0584, 0.006763,False
1781293242.0631, 0.004771,False
1781293242.2914, 0.003533,False
1781293242.2961, 0.001531,False
1781293242.3018, 0.010054,False
1781293242.3066, 0.008082,False
1781293242.3119, 0.006657,False
1781293242.3166, 0.005346,False
1781293242.3214, 0.003651,False
1781293242.3264, 0.002292,False
1781293242.5412, 0.001020,False
1781293242.5490, 0.009423,False
1781293242.5541, 0.007819,False
1781293242.5590, 0.005822,False
1781293242.5637, 0.004328,False
1781293242.5683, 0.002958,False
1781293242.5730, 0.001934,False
1781293242.5775, 0.000540,False
1781293242.8049, 0.008808,False
1781293242.8105, 0.007331,False
1781293242.8160, 0.005294,False
1781293242.8212, 0.003498,False
1781293242.8265, 0.001820,False
1781293242.8315, 0.000160,False
1781293242.8380, 0.007770,False
1781293242.8453, 0.007653,False
1781293243.0574, 0.006474,False
1781293243.0625, 0.005063,False
1781293243.0675, 0.002847,False
1781293243.0723, 0.001267,False
1781293243.0779, 0.009420,False
1781293243.0832, 0.007654,False
1781293243.0877, 0.005173,False
1781293243.0952, 0.004098,False
1781293243.3177, 0.002731,False
1781293243.3270, 0.001345,False
1781293243.3332, 0.000384,False
1781293243.3385, 0.008907,False
1781293243.3444, 0.007531,False
1781293243.3503, 0.005771,False
1781293243.3555, 0.003265,False
1781293243.3633, 0.002784,False
1781293243.3680, 0.001134,False
1781293243.5799, 0.009558,False
1781293243.5864, 0.007969,False
1781293243.5929, 0.006549,False
1781293243.5976, 0.005225,False
1781293243.6023, 0.003446,False
1781293243.6067, 0.000746,False
1781293243.6136, 0.010015,False
1781293243.6179, 0.008097,False
1781293243.8413, 0.006392,False
1781293243.8462, 0.005363,False
1781293243.8510, 0.003001,False
1781293243.8557, 0.003071,False
1781293243.8603, 0.009552,False
1781293243.8650, 0.008414,False
1781293243.8698, 0.007461,False
1781293243.8745, 0.006135,False
1781293244.0863, 0.004440,False
1781293244.0913, 0.002874,False
1781293244.0960, 0.000986,False
1781293244.1009, 0.009015,False
1781293244.1056, 0.006858,False
1781293244.1101, 0.005094,False
1781293244.1148, 0.003236,False
1781293244.1194, 0.001515,False
1781293244.3426, 0.009541,False
1781293244.3478, 0.000109,False
1781293244.3564, 0.006156,False
1781293244.3619, 0.003964,False
1781293244.3665, 0.002249,False
1781293244.3711, 0.000451,False
1781293244.3758, 0.008691,False
1781293244.3802, 0.007312,False
1781293244.6060, 0.005405,False
1781293244.6108, 0.003606,False
1781293244.6156, 0.001988,False
1781293244.6204, 0.000219,False
1781293244.6250, 0.008722,False
1781293244.6302, 0.007166,False
1781293244.6360, 0.005258,False
1781293244.6407, 0.003534,False
1781293244.8535, 0.001339,False
1781293244.8594, 0.009478,False
1781293244.8645, 0.007910,False
1781293244.8711, 0.005355,False
1781293244.8760, 0.003725,False
1781293244.8808, 0.001814,False
1781293244.8870, 0.009852,False
1781293244.8917, 0.008253,False
1781293245.1179, 0.006424,False
1781293245.1227, 0.004072,False
1781293245.1277, 0.001736,False
1781293245.1324, 0.010182,False
1781293245.1367, 0.007423,False
1781293245.1433, 0.006765,False
1781293245.1489, 0.005026,False
1781293245.1535, 0.003253,False
1781293245.1581, 0.000791,False
1781293245.3663, 0.009072,False
1781293245.3710, 0.007117,False
1781293245.3765, 0.005139,False
1781293245.3812, 0.002375,False
1781293245.3879, 0.001543,False
1781293245.3926, 0.009988,False
1781293245.3971, 0.008863,False
1781293245.6340, 0.007284,False
1781293245.6397, 0.005463,False
1781293245.6452, 0.003676,False
1781293245.6505, 0.001792,False
1781293245.6550, 0.000548,False
1781293245.6598, 0.008676,False
1781293245.6646, 0.000127,False
1781293245.6728, 0.004881,False
1781293245.6776, 0.003143,False
1781293245.8922, 0.001880,False
1781293245.8970, 0.009632,False
1781293245.9017, 0.008009,False
1781293245.9064, 0.006400,False
1781293245.9110, 0.004835,False
1781293245.9156, 0.002996,False
1781293245.9203, 0.001218,False
1781293245.9248, 0.009529,False
1781293246.1540, 0.007731,False
1781293246.1588, 0.006430,False
1781293246.1636, 0.004692,False
1781293246.1683, 0.003037,False
1781293246.1731, 0.000933,False
1781293246.1785, 0.009221,False
1781293246.1850, 0.007620,False
1781293246.1898, 0.005618,False
1781293246.4166, 0.003524,False
1781293246.4219, 0.001776,False
1781293246.4283, 0.009810,False
1781293246.4332, 0.008248,False
1781293246.4378, 0.006060,False
1781293246.4432, 0.004412,False
1781293246.4485, 0.002033,False
1781293246.4530, 0.009898,False
1781293246.6696, 0.008243,False
1781293246.6744, 0.006483,False
1781293246.6789, 0.004630,False
1781293246.6836, 0.002562,False
1781293246.6881, 0.000808,False
1781293246.6928, 0.009394,False
1781293246.6975, 0.007720,False
1781293246.7037, 0.006004,False
1781293246.9328, 0.004310,False
1781293246.9385, 0.002127,False
1781293246.9436, 0.000680,False
1781293246.9488, 0.008838,False
1781293246.9545, 0.006687,False
1781293246.9600, 0.004870,False
1781293246.9654, 0.002941,False
1781293246.9706, 0.001326,False
1781293247.0791, 0.009418,False
1781293247.0846, 0.007274,False
1781293247.0889, 0.000118,False
1781293247.0956, 0.003528,False
1781293247.1001, 0.002148,False
1781293247.1047, 0.000422,False
1781293247.1091, 0.008363,False
1781293247.1135, 0.006450,False
1781293247.4255, 0.004600,False
1781293247.4326, 0.002264,False
1781293247.4377, 0.000264,False
1781293247.4438, 0.008436,False
1781293247.4487, 0.006556,False
1781293247.4533, 0.004748,False
1781293247.4586, 0.002968,False
1781293247.4631, 0.000715,False
1781293247.6861, 0.009035,False
1781293247.6909, 0.006929,False
1781293247.6956, 0.005080,False
1781293247.7003, 0.002604,False
1781293247.7049, 0.001345,False
1781293247.7096, 0.009846,False
1781293247.7144, 0.007893,False
1781293247.7188, 0.005567,False
1781293247.9479, 0.003757,False
1781293247.9527, 0.002313,False
1781293247.9574, 0.000722,False
1781293248.0595, 0.008429,False
1781293248.0644, 0.006870,False
1781293248.0690, 0.005480,False
1781293248.0737, 0.004013,False
1781293248.0781, 0.002147,False
1781293248.1970, 0.000487,False
1781293248.2030, 0.008280,False
1781293248.2086, 0.006613,False
1781293248.2134, 0.005082,False
1781293248.2181, 0.003102,False
1781293248.2228, 0.001263,False
1781293248.2284, 0.009500,False
1781293248.2330, 0.006869,False
1781293248.4507, 0.006261,False
1781293248.4562, 0.004552,False
1781293248.4615, 0.002218,False
1781293248.4661, 0.000256,False
1781293248.4708, 0.007971,False
1781293248.4760, 0.005706,False
1781293248.4806, 0.003624,False
1781293248.4852, 0.000109,False
1781293248.7077, 0.000262,False
1781293248.7129, 0.007468,False
1781293248.7202, 0.006145,False
1781293248.7249, 0.004980,False
1781293248.8169, 0.003107,False
1781293248.8216, 0.001381,False
1781293248.8494, 0.009247,False
1781293248.8544, 0.007402,False
1781293248.9554, 0.005553,False
1781293248.9602, 0.003266,False
1781293248.9672, 0.002520,False
1781293248.9722, 0.000761,False
1781293248.9769, 0.009230,False
1781293248.9821, 0.007079,False
1781293248.9870, 0.005230,False
1781293248.9915, 0.004298,False
1781293249.2153, 0.001958,False
1781293249.2220, 0.000329,False
1781293249.2286, 0.008434,False
1781293249.2340, 0.007012,False
1781293249.2390, 0.004978,False
1781293249.2440, 0.003018,False
1781293249.2487, 0.001448,False
1781293249.2533, 0.009796,False
1781293249.4691, 0.007933,False
1781293249.4740, 0.006249,False
1781293249.4788, 0.004687,False
1781293249.4834, 0.002864,False
1781293249.4878, 0.001282,False
1781293249.4928, 0.009081,False
1781293249.4974, 0.006848,False
1781293249.5021, 0.004876,False
1781293249.7188, 0.003223,False
1781293249.7236, 0.000814,False
1781293249.7282, 0.009161,False
1781293249.7330, 0.007581,False
1781293249.7377, 0.005704,False
1781293249.7424, 0.004167,False
1781293249.7476, 0.002881,False
1781293249.7531, 0.000755,False
1781293249.9779, 0.008984,False
1781293249.9830, 0.007005,False
1781293249.9877, 0.005194,False
1781293249.9923, 0.003686,False
1781293249.9967, 0.000124,False
1781293250.0035, 0.000228,False
1781293250.0080, 0.008944,False
1781293250.0124, 0.007206,False
1781293250.2375, 0.005024,False
1781293250.3503, 0.003590,False
1781293250.3556, 0.002048,False
1781293250.3619, 0.009792,False
1781293250.3672, 0.008065,False
1781293250.3722, 0.006619,False
1781293250.3767, 0.005010,False
1781293250.3812, 0.003364,False
1781293250.4876, 0.001929,False
1781293250.4941, 0.000303,False
1781293250.4994, 0.008721,False
1781293250.5059, 0.007214,False
1781293250.5107, 0.005088,False
1781293250.5152, 0.003735,False
1781293250.5197, 0.001796,False
1781293250.5243, 0.009859,False
1781293250.7488, 0.007337,False
1781293250.7562, 0.006600,False
1781293250.7610, 0.005256,False
1781293250.7664, 0.004034,False
1781293250.7715, 0.001883,False
1781293250.7761, 0.000714,False
1781293250.7819, 0.008635,False
1781293250.7901, 0.006349,False
1781293250.7954, 0.003578,False
1781293251.0108, 0.003075,False
1781293251.0157, 0.001278,False
1781293251.0214, 0.009286,False
1781293251.0260, 0.007609,False
1781293251.0308, 0.007083,False
1781293251.0356, 0.005105,False
1781293251.0405, 0.003189,False
1781293251.0448, 0.000064,False
1781293251.2712, 0.009069,False
1781293251.2760, 0.007396,False
1781293251.2811, 0.005495,False
1781293251.2866, 0.004146,False
1781293251.2912, 0.002133,False
1781293251.2959, 0.000342,False
1781293251.3006, 0.008387,False
1781293251.3053, 0.006614,False
1781293251.5214, 0.000126,False
1781293251.5294, 0.003333,False
1781293251.5365, 0.001750,False
1781293251.5422, 0.000478,False
1781293251.5469, 0.009223,False
1781293251.5516, 0.007029,False
1781293251.5566, 0.004983,False
1781293251.5617, 0.002863,False
1781293251.7687, 0.000863,False
1781293251.7742, 0.008522,False
1781293251.7798, 0.006701,False
1781293251.7861, 0.005045,False
1781293251.7915, 0.003076,False
1781293251.7961, 0.001666,False
1781293251.8008, 0.009341,False
1781293251.8055, 0.007365,False
1781293252.0415, 0.005210,False
1781293252.0463, 0.003395,False
1781293252.0511, 0.001682,False
1781293252.0555, 0.009581,False
1781293252.0601, 0.007875,False
1781293252.0645, 0.006007,False
1781293252.0690, 0.004402,False
1781293252.0735, 0.002665,False
1781293252.3010, 0.000547,False
1781293252.3077, 0.008977,False
1781293252.3130, 0.007193,False
1781293252.3180, 0.005679,False
1781293252.3228, 0.004048,False
1781293252.3283, 0.002030,False
1781293252.3335, 0.008715,False
1781293252.3405, 0.007915,False
1781293252.5538, 0.006091,False
1781293252.5603, 0.004544,False
1781293252.5660, 0.002478,False
1781293252.5719, 0.000550,False
1781293252.5767, 0.008458,False
1781293252.5811, 0.006444,False
1781293252.5855, 0.003269,False
1781293252.5919, 0.002660,False
1781293252.7865, 0.000555,False
1781293252.7916, 0.008606,False
1781293252.7977, 0.006985,False
1781293252.8037, 0.004728,False
1781293252.8094, 0.002972,False
1781293252.8151, 0.000141,False
1781293252.8234, 0.008964,False
1781293252.8295, 0.007023,False
1781293252.8371, 0.005413,False
1781293252.8437, 0.003748,False
1781293252.8501, 0.002033,False
1781293254.7456, 0.031103,True
1781293283.2190, 0.008352,False
1781293283.2245, 0.006650,False
1781293283.2291, 0.004690,False
1781293283.2336, 0.003133,False
1781293283.2388, 0.001616,False
1781293283.2434, 0.000222,False
1781293283.2482, 0.008763,False
1781293283.2526, 0.006512,False
1781293283.3191, 0.004606,False
1781293283.3267, 0.002750,False
1781293283.3317, 0.001077,False
1781293283.3363, 0.009166,False
1781293283.3409, 0.007296,False
1781293283.3455, 0.005650,False
1781293283.3501, 0.003735,False
1781293283.3546, 0.002564,False
1781293283.5900, 0.001009,False
1781293283.5956, 0.008991,False
1781293283.6002, 0.007438,False
1781293283.6046, 0.005234,False
1781293283.6091, 0.003254,False
1781293283.6140, 0.002199,False
1781293283.6184, 0.000116,False
1781293283.6250, 0.008350,False
1781293283.8309, 0.006221,False
1781293283.8360, 0.004220,False
1781293283.8405, 0.001995,False
1781293283.8456, 0.000353,False
1781293283.8502, 0.009052,False
1781293283.8547, 0.006570,False
1781293283.8621, 0.005607,False
1781293283.8667, 0.003889,False
1781293284.1011, 0.001824,False
1781293284.1059, 0.009813,False
1781293284.1108, 0.007839,False
1781293284.1161, 0.005696,False
1781293284.1208, 0.004143,False
1781293284.1251, 0.001146,False
1781293284.1324, 0.000553,False
1781293284.1370, 0.008840,False
1781293284.3430, 0.007709,False
1781293284.3483, 0.006223,False
1781293284.3531, 0.004353,False
1781293284.3582, 0.002523,False
1781293284.3632, 0.000428,False
1781293284.3679, 0.008632,False
1781293284.3726, 0.007036,False
1781293284.3781, 0.004931,False
1781293284.6010, 0.003328,False
1781293284.6071, 0.001185,False
1781293284.6121, 0.009533,False
1781293284.6168, 0.008617,False
1781293284.6215, 0.007052,False
1781293284.6263, 0.004995,False
1781293284.6308, 0.003221,False
1781293284.6352, 0.001714,False
1781293284.8499, 0.009801,False
1781293284.8556, 0.008092,False
1781293284.8610, 0.006210,False
1781293284.8662, 0.004093,False
1781293284.8714, 0.002338,False
1781293284.8768, 0.000530,False
1781293284.8821, 0.008688,False
1781293284.8867, 0.006692,False
1781293285.1034, 0.005303,False
1781293285.1086, 0.003249,False
1781293285.1132, 0.001442,False
1781293285.1174, 0.000127,False
1781293285.1251, 0.008046,False
1781293285.1295, 0.006055,False
1781293285.1338, 0.003824,False
1781293285.1382, 0.001599,False
1781293285.3643, 0.000719,False
1781293285.3691, 0.008926,False
1781293285.3747, 0.007301,False
1781293285.3801, 0.005992,False
1781293285.3854, 0.004148,False
1781293285.3902, 0.002128,False
1781293285.4752, 0.000479,False
1781293285.4811, 0.008693,False
1781293285.6227, 0.006763,False
1781293285.6282, 0.004775,False
1781293285.6329, 0.002961,False
1781293285.6375, 0.000920,False
1781293285.6416, 0.008315,False
1781293285.6500, 0.007982,False
1781293285.6546, 0.006191,False
1781293285.6589, 0.004101,False
1781293285.8806, 0.002028,False
1781293285.8855, 0.000214,False
1781293285.8903, 0.008581,False
1781293285.8950, 0.006604,False
1781293285.8992, 0.003706,False
1781293285.9064, 0.002919,False
1781293285.9112, 0.001127,False
1781293285.9158, 0.009566,False
1781293286.1327, 0.007755,False
1781293286.1375, 0.006099,False
1781293286.1424, 0.003722,False
1781293286.1473, 0.001764,False
1781293286.1518, 0.010192,False
1781293286.1566, 0.008315,False
1781293286.1611, 0.005928,False
1781293286.1705, 0.003956,False
1781293286.3973, 0.001682,False
1781293286.4022, 0.000443,False
1781293286.4070, 0.008792,False
1781293286.4119, 0.007372,False
1781293286.4167, 0.005543,False
1781293286.4215, 0.003664,False
1781293286.4263, 0.001411,False
1781293286.4309, 0.009504,False
1781293286.6477, 0.000106,False
1781293286.6567, 0.006481,False
1781293286.6629, 0.004822,False
1781293286.6677, 0.003043,False
1781293286.6722, 0.001663,False
1781293286.6785, 0.000528,False
1781293286.6845, 0.008623,False
1781293286.6963, 0.006842,False
1781293286.9041, 0.005387,False
1781293286.9090, 0.003690,False
1781293286.9137, 0.002190,False
1781293286.9192, 0.000351,False
1781293286.9237, 0.009100,False
1781293286.9287, 0.007601,False
1781293286.9338, 0.005820,False
1781293286.9384, 0.003917,False
1781293286.9429, 0.002128,False
1781293287.1660, 0.000203,False
1781293287.1720, 0.008651,False
1781293287.1773, 0.006945,False
1781293287.1824, 0.005385,False
1781293287.1880, 0.003330,False
1781293287.1931, 0.001859,False
1781293287.1982, 0.009788,False
1781293287.2029, 0.007925,False
1781293287.4149, 0.006550,False
1781293287.4199, 0.004451,False
1781293287.4244, 0.002293,False
1781293287.4301, 0.000568,False
1781293287.4350, 0.008953,False
1781293287.4396, 0.007318,False
1781293287.4446, 0.005411,False
1781293287.4492, 0.002996,False
1781293287.6798, 0.001094,False
1781293287.6854, 0.008956,False
1781293287.6907, 0.006057,False
1781293287.6986, 0.005465,False
1781293287.7033, 0.003713,False
1781293287.7076, 0.002157,False
1781293287.7126, 0.010047,False
1781293287.9308, 0.008718,False
1781293287.9363, 0.006644,False
1781293287.9411, 0.004796,False
1781293287.9461, 0.001937,False
1781293287.9530, 0.001453,False
1781293287.9576, 0.000045,False
1781293287.9644, 0.007563,False
1781293287.9689, 0.005900,False
1781293287.9734, 0.004065,False
1781293288.2042, 0.003224,False
1781293288.2100, 0.000317,False
1781293288.2156, 0.008557,False
1781293288.2203, 0.006284,False
1781293288.2253, 0.004438,False
1781293288.2305, 0.002714,False
1781293288.2355, 0.000880,False
1781293288.2408, 0.008988,False
1781293288.4673, 0.007463,False
1781293288.4720, 0.005812,False
1781293288.4769, 0.004116,False
1781293288.4816, 0.002708,False
1781293288.4859, 0.000875,False
1781293288.4902, 0.008976,False
1781293288.4951, 0.007111,False
1781293288.5001, 0.004945,False
1781293288.7171, 0.003577,False
1781293288.7220, 0.001385,False
1781293288.7282, 0.009362,False
1781293288.7331, 0.007500,False
1781293288.7376, 0.006254,False
1781293288.7425, 0.004077,False
1781293288.7473, 0.002323,False
1781293288.7521, 0.000419,False
1781293288.9686, 0.008674,False
1781293288.9732, 0.006782,False
1781293288.9803, 0.005015,False
1781293288.9865, 0.003364,False
1781293288.9921, 0.001309,False
1781293288.9971, 0.009641,False
1781293289.0019, 0.008050,False
1781293289.0067, 0.006018,False
1781293289.2208, 0.004298,False
1781293289.2272, 0.002107,False
1781293289.2337, 0.000230,False
1781293289.2382, 0.007926,False
1781293289.2431, 0.006343,False
1781293289.2480, 0.004433,False
1781293289.2525, 0.002346,False
1781293289.2570, 0.000394,False
1781293289.4997, 0.008732,False
1781293289.5043, 0.000122,False
1781293289.5116, 0.005181,False
1781293289.5169, 0.003265,False
1781293289.5217, 0.001655,False
1781293289.5273, 0.009792,False
1781293289.5340, 0.007952,False
1781293289.5385, 0.006176,False
1781293289.5431, 0.004440,False
1781293289.7515, 0.000898,False
1781293289.7602, 0.009818,False
1781293289.7670, 0.007521,False
1781293289.7717, 0.005468,False
1781293289.7764, 0.003622,False
1781293289.7815, 0.002293,False
1781293289.7862, 0.000698,False
1781293289.7907, 0.009217,False
1781293290.0102, 0.007640,False
1781293290.0180, 0.005779,False
1781293290.0232, 0.004182,False
1781293290.0287, 0.002452,False
1781293290.0335, 0.000669,False
1781293290.0387, 0.009331,False
1781293290.0439, 0.007314,False
1781293290.0486, 0.005787,False
1781293290.2676, 0.003945,False
1781293290.2732, 0.002037,False
1781293290.2782, 0.000380,False
1781293290.2835, 0.009243,False
1781293290.2883, 0.007203,False
1781293290.2937, 0.005956,False
1781293290.2993, 0.004308,False
1781293290.3036, 0.002356,False
1781293290.5199, 0.000883,False
1781293290.5254, 0.009064,False
1781293290.5305, 0.007480,False
1781293290.5365, 0.005858,False
1781293290.5413, 0.004386,False
1781293290.5468, 0.002866,False
1781293290.5515, 0.000751,False
1781293290.5563, 0.008609,False
1781293290.7744, 0.006640,False
1781293290.7791, 0.004649,False
1781293290.7838, 0.003064,False
1781293290.7893, 0.001955,False
1781293290.7950, 0.000360,False
1781293290.7993, 0.000117,False
1781293290.8058, 0.006699,False
1781293290.8126, 0.005112,False
1781293291.0309, 0.003507,False
1781293291.0363, 0.002299,False
1781293291.0418, 0.000450,False
1781293291.0465, 0.009167,False
1781293291.0508, 0.007403,False
1781293291.0554, 0.005932,False
1781293291.0608, 0.003937,False
1781293291.0653, 0.002517,False
1781293291.1804, 0.000618,False
1781293291.1857, 0.008270,False
1781293291.1904, 0.006194,False
1781293291.1953, 0.004316,False
1781293291.2002, 0.003099,False
1781293291.2048, 0.001635,False
1781293291.2990, 0.009350,False
1781293291.3052, 0.006833,False
1781293291.5414, 0.005911,False
1781293291.5472, 0.004293,False
1781293291.5544, 0.002595,False
1781293291.5650, 0.000631,False
1781293291.5704, 0.008535,False
1781293291.5749, 0.007120,False
1781293291.5797, 0.005295,False
1781293291.5841, 0.002691,False
1781293291.7999, 0.002300,False
1781293291.8054, 0.000688,False
1781293291.8112, 0.008498,False
1781293291.8158, 0.006332,False
1781293291.8209, 0.004121,False
1781293291.8254, 0.002442,False
1781293291.8300, 0.000504,False
1781293291.8346, 0.008843,False
1781293292.0601, 0.006986,False
1781293292.1804, 0.006229,False
1781293292.1863, 0.004761,False
1781293292.1910, 0.003134,False
1781293292.1971, 0.001184,False
1781293292.2020, 0.009499,False
1781293292.2070, 0.008063,False
1781293292.2124, 0.006504,False
1781293292.2174, 0.004819,False
1781293292.3099, 0.003130,False
1781293292.3146, 0.000116,False
1781293292.3217, 0.000523,False
1781293292.3266, 0.008245,False
1781293292.3314, 0.006610,False
1781293292.3359, 0.004844,False
1781293292.3408, 0.003154,False
1781293292.3452, 0.001155,False
1781293292.5642, 0.009329,False
1781293292.5689, 0.007716,False
1781293292.5738, 0.005932,False
1781293292.5783, 0.004179,False
1781293292.5836, 0.002197,False
1781293292.5888, 0.000483,False
1781293292.5938, 0.008428,False
1781293292.5982, 0.007061,False
1781293292.8317, 0.005170,False
1781293292.8367, 0.003162,False
1781293292.8412, 0.001791,False
1781293292.8462, 0.000347,False
1781293292.8506, 0.008559,False
1781293292.8552, 0.006816,False
1781293292.8604, 0.005086,False
1781293292.8649, 0.003229,False
1781293293.0789, 0.001556,False
1781293293.0837, 0.000209,False
1781293293.0884, 0.008906,False
1781293293.0938, 0.006426,False
1781293293.0985, 0.004331,False
1781293293.1029, 0.002456,False
1781293293.1075, 0.000224,False
1781293293.3265, 0.008929,False
1781293293.3316, 0.007238,False
1781293293.3363, 0.005052,False
1781293293.3412, 0.003135,False
1781293293.3459, 0.001776,False
1781293293.3506, 0.009565,False
1781293293.3552, 0.006753,False
1781293293.3625, 0.006144,False
1781293293.3670, 0.004714,False
1781293293.5995, 0.002746,False
1781293293.6053, 0.001150,False
1781293293.6107, 0.009319,False
1781293293.6153, 0.006960,False
1781293293.6199, 0.005497,False
1781293293.6244, 0.002770,False
1781293293.6308, 0.000062,False
1781293293.6375, 0.001243,False
1781293293.8372, 0.009437,False
1781293293.8424, 0.008001,False
1781293293.8476, 0.006143,False
1781293293.8522, 0.004632,False
1781293293.8568, 0.002915,False
1781293293.8619, 0.000568,False
1781293293.8691, 0.009939,False
1781293293.8784, 0.008482,False
1781293294.1108, 0.007275,False
1781293294.1156, 0.005193,False
1781293294.1203, 0.003549,False
1781293294.1253, 0.001828,False
1781293294.1301, 0.000466,False
1781293294.2115, 0.008486,False
1781293294.2167, 0.006315,False
1781293294.2213, 0.004698,False
1781293294.3683, 0.003356,False
1781293294.4311, 0.001233,False
1781293294.4361, 0.009543,False
1781293294.4408, 0.008336,False
1781293294.4458, 0.006691,False
1781293294.4505, 0.005170,False
1781293294.4551, 0.003295,False
1781293294.4609, 0.001216,False
1781293294.6044, 0.009382,False
1781293294.6100, 0.007453,False
1781293294.6152, 0.006037,False
1781293294.6199, 0.004461,False
1781293294.6244, 0.003087,False
1781293294.6293, 0.001843,False
1781293294.6338, 0.010227,False
1781293294.6384, 0.008693,False
1781293294.8628, 0.006634,False
1781293294.8676, 0.005214,False
1781293294.8723, 0.004320,False
1781293294.8779, 0.002675,False
1781293294.8830, 0.001072,False
1781293294.8877, 0.009294,False
1781293294.8939, 0.007672,False
1781293294.8990, 0.006720,False
1781293295.1321, 0.005127,False
1781293295.1377, 0.003703,False
1781293295.1427, 0.001754,False
1781293295.1483, 0.000132,False
1781293295.1552, 0.009019,False
1781293295.1599, 0.007184,False
1781293295.1646, 0.005191,False
1781293295.1693, 0.003654,False
1781293295.3877, 0.002063,False
1781293295.3934, 0.000276,False
1781293295.3987, 0.008100,False
1781293295.4035, 0.006315,False
1781293295.4084, 0.004399,False
1781293295.4136, 0.002800,False
1781293295.4208, 0.001171,False
1781293295.4945, 0.009847,False
1781293295.5000, 0.008432,False
1781293295.6423, 0.006309,False
1781293295.6470, 0.004943,False
1781293295.6514, 0.002834,False
1781293295.6561, 0.000859,False
1781293295.6609, 0.009081,False
1781293295.6656, 0.007788,False
1781293295.6702, 0.005954,False
1781293295.6748, 0.004560,False
1781293295.9017, 0.002909,False
1781293295.9065, 0.001296,False
1781293295.9123, 0.009098,False
1781293295.9188, 0.006313,False
1781293295.9259, 0.005970,False
1781293295.9314, 0.003945,False
1781293295.9364, 0.002239,False
1781293295.9409, 0.000700,False
1781293296.1539, 0.009226,False
1781293296.1589, 0.007369,False
1781293296.1638, 0.006209,False
1781293296.1682, 0.003724,False
1781293296.1752, 0.003069,False
1781293296.1799, 0.001385,False
1781293296.1846, 0.009669,False
1781293296.1893, 0.007764,False
1781293296.4101, 0.006013,False
1781293296.4165, 0.004650,False
1781293296.4214, 0.002726,False
1781293296.4273, 0.000148,False
1781293296.4345, 0.009528,False
1781293296.4390, 0.007702,False
1781293296.4438, 0.005693,False
1781293296.4482, 0.000126,False
1781293296.6694, 0.001580,False
1781293296.6740, 0.009560,False
1781293296.6785, 0.007906,False
1781293296.6830, 0.006152,False
1781293296.6877, 0.003990,False
1781293296.6925, 0.002002,False
1781293296.6979, 0.000237,False
1781293296.7032, 0.008644,False
1781293296.9305, 0.007067,False
1781293296.9356, 0.005201,False
1781293296.9418, 0.002901,False
1781293296.9502, 0.001080,False
1781293296.9568, 0.009013,False
1781293296.9613, 0.006944,False
1781293296.9657, 0.005196,False
1781293296.9704, 0.003246,False
1781293297.1796, 0.002304,False
1781293297.1846, 0.000534,False
1781293297.1896, 0.008470,False
1781293297.1943, 0.006407,False
1781293297.1987, 0.004895,False
1781293297.2031, 0.003147,False
1781293297.2078, 0.001208,False
1781293297.2123, 0.009450,False
1781293297.4271, 0.007777,False
1781293297.4320, 0.005418,False
1781293297.4371, 0.002963,False
1781293297.4428, 0.001087,False
1781293297.4485, 0.009129,False
1781293297.4530, 0.007654,False
1781293297.4579, 0.005467,False
1781293297.4624, 0.003555,False
1781293297.6989, 0.001719,False
1781293297.7040, 0.009711,False
1781293297.7083, 0.006715,False
1781293297.7150, 0.005565,False
1781293297.7195, 0.004275,False
1781293297.7243, 0.002340,False
1781293297.7289, 0.000587,False
1781293297.7341, 0.008451,False
1781293297.9600, 0.006719,False
1781293297.9667, 0.005066,False
1781293297.9715, 0.001971,False
1781293297.9788, 0.000938,False
1781293297.9834, 0.000129,False
1781293297.9916, 0.007952,False
1781293297.9964, 0.005929,False
1781293298.0010, 0.003795,False
1781293298.1964, 0.001869,False
1781293298.2016, 0.000242,False
1781293298.2063, 0.008164,False
1781293298.2113, 0.006186,False
1781293298.2163, 0.004402,False
1781293298.2208, 0.002734,False
1781293298.2253, 0.001133,False
1781293298.2298, 0.009352,False
1781293298.4649, 0.007242,False
1781293298.4701, 0.004766,False
1781293298.4751, 0.002917,False
1781293298.4797, 0.001079,False
1781293298.4843, 0.009230,False
1781293298.4888, 0.007323,False
1781293298.4938, 0.005376,False
1781293298.4983, 0.004181,False
1781293298.5026, 0.002785,False
1781293298.7146, 0.000602,False
1781293298.7202, 0.008990,False
1781293298.7266, 0.007304,False
1781293298.7321, 0.005267,False
1781293298.7367, 0.003726,False
1781293298.8161, 0.002253,False
1781293298.8209, 0.000381,False
1781293298.9731, 0.008621,False
1781293298.9792, 0.006702,False
1781293298.9840, 0.004789,False
1781293298.9894, 0.003348,False
1781293298.9947, 0.001294,False
1781293298.9996, 0.009968,False
1781293299.0043, 0.008077,False
1781293299.0089, 0.006562,False
1781293299.2288, 0.004683,False
1781293299.2337, 0.003007,False
1781293299.2384, 0.000758,False
1781293299.2434, 0.009227,False
1781293299.2482, 0.007463,False
1781293299.2527, 0.006230,False
1781293299.2581, 0.004469,False
1781293299.2630, 0.003056,False
1781293299.4946, 0.001417,False
1781293299.4992, 0.000180,False
1781293299.5063, 0.008209,False
1781293299.5109, 0.006607,False
1781293299.5156, 0.005592,False
1781293299.5202, 0.003842,False
1781293299.5258, 0.001723,False
1781293299.5306, 0.009907,False
1781293299.5353, 0.008202,False
1781293299.7478, 0.005410,False
1781293299.7569, 0.004369,False
1781293299.7626, 0.002569,False
1781293299.7674, 0.000716,False
1781293299.7723, 0.008815,False
1781293299.7772, 0.007112,False
1781293299.7819, 0.005093,False
1781293299.7864, 0.002684,False
1781293300.0128, 0.000266,False
1781293300.0195, 0.009621,False
1781293300.0254, 0.008440,False
1781293300.0302, 0.005987,False
1781293300.0349, 0.004113,False
1781293300.0399, 0.002096,False
1781293300.0447, 0.000592,False
1781293300.0490, 0.008897,False
1781293300.2736, 0.007506,False
1781293300.2787, 0.005502,False
1781293300.2837, 0.003758,False
1781293300.2882, 0.002117,False
1781293300.2930, 0.010171,False
1781293300.2978, 0.008267,False
1781293300.3024, 0.005837,False
1781293300.3079, 0.004111,False
1781293300.5310, 0.002485,False
1781293300.5360, 0.000778,False
1781293300.5409, 0.009302,False
1781293300.5461, 0.007850,False
1781293300.5509, 0.006074,False
1781293300.5553, 0.004182,False
1781293300.5601, 0.002189,False
1781293300.5647, 0.000309,False
1781293300.7880, 0.008381,False
1781293300.7936, 0.006964,False
1781293300.7986, 0.005431,False
1781293300.8034, 0.003371,False
1781293300.8080, 0.001887,False
1781293300.8125, 0.000123,False
1781293300.8197, 0.008305,False
1781293300.8243, 0.006563,False
1781293300.8289, 0.005371,False
1781293301.0539, 0.003547,False
1781293301.0588, 0.001867,False
1781293301.0640, 0.009653,False
1781293301.0690, 0.008235,False
1781293301.0740, 0.006529,False
1781293301.0784, 0.004958,False
1781293301.0828, 0.002760,False
1781293301.0872, 0.000927,False
1781293301.3021, 0.009394,False
1781293301.3072, 0.007539,False
1781293301.3119, 0.005628,False
1781293301.3169, 0.004504,False
1781293301.3214, 0.002952,False
1781293301.3256, 0.001321,False
1781293301.3309, 0.008253,False
1781293301.3387, 0.007251,False
1781293301.5684, 0.005537,False
1781293301.5734, 0.003645,False
1781293301.5783, 0.002265,False
1781293301.5831, 0.000874,False
1781293301.5875, 0.009593,False
1781293301.5920, 0.007660,False
1781293301.5963, 0.004832,False
1781293301.6030, 0.004603,False
1781293301.8219, 0.002437,False
1781293301.8266, 0.000718,False
1781293301.8319, 0.008590,False
1781293301.8374, 0.006733,False
1781293301.8430, 0.004581,False
1781293301.8487, 0.002740,False
1781293301.8532, 0.000918,False
1781293301.8578, 0.009430,False
1781293302.0850, 0.007177,False
1781293302.0922, 0.005322,False
1781293302.0976, 0.003531,False
1781293302.1039, 0.002089,False
1781293302.1090, 0.009769,False
1781293302.1146, 0.008462,False
1781293302.1198, 0.006131,False
1781293302.1255, 0.004345,False
1781293302.3406, 0.001980,False
1781293302.3454, 0.000163,False
1781293302.3522, 0.008227,False
1781293302.3566, 0.007086,False
1781293302.3609, 0.005601,False
1781293302.3658, 0.003797,False
1781293302.3705, 0.002321,False
1781293302.3750, 0.000251,False
1781293302.6020, 0.009192,False
1781293302.6070, 0.007262,False
1781293302.6117, 0.005572,False
1781293302.6163, 0.003715,False
1781293302.6207, 0.001971,False
1781293302.6253, 0.000933,False
1781293302.6298, 0.009114,False
1781293302.6343, 0.007638,False
1781293302.6386, 0.005871,False
1781293302.8537, 0.004148,False
1781293302.8587, 0.002370,False
1781293302.8632, 0.010121,False
1781293302.8693, 0.008291,False
1781293302.8747, 0.006732,False
1781293302.8800, 0.005434,False
1781293302.8852, 0.003657,False
1781293302.8897, 0.001813,False
1781293303.1171, 0.009989,False
1781293303.1218, 0.008884,False
1781293303.1265, 0.006964,False
1781293303.1323, 0.004935,False
1781293303.1371, 0.003509,False
1781293303.1419, 0.001610,False
1781293303.1467, 0.009822,False
1781293303.1514, 0.007941,False
1781293303.3716, 0.006649,False
1781293303.3764, 0.004878,False
1781293303.3812, 0.002578,False
1781293303.3857, 0.000900,False
1781293303.3900, 0.008088,False
1781293303.3969, 0.007357,False
1781293303.4014, 0.005629,False
1781293303.4057, 0.004047,False
1781293303.6198, 0.002242,False
1781293303.6258, 0.000782,False
1781293303.6307, 0.008539,False
1781293303.6361, 0.007213,False
1781293303.6407, 0.005275,False
1781293303.6472, 0.000097,False
1781293303.6542, 0.002493,False
1781293303.6596, 0.000349,False
1781293303.8717, 0.008397,False
1781293303.8766, 0.006804,False
1781293303.8812, 0.005108,False
1781293303.8859, 0.002778,False
1781293303.8922, 0.000660,False
1781293303.8991, 0.009417,False
1781293303.9039, 0.007527,False
1781293303.9085, 0.005830,False
1781293304.1354, 0.004385,False
1781293304.1400, 0.002635,False
1781293304.1445, 0.001178,False
1781293304.1498, 0.009506,False
1781293304.1547, 0.007783,False
1781293304.1594, 0.006078,False
1781293304.1640, 0.005085,False
1781293304.1686, 0.003472,False
1781293304.3975, 0.001431,False
1781293304.4033, 0.009537,False
1781293304.4086, 0.008404,False
1781293304.4139, 0.006431,False
1781293304.4198, 0.004832,False
1781293304.4251, 0.003438,False
1781293304.4298, 0.002009,False
1781293304.4344, 0.000349,False
1781293304.6526, 0.008803,False
1781293304.6606, 0.007017,False
1781293304.6686, 0.004750,False
1781293304.6758, 0.003275,False
1781293304.6806, 0.001103,False
1781293304.6850, 0.009466,False
1781293304.6929, 0.008003,False
1781293304.7007, 0.006246,False
1781293304.9090, 0.004342,False
1781293304.9154, 0.002681,False
1781293304.9217, 0.001511,False
1781293304.9264, 0.009199,False
1781293304.9311, 0.007630,False
1781293304.9356, 0.005488,False
1781293304.9414, 0.003721,False
1781293304.9458, 0.001685,False
1781293304.9501, 0.000231,False
1781293305.1756, 0.008246,False
1781293305.1823, 0.000050,False
1781293305.1915, 0.004181,False
1781293305.1961, 0.001869,False
1781293305.2009, 0.000425,False
1781293305.2059, 0.008659,False
1781293305.2105, 0.006954,False
1781293305.4144, 0.004838,False
1781293305.4205, 0.003146,False
1781293305.4251, 0.001203,False
1781293305.4298, 0.009101,False
1781293305.4342, 0.007654,False
1781293305.4388, 0.005401,False
1781293305.4437, 0.003765,False
1781293305.4483, 0.001530,False
1781293305.6734, 0.009836,False
1781293305.6791, 0.008215,False
1781293305.6838, 0.006648,False
1781293305.6882, 0.004764,False
1781293305.6951, 0.002843,False
1781293305.6997, 0.000216,False
1781293305.7047, 0.008399,False
1781293305.7093, 0.006252,False
1781293305.9268, 0.004973,False
1781293305.9319, 0.003299,False
1781293305.9367, 0.001584,False
1781293305.9417, 0.009487,False
1781293305.9463, 0.008193,False
1781293305.9507, 0.006190,False
1781293305.9555, 0.004633,False
1781293305.9600, 0.003154,False
1781293306.1688, 0.001217,False
1781293306.1746, 0.009221,False
1781293306.1794, 0.006967,False
1781293306.1845, 0.005151,False
1781293306.1899, 0.003146,False
1781293306.1948, 0.001422,False
1781293306.1997, 0.010004,False
1781293306.2049, 0.007730,False
1781293306.4370, 0.006047,False
1781293306.4419, 0.005095,False
1781293306.4464, 0.002864,False
1781293306.4510, 0.000734,False
1781293306.4557, 0.009583,False
1781293306.4602, 0.007440,False
1781293306.4651, 0.004958,False
1781293306.4694, 0.000069,False
1781293306.6935, 0.001203,False
1781293306.6992, 0.009423,False
1781293306.7051, 0.007620,False
1781293306.7104, 0.005444,False
1781293306.7158, 0.003870,False
1781293306.7205, 0.002342,False
1781293306.7252, 0.000432,False
1781293306.7299, 0.008485,False
1781293306.9433, 0.007638,False
1781293306.9483, 0.005248,False
1781293306.9532, 0.003991,False
1781293306.9582, 0.002607,False
1781293306.9629, 0.000778,False
1781293306.9677, 0.008417,False
1781293306.9723, 0.007135,False
1781293306.9771, 0.005258,False
1781293307.1903, 0.003658,False
1781293307.1967, 0.002386,False
1781293307.2013, 0.000811,False
1781293307.2070, 0.009387,False
1781293307.2118, 0.008128,False
1781293307.2165, 0.006345,False
1781293307.2216, 0.004242,False
1781293307.2262, 0.002481,False
1781293307.2307, 0.001178,False
1781293307.4564, 0.009275,False
1781293307.4619, 0.007652,False
1781293307.4686, 0.006268,False
1781293307.4730, 0.004613,False
1781293307.4776, 0.002954,False
1781293307.4821, 0.000721,False
1781293307.4866, 0.008886,False
1781293307.7014, 0.006952,False
1781293307.7065, 0.005399,False
1781293307.7126, 0.003633,False
1781293307.7198, 0.002506,False
1781293307.7244, 0.000624,False
1781293307.7289, 0.008723,False
1781293307.7334, 0.007461,False
1781293307.7380, 0.005003,False
1781293307.9638, 0.003547,False
1781293307.9688, 0.001163,False
1781293307.9738, 0.009224,False
1781293307.9786, 0.007664,False
1781293307.9828, 0.000136,False
1781293307.9898, 0.004861,False
1781293307.9945, 0.003112,False
1781293307.9991, 0.001363,False
1781293308.2191, 0.009874,False
1781293308.2250, 0.008993,False
1781293308.2306, 0.007719,False
1781293308.2360, 0.005881,False
1781293308.2410, 0.004045,False
1781293308.2455, 0.002637,False
1781293308.2500, 0.000611,False
1781293308.2552, 0.008971,False
1781293308.2596, 0.007806,False
1781293308.3388, 0.005587,False
1781293308.3442, 0.004287,False
1781293308.3494, 0.002479,False
1781293308.3548, 0.000764,False
1781293308.3615, 0.009310,False
1781293308.3691, 0.007389,False
1781293308.3743, 0.005801,False
1781293338.1031, 0.006258,False
1781293338.1080, 0.004944,False
1781293338.1128, 0.003280,False
1781293338.1174, 0.001982,False
1781293338.1220, 0.010024,False
1781293338.1269, 0.008659,False
1781293338.1316, 0.006386,False
1781293338.1363, 0.004315,False
1781293338.1413, 0.002629,False
1781293338.1460, 0.000993,False
1781293338.1506, 0.009006,False
1781293338.1553, 0.007466,False
1781293338.1600, 0.005506,False
1781293338.2068, 0.004163,False
1781293338.2125, 0.002658,False
1781293338.2174, 0.000925,False
1781293338.4728, 0.009514,False
1781293338.4776, 0.007691,False
1781293338.4822, 0.005875,False
1781293338.4885, 0.004256,False
1781293338.4937, 0.002484,False
1781293338.4993, 0.000397,False
1781293338.5040, 0.008962,False
1781293338.5108, 0.007193,False
1781293338.5157, 0.005238,False
1781293338.7273, 0.003060,False
1781293338.7323, 0.000874,False
1781293338.7369, 0.008949,False
1781293338.7414, 0.007432,False
1781293338.7459, 0.000136,False
1781293338.7532, 0.003967,False
1781293338.7601, 0.002246,False
1781293338.7665, 0.000276,False
1781293338.9781, 0.008775,False
1781293338.9836, 0.007864,False
1781293338.9888, 0.005865,False
1781293338.9938, 0.003724,False
1781293338.9989, 0.001896,False
1781293339.0041, 0.009903,False
1781293339.0087, 0.008794,False
1781293339.2256, 0.007058,False
1781293339.2311, 0.005042,False
1781293339.2373, 0.003429,False
1781293339.2435, 0.001031,False
1781293339.2502, 0.009168,False
1781293339.2567, 0.007512,False
1781293339.2615, 0.005909,False
1781293339.2661, 0.004064,False
1781293339.4897, 0.002031,False
1781293339.4962, 0.010093,False
1781293339.5014, 0.008310,False
1781293339.5064, 0.006349,False
1781293339.5110, 0.004123,False
1781293339.5154, 0.002811,False
1781293339.5198, 0.000874,False
1781293339.5243, 0.008695,False
1781293339.5289, 0.006390,False
1781293339.7613, 0.004625,False
1781293339.7668, 0.002409,False
1781293339.7723, 0.000893,False
1781293339.7778, 0.008704,False
1781293339.7829, 0.006907,False
1781293339.7876, 0.005052,False
1781293339.7922, 0.002684,False
1781293339.7967, 0.001123,False
1781293339.9048, 0.009360,False
1781293339.9098, 0.007539,False
1781293339.9144, 0.005904,False
1781293340.0074, 0.004085,False
1781293340.0123, 0.001922,False
1781293340.0170, 0.000242,False
1781293340.0219, 0.008648,False
1781293340.0265, 0.007113,False
1781293340.2624, 0.005123,False
1781293340.2667, 0.000141,False
1781293340.2735, 0.001349,False
1781293340.2782, 0.010057,False
1781293340.2827, 0.007880,False
1781293340.2872, 0.006172,False
1781293340.2917, 0.004769,False
1781293340.2961, 0.002994,False
1781293340.5289, 0.001292,False
1781293340.5342, 0.009581,False
1781293340.5406, 0.008079,False
1781293340.5459, 0.006642,False
1781293340.5505, 0.004808,False
1781293340.5550, 0.002806,False
1781293340.5595, 0.000628,False
1781293340.5639, 0.008622,False
1781293340.7709, 0.007508,False
1781293340.7764, 0.005571,False
1781293340.7815, 0.004099,False
1781293340.7868, 0.001560,False
1781293340.7927, 0.009723,False
1781293340.7973, 0.008330,False
1781293340.8017, 0.006589,False
1781293340.8060, 0.005037,False
1781293341.0296, 0.003371,False
1781293341.0344, 0.002053,False
1781293341.0391, 0.000680,False
1781293341.0437, 0.008550,False
1781293341.0481, 0.006427,False
1781293341.0526, 0.004496,False
1781293341.0572, 0.002175,False
1781293341.0616, 0.000737,False
1781293341.2853, 0.008692,False
1781293341.2906, 0.007177,False
1781293341.2961, 0.005626,False
1781293341.3006, 0.003935,False
1781293341.3051, 0.002301,False
1781293341.3096, 0.000514,False
1781293341.3141, 0.009581,False
1781293341.3186, 0.007711,False
1781293341.5328, 0.006324,False
1781293341.5374, 0.004878,False
1781293341.5424, 0.003514,False
1781293341.5469, 0.001573,False
1781293341.5513, 0.010244,False
1781293341.5557, 0.008523,False
1781293341.5604, 0.000079,False
1781293341.5683, 0.005242,False
1781293341.7865, 0.003426,False
1781293341.7916, 0.001563,False
1781293341.7974, 0.009814,False
1781293341.8022, 0.008037,False
1781293341.8069, 0.005913,False
1781293341.8146, 0.004145,False
1781293341.8193, 0.002343,False
1781293341.8240, 0.000417,False
1781293342.0501, 0.008724,False
1781293342.0548, 0.006683,False
1781293342.0596, 0.005853,False
1781293342.0642, 0.003484,False
1781293342.0688, 0.001521,False
1781293342.0734, 0.010087,False
1781293342.0780, 0.008477,False
1781293342.0824, 0.006678,False
1781293342.3029, 0.005086,False
1781293342.3076, 0.003242,False
1781293342.3123, 0.001475,False
1781293342.3169, 0.009374,False
1781293342.3213, 0.007342,False
1781293342.3257, 0.005590,False
1781293342.3303, 0.003606,False
1781293342.3350, 0.001751,False
1781293342.5462, 0.010200,False
1781293342.5517, 0.008414,False
1781293342.5575, 0.006355,False
1781293342.5644, 0.004372,False
1781293342.5694, 0.002476,False
1781293342.5739, 0.000320,False
1781293342.5815, 0.008481,False
1781293342.5866, 0.006114,False
1781293342.8067, 0.004414,False
1781293342.8116, 0.002695,False
1781293342.8161, 0.000866,False
1781293342.8208, 0.009265,False
1781293342.8263, 0.007054,False
1781293342.8310, 0.005309,False
1781293342.8355, 0.003829,False
1781293342.8400, 0.001913,False
1781293343.0654, 0.009947,False
1781293343.0702, 0.008351,False
1781293343.0751, 0.006321,False
1781293343.0794, 0.000090,False
1781293343.0861, 0.002610,False
1781293343.0906, 0.000219,False
1781293343.0951, 0.008576,False
1781293343.0995, 0.006628,False
1781293343.3176, 0.004497,False
1781293343.3231, 0.002648,False
1781293343.3284, 0.001574,False
1781293343.3335, 0.009416,False
1781293343.3380, 0.007586,False
1781293343.3426, 0.005839,False
1781293343.3473, 0.003233,False
1781293343.3516, 0.001739,False
1781293343.5756, 0.009575,False
1781293343.5803, 0.007768,False
1781293343.5852, 0.006022,False
1781293343.5900, 0.003904,False
1781293343.5946, 0.002096,False
1781293343.5994, 0.010198,False
1781293343.6041, 0.007897,False
1781293343.6086, 0.005928,False
1781293343.8290, 0.003933,False
1781293343.8367, 0.002341,False
1781293343.8415, 0.000611,False
1781293343.8459, 0.008914,False
1781293343.8517, 0.007001,False
1781293343.8586, 0.005664,False
1781293343.8632, 0.003638,False
1781293343.8686, 0.001512,False
1781293343.8744, 0.009572,False
1781293343.8796, 0.007669,False
1781293343.8863, 0.006280,False
1781293343.8925, 0.004195,False
1781293354.2552, 0.001187,True
1781293354.2604, 0.009473,True
1781293354.2650, 0.007742,True
1781293354.2701, 0.005892,True
1781293354.2752, 0.004315,True
1781293354.2798, 0.002605,True
1781293354.2847, 0.000731,True
1781293354.2892, 0.009093,True
1781293354.2938, 0.007017,True
1781293354.2985, 0.005322,True
1781293354.3033, 0.004076,True
1781293354.3079, 0.002115,True
1781293354.3123, 0.000179,True
1781293354.3193, 0.008693,True
1781293354.3239, 0.006666,True
1781293354.3285, 0.004868,True
1781293354.3336, 0.002538,True
1781293354.3384, 0.000559,True
1781293354.3431, 0.009736,True
1781293354.3477, 0.007466,True
1781293354.3525, 0.005874,True
1781293354.3571, 0.003951,True
1781293354.3617, 0.002531,True
1781293354.3665, 0.000980,True
1781293354.3710, 0.009100,True
1781293354.3756, 0.007543,True
1781293354.3804, 0.006036,True
1781293354.3850, 0.004312,True
1781293354.3897, 0.003271,True
1781293354.3943, 0.001400,True
1781293354.3987, 0.006422,True
1781293354.4053, 0.007965,True
1781293354.4099, 0.005946,True
1781293354.4146, 0.004726,True
1781293354.4192, 0.003671,True
1781293354.4239, 0.001438,True
1781293354.4287, 0.009607,True
1781293354.4333, 0.007994,True
1781293354.4380, 0.002696,True
1781293354.4448, 0.004051,True
1781293354.4495, 0.002049,True
1781293354.4543, 0.000219,True
1781293354.4592, 0.008454,True
1781293354.4639, 0.006368,True
1781293354.4688, 0.004669,True
1781293354.4734, 0.003302,True
1781293354.4780, 0.001709,True
1781293354.4841, 0.000428,True
1781293354.4888, 0.008894,True
1781293354.4940, 0.007200,True
1781293354.4993, 0.005280,True
1781293354.5041, 0.003785,True
1781293354.5096, 0.002086,True
1781293354.5142, 0.009868,True
1781293354.5188, 0.008208,True
1781293354.5237, 0.006913,True
1781293354.5283, 0.005159,True
1781293354.5328, 0.000142,True
1781293354.5398, 0.001341,True
1781293354.5444, 0.009660,True
1781293354.5490, 0.007533,True
1781293354.5539, 0.005528,True
1781293354.5586, 0.003744,True
1781293354.5636, 0.001690,True
1781293354.5681, 0.009613,True
1781293354.5728, 0.008118,True
1781293354.5788, 0.006959,True
1781293354.5832, 0.005015,True
1781293354.5889, 0.003133,True
1781293354.5938, 0.001747,True
1781293354.5984, 0.009733,True
1781293354.6030, 0.008272,True
1781293354.6086, 0.006856,True
1781293354.6137, 0.004968,True
1781293354.6188, 0.003765,True
1781293354.6238, 0.001443,True
1781293354.6286, 0.009746,True
1781293354.6331, 0.007495,True
1781293354.6377, 0.006042,True
1781293354.6422, 0.004366,True
1781293354.6466, 0.002620,True
1781293354.6510, 0.000977,True
1781293354.6559, 0.009553,True
1781293354.6607, 0.007470,True
1781293354.6654, 0.006323,True
1781293354.6701, 0.004612,True
1781293354.6745, 0.003143,True
1781293354.6789, 0.001507,True
1781293354.6836, 0.009587,True
1781293354.6882, 0.007528,True
1781293354.6928, 0.005791,True
1781293354.6972, 0.004317,True
1781293354.7016, 0.002730,True
1781293354.7074, 0.000923,True
1781293354.7123, 0.009261,True
1781293354.7215, 0.008396,True
1781293354.7280, 0.007152,True
1781293354.7330, 0.005774,True
1781293354.7379, 0.004112,True
1781293354.7426, 0.002145,True
1781293354.7471, 0.009888,True
1781293354.7516, 0.004704,True
1781293354.7583, 0.000120,True
1781293354.7651, 0.004133,True
1781293354.7697, 0.002792,True
1781293354.7745, 0.001789,True
1781293354.7794, 0.009894,True
1781293354.7843, 0.008225,True
1781293354.7891, 0.006248,True
1781293354.7935, 0.000636,True
1781293354.8002, 0.001970,True
1781293354.8048, 0.009982,True
1781293354.8096, 0.008029,True
1781293354.8144, 0.006375,True
1781293354.8189, 0.003974,True
1781293354.8233, 0.002183,True
1781293354.8279, 0.000580,True
1781293354.8328, 0.008880,True
1781293354.8378, 0.007326,True
1781293354.8425, 0.005769,True
1781293354.8478, 0.003388,True
1781293354.8532, 0.001261,True
1781293354.8577, 0.009480,True
1781293354.8623, 0.007399,True
1781293354.8671, 0.005354,True
1781293354.8716, 0.004220,True
1781293354.8760, 0.002247,True
1781293354.8807, 0.010155,True
1781293354.8854, 0.008042,True
1781293354.8899, 0.006185,True
1781293354.8944, 0.004584,True
1781293354.8991, 0.002860,True
1781293354.9037, 0.001191,True
1781293354.9084, 0.008991,True
1781293354.9130, 0.007322,True
1781293354.9176, 0.006184,True
1781293354.9224, 0.004325,True
1781293354.9272, 0.002359,True
1781293354.9317, 0.000236,True
1781293354.9363, 0.007875,True
1781293354.9409, 0.006417,True
1781293354.9459, 0.004584,True
1781293354.9505, 0.002929,True
1781293354.9550, 0.000980,True
1781293354.9600, 0.009012,True
1781293354.9648, 0.006572,True
1781293354.9696, 0.004622,True
1781293354.9739, 0.000146,True
1781293354.9809, 0.000885,True
1781293354.9854, 0.009196,True
1781293354.9900, 0.007236,True
1781293354.9947, 0.005400,True
1781293354.9992, 0.003678,True
1781293355.0036, 0.001741,True
1781293355.0080, 0.009827,True
1781293355.0124, 0.007900,True
1781293355.0167, 0.003088,True
1781293355.0234, 0.004170,True
1781293355.0281, 0.002098,True
1781293355.0327, 0.000239,True
1781293355.0374, 0.008143,True
1781293355.0424, 0.006284,True
1781293355.0472, 0.004398,True
1781293355.0519, 0.002398,True
1781293355.0567, 0.000258,True
1781293355.0615, 0.008405,True
1781293355.0662, 0.006096,True
1781293355.0711, 0.004526,True
1781293355.0757, 0.002357,True
1781293355.0801, 0.000474,True
1781293355.0848, 0.009184,True
1781293355.0907, 0.006967,True
1781293355.0954, 0.005041,True
1781293355.0999, 0.002984,True
1781293355.1048, 0.001492,True
1781293355.1094, 0.010035,True
1781293355.1140, 0.007988,True
1781293355.1190, 0.006571,True
1781293355.1243, 0.004922,True
1781293355.1289, 0.003632,True
1781293355.1335, 0.001809,True
1781293355.1386, 0.000245,True
1781293355.1433, 0.008142,True
1781293355.1510, 0.005750,True
1781293355.1560, 0.004097,True
1781293355.1612, 0.001945,True
1781293355.1672, 0.000898,True
1781293355.1726, 0.009166,True
1781293355.1774, 0.007568,True
1781293355.1824, 0.005202,True
1781293355.1873, 0.003108,True
1781293355.1923, 0.001270,True
1781293355.1968, 0.000137,True
1781293355.2037, 0.007510,True
1781293355.2085, 0.005468,True
1781293355.2135, 0.003895,True
1781293355.2182, 0.002668,True
1781293355.2231, 0.000810,True
1781293355.2279, 0.008487,True
1781293355.2326, 0.006715,True
1781293355.2374, 0.005069,True
1781293355.2421, 0.003279,True
1781293355.2473, 0.001508,True
1781293355.2521, 0.006921,True
1781293355.2590, 0.008318,True
1781293355.2639, 0.006821,True
1781293355.2685, 0.004859,True
1781293355.2733, 0.003277,True
1781293355.2780, 0.001147,True
1781293355.2825, 0.009759,True
1781293355.2871, 0.007682,True
1781293355.2915, 0.002815,True
1781293355.2982, 0.004459,True
1781293355.3027, 0.002947,True
1781293355.3071, 0.000868,True
1781293355.3117, 0.008955,True
1781293355.3162, 0.007520,True
1781293355.3216, 0.006055,True
1781293355.3261, 0.004700,True
1781293355.3307, 0.003096,True
1781293355.3353, 0.001184,True
1781293355.3401, 0.009107,True
1781293355.3447, 0.007031,True
1781293355.3493, 0.005387,True
1781293355.3539, 0.003592,True
1781293355.3586, 0.001979,True
1781293355.3634, 0.009758,True
1781293355.3683, 0.008401,True
1781293355.3737, 0.006918,True
1781293355.3783, 0.004590,True
1781293355.3833, 0.003118,True
1781293355.3880, 0.000920,True
1781293355.3926, 0.008765,True
1781293355.3976, 0.007065,True
1781293355.4024, 0.005010,True
1781293355.4070, 0.003041,True
1781293355.4116, 0.001682,True
1781293355.4158, 0.000133,True
1781293355.4225, 0.008224,True
1781293355.4270, 0.006453,True
1781293355.4316, 0.004649,True
1781293355.4369, 0.003288,True
1781293355.4418, 0.001163,True
1781293355.4465, 0.009511,True
1781293355.4510, 0.008238,True
1781293355.4554, 0.006665,True
1781293355.4598, 0.004942,True
1781293355.4645, 0.002950,True
1781293355.4689, 0.001501,True
1781293355.4737, 0.009745,True
1781293355.4784, 0.007937,True
1781293355.4831, 0.006517,True
1781293355.4877, 0.004817,True
1781293355.4926, 0.003279,True
1781293355.4974, 0.001749,True
1781293355.5019, 0.009941,True
1781293355.5065, 0.008995,True
1781293355.5112, 0.006737,True
1781293355.5157, 0.005087,True
1781293355.5201, 0.002973,True
1781293355.5249, 0.001104,True
1781293355.5296, 0.009738,True
1781293355.5341, 0.008283,True
1781293355.5387, 0.006405,True
1781293355.5433, 0.004717,True
1781293355.5479, 0.003239,True
1781293355.5525, 0.001419,True
1781293355.5573, 0.009163,True
1781293355.5619, 0.006888,True
1781293355.5666, 0.004853,True
1781293355.5716, 0.002940,True
1781293355.5763, 0.001183,True
1781293355.5817, 0.009422,True
1781293355.5864, 0.007754,True
1781293355.5918, 0.003347,True
1781293355.5987, 0.004708,True
1781293355.6032, 0.003396,True
1781293355.6080, 0.001312,True
1781293355.6125, 0.009424,True
1781293355.6170, 0.007704,True
1781293355.6214, 0.005931,True
1781293355.6259, 0.004407,True
1781293355.6301, 0.000143,True
1781293355.6374, 0.009858,True
1781293355.6421, 0.007987,True
1781293355.6467, 0.006344,True
1781293355.6516, 0.004419,True
1781293355.6562, 0.002459,True
1781293355.6608, 0.000692,True
1781293355.6655, 0.009557,True
1781293355.6702, 0.007764,True
1781293355.6752, 0.005754,True
1781293355.6799, 0.003624,True
1781293355.6846, 0.001692,True
1781293355.6907, 0.000242,True
1781293355.6957, 0.008488,True
1781293355.7001, 0.007098,True
1781293355.7047, 0.005613,True
1781293355.7091, 0.003588,True
1781293355.7136, 0.001385,True
1781293355.7181, 0.010148,True
1781293355.7226, 0.008368,True
1781293355.7272, 0.006748,True
1781293355.7316, 0.005325,True
1781293355.7364, 0.003168,True
1781293355.7410, 0.001258,True
1781293355.7455, 0.009502,True
1781293355.7504, 0.007667,True
1781293355.7603, 0.006150,True
1781293355.7651, 0.004572,True
1781293355.7697, 0.002859,True
1781293355.7744, 0.000633,True
1781293355.7789, 0.008657,True
1781293355.7837, 0.006801,True
1781293355.7883, 0.005177,True
1781293355.7928, 0.002969,True
1781293355.7972, 0.001442,True
1781293355.8017, 0.009821,True
1781293355.8063, 0.008283,True
1781293355.8109, 0.006800,True
1781293355.8154, 0.004776,True
1781293355.8201, 0.003123,True
1781293355.8247, 0.000679,True
1781293355.8292, 0.009673,True
1781293355.8340, 0.008227,True
1781293355.8389, 0.006581,True
1781293355.8439, 0.005187,True
1781293355.8484, 0.000144,True
1781293355.8551, 0.002567,True
1781293355.8599, 0.000645,True
1781293355.8645, 0.008893,True
1781293355.8691, 0.007058,True
1781293355.8738, 0.004479,True
1781293355.8786, 0.002984,True
1781293355.8835, 0.001139,True
1781293355.8881, 0.009137,True
1781293355.8927, 0.007486,True
1781293355.8971, 0.002773,True
1781293355.9039, 0.004482,True
1781293355.9087, 0.003186,True
1781293355.9133, 0.001471,True
1781293355.9191, 0.009629,True
1781293355.9238, 0.008047,True
1781293355.9284, 0.006020,True
1781293355.9331, 0.003901,True
1781293355.9379, 0.001948,True
1781293355.9425, 0.000427,True
1781293355.9470, 0.009050,True
1781293355.9517, 0.006858,True
1781293355.9562, 0.005327,True
1781293355.9607, 0.003727,True
1781293355.9652, 0.001976,True
1781293355.9695, 0.000392,True
1781293355.9741, 0.008644,True
1781293355.9787, 0.006657,True
1781293355.9833, 0.004977,True
1781293355.9879, 0.002710,True
1781293355.9924, 0.000940,True
1781293355.9970, 0.009545,True
1781293356.0017, 0.007637,True
1781293356.0061, 0.006078,True
1781293356.2045, 0.004407,True
1781293356.2096, 0.002636,True
1781293356.2143, 0.001083,True
1781293356.2199, 0.009554,True
1781293356.2250, 0.007678,True
1781293356.2304, 0.005490,True
1781293356.2355, 0.003527,True
1781293356.2402, 0.001492,True
1781293356.4726, 0.009607,False
1781293356.4783, 0.007328,False
1781293356.4838, 0.005255,False
1781293356.4887, 0.000127,False
1781293356.4967, 0.001710,False
1781293356.5014, 0.000298,False
1781293356.5059, 0.008435,False
1781293356.5103, 0.006117,False
1781293356.7226, 0.004001,False
1781293356.7273, 0.001911,False
1781293356.7321, 0.010115,False
1781293356.7378, 0.008688,False
1781293356.7422, 0.007011,False
1781293356.7476, 0.005553,False
1781293356.7520, 0.004075,False
1781293356.7565, 0.002158,False
1781293356.9911, 0.000405,False
1781293356.9968, 0.008585,False
1781293357.0019, 0.006839,False
1781293357.0072, 0.004844,False
1781293357.0126, 0.003041,False
1781293357.0199, 0.001162,False
1781293357.0269, 0.009393,False
1781293357.0327, 0.004493,False
1781293357.0398, 0.005754,False
1781293357.2438, 0.003828,False
1781293357.2485, 0.001479,False
1781293357.2530, 0.009974,False
1781293357.2576, 0.007949,False
1781293357.2621, 0.005826,False
1781293357.2669, 0.003739,False
1781293357.2716, 0.001487,False
1781293357.5009, 0.009314,False
1781293357.5070, 0.007525,False
1781293357.5116, 0.005433,False
1781293357.5165, 0.004327,False
1781293357.5212, 0.002028,False
1781293357.5259, 0.000606,False
1781293357.5308, 0.008786,False
1781293357.5356, 0.006880,False
1781293357.5400, 0.004565,False
1781293357.7570, 0.002607,False
1781293357.7617, 0.000276,False
1781293357.7662, 0.008531,False
1781293357.7721, 0.006286,False
1781293357.7769, 0.004819,False
1781293357.7814, 0.002591,False
1781293357.7863, 0.000798,False
1781293357.7914, 0.000070,False
1781293358.0183, 0.006770,False
1781293358.0233, 0.005549,False
1781293358.0280, 0.004011,False
1781293358.0327, 0.002402,False
1781293358.0374, 0.000538,False
1781293358.0421, 0.008951,False
1781293358.0470, 0.006624,False
1781293358.0515, 0.004820,False
1781293358.2779, 0.002743,False
1781293358.2828, 0.001448,False
1781293358.2874, 0.009828,False
1781293358.2922, 0.008125,False
1781293358.2968, 0.006404,False
1781293358.3015, 0.004551,False
1781293358.3062, 0.002552,False
1781293358.3106, 0.001017,False
1781293358.5244, 0.009271,False
1781293358.5291, 0.007673,False
1781293358.5338, 0.005691,False
1781293358.5382, 0.003986,False
1781293358.5429, 0.002446,False
1781293358.5478, 0.000663,False
1781293358.5525, 0.008998,False
1781293358.5570, 0.007000,False
1781293358.9028, 0.004928,False
1781293358.9093, 0.003294,False
1781293358.9155, 0.001266,False
1781293358.9207, 0.009313,False
1781293358.9261, 0.007807,False
1781293358.9316, 0.002995,False
1781293358.9399, 0.004128,False
1781293358.9446, 0.002547,False
1781293359.0541, 0.001216,False
1781293359.0600, 0.009485,False
1781293359.0657, 0.007701,False
1781293359.0712, 0.005427,False
1781293359.0766, 0.003895,False
1781293359.0822, 0.002259,False
1781293359.0882, 0.000823,False
1781293359.0931, 0.008986,False
1781293359.3058, 0.007356,False
1781293359.3120, 0.005660,False
1781293359.3177, 0.003477,False
1781293359.3231, 0.001639,False
1781293359.3274, 0.000136,False
1781293359.3341, 0.008760,False
1781293359.3389, 0.007104,False
1781293359.3435, 0.005388,False
1781293359.3479, 0.003460,False
1781293359.5526, 0.001410,False
1781293359.5578, 0.009972,False
1781293359.5643, 0.007785,False
1781293359.5696, 0.005698,False
1781293359.5764, 0.003513,False
1781293359.5816, 0.001702,False
1781293359.5869, 0.000380,False
1781293359.8214, 0.008819,False
1781293359.8277, 0.007355,False
1781293359.8324, 0.005742,False
1781293359.8375, 0.004077,False
1781293359.8423, 0.002136,False
1781293359.8470, 0.000677,False
1781293359.8516, 0.008828,False
1781293359.8563, 0.006672,False
1781293359.8611, 0.005150,False
1781293360.0929, 0.003642,False
1781293360.0980, 0.002747,False
1781293360.1031, 0.000422,False
1781293360.1076, 0.008540,False
1781293360.1123, 0.006255,False
1781293360.1170, 0.004445,False
1781293360.1216, 0.002497,False
1781293360.1261, 0.000540,False
1781293360.3426, 0.008395,False
1781293360.3476, 0.005993,False
1781293360.3522, 0.004234,False
1781293360.3574, 0.002565,False
1781293360.3629, 0.000941,False
1781293360.3679, 0.009402,False
1781293360.3728, 0.007855,False
1781293360.3786, 0.005779,False
1781293360.5925, 0.003560,False
1781293360.5972, 0.001814,False
1781293360.6022, 0.009719,False
1781293360.6065, 0.005014,False
1781293360.6133, 0.006164,False
1781293360.6178, 0.004829,False
1781293360.6224, 0.003487,False
1781293360.6268, 0.001777,False
1781293360.8646, 0.000099,False
1781293360.8739, 0.008475,False
1781293360.8788, 0.006593,False
1781293360.8831, 0.001577,False
1781293360.8918, 0.002577,False
1781293360.8970, 0.000960,False
1781293360.9018, 0.009039,False
1781293360.9064, 0.007636,False
1781293361.1032, 0.005389,False
1781293361.1083, 0.003413,False
1781293361.1130, 0.001780,False
1781293361.1177, 0.009735,False
1781293361.1222, 0.007633,False
1781293361.1268, 0.005652,False
1781293361.1314, 0.004000,False
1781293361.1370, 0.001829,False
1781293361.3739, 0.010072,False
1781293361.3794, 0.008323,False
1781293361.3841, 0.006346,False
1781293361.3887, 0.004557,False
1781293361.3932, 0.002999,False
1781293361.3978, 0.001224,False
1781293361.4026, 0.009257,False
1781293361.4075, 0.007334,False
1781293361.4120, 0.005732,False
1781293361.6293, 0.004029,False
1781293361.6345, 0.001725,False
1781293361.6392, 0.010090,False
1781293361.6445, 0.009083,False
1781293361.6500, 0.007259,False
1781293361.6557, 0.005093,False
1781293361.6612, 0.003497,False
1781293361.6663, 0.001968,False
1781293361.8935, 0.010140,False
1781293362.0042, 0.008255,False
1781293362.0092, 0.006200,False
1781293362.0140, 0.004531,False
1781293362.0206, 0.002558,False
1781293362.0288, 0.001058,False
1781293362.0370, 0.009256,False
1781293362.0433, 0.007473,False
1781293362.1481, 0.005827,False
1781293362.1535, 0.003418,False
1781293362.1582, 0.001922,False
1781293362.1629, 0.009688,False
1781293362.1674, 0.000137,False
1781293362.1742, 0.006595,False
1781293362.1787, 0.005158,False
1781293362.1834, 0.003735,False
1781293362.4117, 0.001610,False
1781293362.4161, 0.007083,False
1781293362.4231, 0.008632,False
1781293362.4277, 0.006803,False
1781293362.4323, 0.005487,False
1781293362.4369, 0.003779,False
1781293362.4415, 0.002066,False
1781293362.4461, 0.000516,False
1781293362.6690, 0.008889,False
1781293362.6736, 0.003225,False
1781293362.7877, 0.004699,False
1781293362.7925, 0.003097,False
1781293362.7971, 0.000953,False
1781293362.8017, 0.009041,False
1781293362.8062, 0.006945,False
1781293362.8113, 0.005046,False
1781293362.9319, 0.003131,False
1781293362.9373, 0.001183,False
1781293362.9422, 0.009184,False
1781293362.9467, 0.007688,False
1781293362.9511, 0.005823,False
1781293362.9557, 0.003957,False
1781293362.9604, 0.002076,False
1781293362.9648, 0.000220,False
1781293363.1831, 0.008478,False
1781293363.1895, 0.007177,False
1781293363.1946, 0.005226,False
1781293363.1991, 0.003043,False
1781293363.2037, 0.001560,False
1781293363.2084, 0.009958,False
1781293363.2131, 0.008185,False
1781293363.2177, 0.005866,False
1781293363.4369, 0.004252,False
1781293363.4452, 0.002580,False
1781293363.4498, 0.000182,False
1781293363.4545, 0.008450,False
1781293363.4591, 0.007179,False
1781293363.4637, 0.005668,False
1781293363.4683, 0.003446,False
1781293363.4728, 0.001405,False
1781293363.6883, 0.009423,False
1781293363.6939, 0.000112,False
1781293363.7009, 0.006301,False
1781293363.7061, 0.003940,False
1781293363.7117, 0.002131,False
1781293363.7168, 0.000424,False
1781293363.7214, 0.009022,False
1781293363.7259, 0.007594,False
1781293363.8374, 0.006173,False
1781293363.8435, 0.004361,False
1781293363.8495, 0.002663,False
1781293363.8545, 0.001464,False
1781293363.8599, 0.009502,False
1781293363.9489, 0.007559,False
1781293364.0604, 0.006074,False
1781293364.0653, 0.004046,False
1781293364.0698, 0.002980,False
1781293364.1434, 0.001235,False
1781293364.1506, 0.009569,False
1781293364.1568, 0.007607,False
1781293364.1629, 0.005921,False
1781293364.1689, 0.004219,False
1781293364.1758, 0.002479,False
1781293364.1808, 0.000305,False
1781293364.1854, 0.005200,False
1781293364.1923, 0.006181,False
1781293404.2552, 0.001110,True
1781293404.2605, 0.000081,True
1781293404.2685, 0.005938,True
1781293404.2737, 0.004442,True
1781293404.2783, 0.002516,True
1781293404.2831, 0.000924,True
1781293404.2879, 0.009064,True
1781293404.2925, 0.007343,True
1781293404.2972, 0.005398,True
1781293404.3017, 0.003279,True
1781293404.3069, 0.001554,True
1781293404.3118, 0.009739,True
1781293404.3174, 0.008490,True
1781293404.3234, 0.006400,True
1781293404.3292, 0.004522,True
1781293404.3339, 0.002871,True
1781293404.3387, 0.000811,True
1781293404.3438, 0.008920,True
1781293404.3492, 0.007016,True
1781293404.3540, 0.000147,True
1781293404.3612, 0.002992,True
1781293404.3662, 0.001311,True
1781293404.3709, 0.009474,True
1781293404.3759, 0.007574,True
1781293404.3809, 0.005919,True
1781293404.3859, 0.004025,True
1781293404.3908, 0.002822,True
1781293404.3956, 0.000353,True
1781293404.4004, 0.008322,True
1781293404.4052, 0.006113,True
1781293404.4101, 0.004734,True
1781293404.4150, 0.002443,True
1781293404.4198, 0.000861,True
1781293404.4244, 0.009186,True
1781293404.4294, 0.007302,True
1781293404.4340, 0.005668,True
1781293404.4386, 0.003909,True
1781293404.4432, 0.002455,True
1781293404.4476, 0.000562,True
1781293404.4522, 0.009067,True
1781293404.4567, 0.007516,True
1781293404.4616, 0.005884,True
1781293404.4663, 0.004265,True
1781293404.4711, 0.002384,True
1781293404.4762, 0.000953,True
1781293404.4810, 0.009406,True
1781293404.4860, 0.007396,True
1781293404.4907, 0.005333,True
1781293404.4957, 0.003533,True
1781293404.5006, 0.001726,True
1781293404.5052, 0.000402,True
1781293404.5099, 0.008505,True
1781293404.5147, 0.006770,True
1781293404.5193, 0.004840,True
1781293404.5247, 0.003108,True
1781293404.5305, 0.001211,True
1781293404.5354, 0.009194,True
1781293404.5402, 0.007345,True
1781293404.5451, 0.005937,True
1781293404.5500, 0.004103,True
1781293404.5547, 0.002016,True
1781293404.5595, 0.010105,True
1781293404.5645, 0.008427,True
1781293404.5692, 0.006656,True
1781293404.5739, 0.000139,True
1781293404.5808, 0.002727,True
1781293404.5854, 0.000569,True
1781293404.5903, 0.008482,True
1781293404.5950, 0.006626,True
1781293404.5995, 0.004765,True
1781293404.6043, 0.002708,True
1781293404.6134, 0.000668,True
1781293404.6184, 0.009122,True
1781293404.6234, 0.007196,True
1781293404.6283, 0.005313,True
1781293404.6330, 0.003664,True
1781293404.6378, 0.001985,True
1781293404.6431, 0.009926,True
1781293404.6483, 0.008185,True
1781293404.6529, 0.005549,True
1781293404.6581, 0.003857,True
1781293404.6634, 0.002235,True
1781293404.6681, 0.000380,True
1781293404.6729, 0.008597,True
1781293404.6776, 0.006922,True
1781293404.6823, 0.004623,True
1781293404.6871, 0.002766,True
1781293404.6928, 0.000681,True
1781293404.6978, 0.009227,True
1781293404.7024, 0.000333,True
1781293404.7122, 0.005682,True
1781293404.7172, 0.003896,True
1781293404.7222, 0.002047,True
1781293404.7274, 0.010248,True
1781293404.7323, 0.008605,True
1781293404.7369, 0.006469,True
1781293404.7430, 0.004376,True
1781293404.7483, 0.002530,True
1781293404.7531, 0.000627,True
1781293404.7586, 0.008713,True
1781293404.7634, 0.006919,True
1781293404.7680, 0.004418,True
1781293404.7729, 0.002838,True
1781293404.7775, 0.001454,True
1781293404.7822, 0.009878,True
1781293404.7873, 0.007934,True
1781293404.7919, 0.006031,True
1781293404.7966, 0.004515,True
1781293404.8014, 0.002438,True
1781293404.8059, 0.000113,True
1781293404.8130, 0.008833,True
1781293404.8178, 0.006654,True
1781293404.8226, 0.005328,True
1781293404.8273, 0.002780,True
1781293404.8319, 0.001116,True
1781293404.8370, 0.009187,True
1781293404.8420, 0.007362,True
1781293404.8469, 0.005253,True
1781293404.8521, 0.003329,True
1781293404.8568, 0.001705,True
1781293404.8615, 0.010145,True
1781293404.8662, 0.008562,True
1781293404.8709, 0.007527,True
1781293404.8758, 0.005418,True
1781293404.8805, 0.003930,True
1781293404.8852, 0.001831,True
1781293404.8909, 0.010102,True
1781293404.8956, 0.008143,True
1781293404.9002, 0.005842,True
1781293404.9048, 0.004104,True
1781293404.9094, 0.002366,True
1781293404.9141, 0.000484,True
1781293404.9187, 0.009039,True
1781293404.9235, 0.007152,True
1781293404.9285, 0.005361,True
1781293404.9335, 0.003317,True
1781293404.9381, 0.001475,True
1781293404.9431, 0.000506,True
1781293404.9480, 0.008417,True
1781293404.9528, 0.006959,True
1781293404.9574, 0.005254,True
1781293404.9622, 0.003271,True
1781293404.9681, 0.001415,True
1781293404.9727, 0.010023,True
1781293404.9783, 0.001361,True
1781293404.9852, 0.006645,True
1781293404.9903, 0.004702,True
1781293404.9950, 0.002600,True
1781293404.9998, 0.001241,True
1781293405.0048, 0.009162,True
1781293405.0097, 0.007708,True
1781293405.0143, 0.005929,True
1781293405.0190, 0.004068,True
1781293405.0238, 0.002406,True
1781293405.0286, 0.000125,True
1781293405.0352, 0.008685,True
1781293405.0406, 0.006928,True
1781293405.0455, 0.005282,True
1781293405.0502, 0.003482,True
1781293405.0549, 0.001279,True
1781293405.0597, 0.009668,True
1781293405.0655, 0.007922,True
1781293405.0703, 0.006514,True
1781293405.0749, 0.004179,True
1781293405.0797, 0.002897,True
1781293405.0844, 0.000696,True
1781293405.0893, 0.008812,True
1781293405.0937, 0.007129,True
1781293405.0982, 0.005598,True
1781293405.1026, 0.003933,True
1781293405.1070, 0.002187,True
1781293405.1128, 0.000694,True
1781293405.1177, 0.008753,True
1781293405.1228, 0.006817,True
1781293405.1278, 0.005278,True
1781293405.1325, 0.003286,True
1781293405.1373, 0.002084,True
1781293405.1421, 0.000839,True
1781293405.1470, 0.008941,True
1781293405.1519, 0.007225,True
1781293405.1582, 0.005414,True
1781293405.1642, 0.003614,True
1781293405.1692, 0.001994,True
1781293405.1743, 0.000627,True
1781293405.1801, 0.009223,True
1781293405.1851, 0.007683,True
1781293405.1900, 0.005853,True
1781293405.1950, 0.004145,True
1781293405.1999, 0.002221,True
1781293405.2047, 0.009931,True
1781293405.2101, 0.007814,True
1781293405.2151, 0.006356,True
1781293405.2200, 0.004215,True
1781293405.2255, 0.002062,True
1781293405.2308, 0.000242,True
1781293405.2358, 0.008465,True
1781293405.2411, 0.007164,True
1781293405.2463, 0.005237,True
1781293405.2512, 0.002725,True
1781293405.2558, 0.000124,True
1781293405.2629, 0.009166,True
1781293405.2679, 0.007576,True
1781293405.2758, 0.005442,True
1781293405.2813, 0.003208,True
1781293405.2873, 0.000998,True
1781293405.2933, 0.009191,True
1781293405.2980, 0.007864,True
1781293405.3026, 0.005880,True
1781293405.3074, 0.004530,True
1781293405.3119, 0.002254,True
1781293405.3164, 0.000821,True
1781293405.3210, 0.009190,True
1781293405.3256, 0.007761,True
1781293405.3304, 0.005824,True
1781293405.3361, 0.003872,True
1781293405.3430, 0.002026,True
1781293405.3487, 0.000455,True
1781293405.3542, 0.008998,True
1781293405.3589, 0.007041,True
1781293405.3644, 0.005022,True
1781293405.3694, 0.003136,True
1781293405.3742, 0.001931,True
1781293405.3788, 0.009492,True
1781293405.3839, 0.008021,True
1781293405.3885, 0.006339,True
1781293405.3931, 0.004332,True
1781293405.3981, 0.002674,True
1781293405.4028, 0.000906,True
1781293405.4076, 0.008845,True
1781293405.4124, 0.006895,True
1781293405.4171, 0.005128,True
1781293405.4219, 0.003044,True
1781293405.4266, 0.001096,True
1781293405.4315, 0.009310,True
1781293405.4363, 0.007732,True
1781293405.4411, 0.005565,True
1781293405.4461, 0.003552,True
1781293405.4508, 0.001940,True
1781293405.4555, 0.010030,True
1781293405.4604, 0.008425,True
1781293405.4652, 0.006430,True
1781293405.4699, 0.004500,True
1781293405.4750, 0.002682,True
1781293405.4798, 0.001145,True
1781293405.4843, 0.000137,True
1781293405.4922, 0.008047,True
1781293405.4978, 0.006425,True
1781293405.5025, 0.004761,True
1781293405.5087, 0.002812,True
1781293405.5136, 0.001327,True
1781293405.5184, 0.009559,True
1781293405.5238, 0.007930,True
1781293405.5289, 0.006049,True
1781293405.5338, 0.004634,True
1781293405.5389, 0.002247,True
1781293405.5455, 0.000560,True
1781293405.5504, 0.009062,True
1781293405.5554, 0.007253,True
1781293405.5599, 0.005652,True
1781293405.5644, 0.003884,True
1781293405.5689, 0.001759,True
1781293405.5736, 0.009774,True
1781293405.5778, 0.001091,True
1781293405.5845, 0.005948,True
1781293405.5893, 0.004699,True
1781293405.5939, 0.002793,True
1781293405.5986, 0.000755,True
1781293405.6032, 0.008316,True
1781293405.6078, 0.006722,True
1781293405.6123, 0.004691,True
1781293405.6169, 0.003193,True
1781293405.6216, 0.001467,True
1781293405.6264, 0.009749,True
1781293405.6311, 0.008309,True
1781293405.6358, 0.006376,True
1781293405.6409, 0.004377,True
1781293405.6457, 0.002397,True
1781293405.6505, 0.001183,True
1781293405.6555, 0.009684,True
1781293405.6602, 0.008059,True
1781293405.6647, 0.006480,True
1781293405.6695, 0.005101,True
1781293405.6740, 0.003426,True
1781293405.6785, 0.001776,True
1781293405.6832, 0.010081,True
1781293405.6880, 0.008302,True
1781293405.6928, 0.006418,True
1781293405.6974, 0.005324,True
1781293405.7019, 0.003865,True
1781293405.7064, 0.000132,True
1781293405.7132, 0.010182,True
1781293405.7177, 0.008140,True
1781293405.7224, 0.006332,True
1781293405.7272, 0.004460,True
1781293405.7318, 0.003148,True
1781293405.7366, 0.001076,True
1781293405.7413, 0.008971,True
1781293405.7463, 0.006965,True
1781293405.7513, 0.005365,True
1781293405.7561, 0.003757,True
1781293405.7607, 0.001778,True
1781293405.7654, 0.000343,True
1781293405.7700, 0.008461,True
1781293405.7746, 0.006375,True
1781293405.7793, 0.004814,True
1781293405.7839, 0.002505,True
1781293405.7886, 0.000476,True
1781293405.7935, 0.009329,True
1781293405.7983, 0.007477,True
1781293405.8032, 0.005594,True
1781293405.8078, 0.003669,True
1781293405.8127, 0.002284,True
1781293405.8176, 0.000934,True
1781293405.8227, 0.008896,True
1781293405.8274, 0.007423,True
1781293405.8323, 0.006045,True
1781293405.8399, 0.004567,True
1781293405.8461, 0.003237,True
1781293405.8543, 0.001455,True
1781293405.8603, 0.010135,True
1781293405.8654, 0.008413,True
1781293405.8704, 0.006297,True
1781293405.8752, 0.003907,True
1781293405.8800, 0.002486,True
1781293405.8848, 0.000244,True
1781293405.8893, 0.001785,True
1781293405.8970, 0.006846,True
1781293405.9024, 0.005433,True
1781293405.9071, 0.003518,True
1781293405.9119, 0.001833,True
1781293405.9164, 0.009799,True
1781293405.9211, 0.007916,True
1781293405.9257, 0.005573,True
1781293405.9306, 0.003187,True
1781293405.9351, 0.000138,True
1781293405.9420, 0.007453,True
1781293405.9470, 0.008249,True
1781293405.9517, 0.006268,True
1781293405.9562, 0.004371,True
1781293405.9609, 0.002771,True
1781293405.9669, 0.000501,True
1781293405.9719, 0.008246,True
1781293405.9770, 0.006664,True
1781293405.9816, 0.005054,True
1781293405.9861, 0.003160,True
1781293405.9910, 0.001211,True
1781293405.9957, 0.009793,True
1781293406.0002, 0.007949,True
1781293406.0056, 0.005749,True
1781293406.0108, 0.004341,True
1781293406.0161, 0.002445,True
1781293406.0211, 0.000911,True
1781293406.0261, 0.009245,True
1781293406.0308, 0.007458,True
1781293406.0359, 0.005847,True
1781293406.0408, 0.003868,True
1781293406.0455, 0.001843,True
1781293406.0502, 0.009404,True
1781293406.0552, 0.007595,True
1781293406.0617, 0.006250,True
1781293406.0664, 0.004568,True
1781293406.0716, 0.002348,True
1781293406.0762, 0.000598,True
1781293406.0806, 0.009007,True
1781293406.0852, 0.007206,True
1781293406.0899, 0.005622,True
1781293406.0944, 0.004287,True
1781293406.0991, 0.003177,True
1781293406.1042, 0.001194,True
1781293406.1097, 0.009100,True
1781293406.1160, 0.007318,True
1781293406.1219, 0.005547,True
1781293406.1268, 0.003927,True
1781293406.1329, 0.002424,True
1781293406.1382, 0.000636,True
1781293406.1434, 0.008918,True
1781293406.1482, 0.007457,True
1781293406.1529, 0.005464,True
1781293406.1578, 0.003794,True
1781293406.1625, 0.000136,True
1781293406.1712, 0.000201,True
1781293406.1764, 0.008303,True
1781293406.1812, 0.006501,True
1781293406.1862, 0.004858,True
1781293406.1916, 0.002590,True
1781293406.1964, 0.000941,True
1781293406.2013, 0.009552,True
1781293406.2060, 0.007641,True
1781293406.2110, 0.005844,True
1781293406.2159, 0.003957,True
1781293406.2208, 0.002412,True
1781293406.2260, 0.000894,True
1781293406.2308, 0.009606,True
1781293406.2358, 0.008052,True
1781293406.2408, 0.006326,True
1781293406.2455, 0.004145,True
1781293406.2500, 0.002484,True
1781293406.2554, 0.000837,False
1781293406.2607, 0.009072,False
1781293406.2655, 0.008128,False
1781293406.2704, 0.006241,False
1781293406.2753, 0.004512,False
1781293406.2802, 0.003065,False
1781293406.2851, 0.001224,False
1781293406.2899, 0.009390,False
1781293406.2948, 0.007402,False
1781293406.2994, 0.005265,False
1781293406.3045, 0.004310,False
1781293406.3094, 0.002637,False
1781293406.3142, 0.000764,False
1781293406.3191, 0.009307,False
1781293406.3242, 0.007327,False
1781293406.3290, 0.006176,False
1781293406.3342, 0.004548,False
1781293406.3403, 0.002183,False
1781293406.3455, 0.000388,False
1781293406.3503, 0.008662,False
1781293406.3550, 0.006489,False
1781293406.3598, 0.004317,False
1781293406.3644, 0.002730,False
1781293406.3695, 0.001401,False
1781293406.3744, 0.009473,False
1781293406.3790, 0.008216,False
1781293406.3836, 0.006592,False
1781293406.3881, 0.000139,False
1781293406.3952, 0.003360,False
1781293406.3998, 0.001433,False
1781293406.4051, 0.009300,False
1781293406.4103, 0.007562,False
1781293406.4148, 0.005896,False
1781293406.4200, 0.004555,False
1781293406.4250, 0.003000,False
1781293406.4298, 0.001039,False
1781293406.4347, 0.009615,False
1781293406.4399, 0.008132,False
1781293406.4447, 0.006308,False
1781293406.4492, 0.004694,False
1781293406.4542, 0.003080,False
1781293406.4588, 0.000646,False
1781293406.4634, 0.008660,False
1781293406.4681, 0.006789,False
1781293406.4732, 0.004925,False
1781293406.4781, 0.003281,False
1781293406.4837, 0.001130,False
1781293406.4888, 0.008946,False
1781293406.4947, 0.007203,False
1781293406.4994, 0.005354,False
1781293406.5041, 0.003398,False
1781293406.5090, 0.001261,False
1781293406.5140, 0.009445,False
1781293406.5186, 0.007717,False
1781293406.5231, 0.005957,False
1781293406.5280, 0.004311,False
1781293406.5329, 0.002521,False
1781293406.5381, 0.001126,False
1781293406.5436, 0.008942,False
1781293406.5485, 0.007663,False
1781293406.5533, 0.005972,False
1781293406.5594, 0.004174,False
1781293406.5642, 0.002553,False
1781293406.5687, 0.000682,False
1781293406.5735, 0.008751,False
1781293406.5783, 0.006875,False
1781293406.5832, 0.005239,False
1781293406.5883, 0.003757,False
1781293406.5932, 0.002130,False
1781293406.5981, 0.000472,False
1781293406.6027, 0.008253,False
1781293406.6075, 0.006366,False
1781293406.6119, 0.000114,False
1781293406.6188, 0.002844,False
1781293406.6235, 0.000651,False
1781293406.6283, 0.008765,False
1781293406.6331, 0.007346,False
1781293406.6383, 0.005402,False
1781293406.6430, 0.004099,False
1781293406.6478, 0.002237,False
1781293406.6524, 0.001179,False
1781293406.6571, 0.009469,False
1781293406.6617, 0.007945,False
1781293406.6664, 0.006554,False
1781293406.6711, 0.004744,False
1781293406.6757, 0.003791,False
1781293406.6805, 0.001693,False
1781293406.6853, 0.000525,False
1781293406.6902, 0.008139,False
1781293406.6950, 0.005639,False
1781293406.6998, 0.004562,False
1781293406.7050, 0.002240,False
1781293406.7105, 0.010200,False
1781293406.7154, 0.008414,False
1781293406.7230, 0.006787,False
1781293406.7291, 0.005353,False
1781293406.7338, 0.003627,False
1781293406.7394, 0.001992,False
1781293406.7446, 0.010019,False
1781293406.7497, 0.008332,False
1781293406.7545, 0.006345,False
1781293406.7591, 0.004181,False
1781293406.7637, 0.002452,False
1781293406.7682, 0.000477,False
1781293406.7740, 0.008669,False
1781293406.7791, 0.006898,False
1781293406.7843, 0.005435,False
1781293406.7892, 0.003333,False
1781293406.7941, 0.001211,False
1781293406.7987, 0.002556,False
1781293406.8058, 0.008270,False
1781293406.8114, 0.006443,False
1781293406.8164, 0.004865,False
1781293406.8214, 0.002843,False
1781293406.8268, 0.001096,False
1781293406.8319, 0.009140,False
1781293406.8366, 0.007736,False
1781293406.8419, 0.000123,False
1781293406.8499, 0.004510,False
1781293406.8559, 0.002247,False
1781293406.8630, 0.000589,False
1781293406.8680, 0.008754,False
1781293406.8729, 0.007133,False
1781293406.8784, 0.005525,False
1781293406.8832, 0.003728,False
1781293406.8882, 0.001403,False
1781293406.8930, 0.009418,False
1781293406.8981, 0.008023,False
1781293406.9030, 0.006346,False
1781293406.9085, 0.004602,False
1781293406.9132, 0.003599,False
1781293406.9180, 0.001552,False
1781293406.9229, 0.009548,False
1781293406.9276, 0.008330,False
1781293406.9322, 0.006251,False
1781293406.9370, 0.005023,False
1781293406.9418, 0.003276,False
1781293406.9464, 0.001939,False
1781293406.9512, 0.009804,False
1781293406.9559, 0.008413,False
1781293406.9608, 0.006557,False
1781293406.9653, 0.004738,False
1781293406.9710, 0.002937,False
1781293406.9759, 0.000730,False
1781293406.9807, 0.009192,False
1781293406.9859, 0.007197,False
1781293406.9911, 0.005201,False
1781293406.9959, 0.003101,False
1781293407.0007, 0.001074,False
1781293407.0058, 0.008856,False
1781293407.0104, 0.006828,False
1781293407.0149, 0.005825,False
1781293407.0195, 0.004406,False
1781293407.0240, 0.002904,False
1781293407.0286, 0.001262,False
1781293407.0334, 0.009278,False
1781293407.0379, 0.007999,False
1781293407.0424, 0.006285,False
1781293407.0471, 0.004304,False
1781293407.0520, 0.002249,False
1781293407.0566, 0.010144,False
1781293407.0612, 0.008539,False
1781293407.0656, 0.000117,False
1781293407.0731, 0.005257,False
1781293407.0782, 0.003688,False
1781293407.0829, 0.002075,False
1781293407.0880, 0.000405,False
1781293407.0927, 0.008997,False
1781293407.0974, 0.007002,False
1781293407.1026, 0.005245,False
1781293407.1073, 0.002796,False
1781293407.1120, 0.001175,False
1781293407.1165, 0.002396,False
1781293407.1236, 0.007466,False
1781293407.1283, 0.005217,False
1781293407.1332, 0.003436,False
1781293407.1395, 0.001896,False
1781293407.1444, 0.000473,False
1781293407.1494, 0.008954,False
1781293407.1547, 0.007313,False
1781293407.1600, 0.005296,False
1781293407.1647, 0.003393,False
1781293407.1699, 0.001968,False
1781293407.1756, 0.010006,False
1781293407.1809, 0.008738,False
1781293407.1858, 0.007058,False
1781293407.1910, 0.005606,False
1781293407.1965, 0.003540,False
1781293407.2015, 0.001727,False
1781293407.2065, 0.009267,False
1781293407.2118, 0.007735,False
1781293407.2168, 0.006284,False
1781293407.2220, 0.004636,False
1781293407.2285, 0.003201,False
1781293407.2333, 0.001775,False
1781293407.2381, 0.000246,False
1781293407.2431, 0.008434,False
1781293407.2481, 0.007278,False
1781293407.2529, 0.005737,False
1781293407.2583, 0.004460,False
1781293407.2634, 0.002308,False
1781293407.2694, 0.001131,False
1781293407.2744, 0.009569,False
1781293407.2792, 0.007368,False
1781293407.2841, 0.005027,False
1781293407.2890, 0.003051,False
1781293407.2935, 0.001133,False
1781293407.2978, 0.000096,False
1781293407.3047, 0.007188,False
1781293407.3096, 0.005667,False
1781293407.3143, 0.004122,False
1781293407.3193, 0.003023,False
1781293407.3243, 0.001166,False
1781293407.3289, 0.009494,False
1781293407.3337, 0.007623,False
1781293407.3384, 0.005617,False
1781293407.3430, 0.003929,False
1781293407.3475, 0.002093,False
1781293407.3523, 0.000243,False
1781293407.3568, 0.008043,False
1781293407.3613, 0.005742,False
1781293407.3659, 0.004375,False
1781293407.3705, 0.002270,False
1781293407.3750, 0.000441,False
1781293407.3795, 0.009097,False
1781293407.3842, 0.007037,False
1781293407.3888, 0.005120,False
1781293407.3934, 0.003951,False
1781293407.3981, 0.002124,False
1781293407.4030, 0.010145,False
1781293407.4077, 0.008135,False
1781293407.4123, 0.006159,False
1781293407.4168, 0.004378,False
1781293407.4213, 0.002412,False
1781293407.4259, 0.000689,False
1781293407.4305, 0.001800,False
1781293407.4381, 0.007195,False
1781293407.4436, 0.005591,False
1781293407.4484, 0.003652,False
1781293407.4531, 0.002037,False
1781293407.4578, 0.000337,False
1781293407.4624, 0.008944,False
1781293407.4672, 0.007694,False
1781293407.4720, 0.006118,False
1781293407.4767, 0.004495,False
1781293407.4815, 0.002837,False
1781293407.4864, 0.001305,False
1781293407.4917, 0.008353,False
1781293407.4966, 0.006890,False
1781293407.5016, 0.005643,False
1781293407.5067, 0.004222,False
1781293407.5122, 0.002342,False
1781293407.5168, 0.000138,False
1781293407.5241, 0.009843,False
1781293407.5290, 0.007728,False
1781293407.5340, 0.006139,False
1781293407.5389, 0.004702,False
1781293407.5444, 0.002701,False
1781293407.5493, 0.001003,False
1781293407.5549, 0.009645,False
1781293407.5600, 0.008192,False
1781293407.5651, 0.006533,False
1781293407.5700, 0.004937,False
1781293407.5766, 0.003173,False
1781293407.5814, 0.001580,False
1781293407.5865, 0.009833,False
1781293407.5912, 0.007489,False
1781293407.5959, 0.005652,False
1781293407.6007, 0.003693,False
1781293407.6055, 0.001535,False
1781293407.6105, 0.009451,False
1781293407.6153, 0.007412,False
1781293407.6201, 0.005687,False
1781293407.6249, 0.003510,False
1781293407.6296, 0.002044,False
1781293407.6344, 0.010040,False
1781293407.6395, 0.008308,False
1781293407.6440, 0.006493,False
1781293407.6488, 0.004991,False
1781293407.6535, 0.002832,False
1781293407.6582, 0.000863,False
1781293407.6629, 0.008893,False
1781293407.6675, 0.007118,False
1781293407.6724, 0.005243,False
1781293407.6807, 0.003808,False
1781293407.6857, 0.002762,False
1781293407.6929, 0.000878,False
1781293407.6984, 0.008742,False
1781293407.7037, 0.007051,False
1781293407.7086, 0.005064,False
1781293407.7134, 0.003438,False
1781293407.7181, 0.001716,False
1781293407.7227, 0.010016,False
1781293407.7277, 0.008131,False
1781293407.7324, 0.005999,False
1781293407.7369, 0.004480,False
1781293407.7417, 0.002254,False
1781293407.7460, 0.000072,False
1781293407.7527, 0.001659,False
1781293407.7598, 0.006854,False
1781293407.7649, 0.005069,False
1781293407.7698, 0.002933,False
1781293407.7746, 0.000926,False
1781293407.7797, 0.009098,False
1781293407.7848, 0.006814,False
1781293407.7896, 0.005438,False
1781293407.7946, 0.003596,False
1781293407.7998, 0.001672,False
1781293407.8051, 0.009477,False
1781293407.8106, 0.007711,False
1781293407.8159, 0.005946,False
1781293407.8213, 0.004823,False
1781293407.8261, 0.003234,False
1781293407.8309, 0.001170,False
1781293407.8358, 0.009291,False
1781293407.8405, 0.007188,False
1781293407.8451, 0.005731,False
1781293407.8496, 0.003727,False
1781293407.8546, 0.001906,False
1781293407.8597, 0.000275,False
1781293407.8644, 0.009234,False
1781293407.8691, 0.007401,False
1781293407.8738, 0.006026,False
1781293407.8787, 0.003718,False
1781293407.8834, 0.001621,False
1781293407.8881, 0.009655,False
1781293407.8927, 0.007631,False
1781293407.8976, 0.005909,False
1781293407.9027, 0.004193,False
1781293407.9073, 0.002142,False
1781293407.9121, 0.010032,False
1781293407.9179, 0.008218,False
1781293407.9229, 0.006243,False
1781293407.9276, 0.004113,False
1781293407.9333, 0.001826,False
1781293407.9382, 0.000277,False
1781293407.9429, 0.008545,False
1781293407.9478, 0.006849,False
1781293407.9526, 0.005141,False
1781293407.9572, 0.003495,False
1781293407.9619, 0.001197,False
1781293407.9679, 0.009605,False
1781293407.9725, 0.000133,False
1781293407.9794, 0.005872,False
1781293407.9844, 0.004125,False
1781293407.9898, 0.002589,False
1781293407.9946, 0.000276,False
1781293407.9996, 0.008778,False
1781293408.0046, 0.006760,False
1781293408.0093, 0.004725,False
1781293408.0140, 0.003185,False
1781293408.0190, 0.001532,False
1781293408.0238, 0.009862,False
1781293408.0280, 0.001267,False
1781293408.0360, 0.006281,False
1781293408.0408, 0.004576,False
1781293408.0455, 0.003352,False
1781293408.0501, 0.001081,False
1781293408.0546, 0.009464,False
1781293408.0593, 0.008245,False
1781293408.0640, 0.006899,False
1781293408.0693, 0.005056,False
1781293408.0742, 0.003228,False
1781293408.0790, 0.001250,False
1781293408.0836, 0.009029,False
1781293408.0882, 0.007481,False
1781293408.0926, 0.006044,False
1781293408.0972, 0.004749,False
1781293408.1018, 0.003079,False
1781293408.1064, 0.001146,False
1781293408.1120, 0.008836,False
1781293408.1167, 0.006752,False
1781293408.1218, 0.005007,False
1781293408.1271, 0.003390,False
1781293408.1317, 0.001617,False
1781293408.1364, 0.009638,False
1781293408.1420, 0.007768,False
1781293408.1470, 0.005851,False
1781293408.1519, 0.004442,False
1781293408.1571, 0.002651,False
1781293408.1620, 0.000877,False
1781293408.1667, 0.008946,False
1781293408.1714, 0.006845,False
1781293408.1793, 0.004941,False
1781293408.1855, 0.003164,False
1781293408.1919, 0.001371,False
1781293408.1973, 0.009763,False
1781293408.2016, 0.000111,False
1781293408.2091, 0.006166,False
1781293408.2139, 0.004224,False
1781293408.2186, 0.002526,False
1781293408.2233, 0.000986,False
1781293408.2279, 0.009072,False
1781293408.2324, 0.007424,False
1781293408.2369, 0.005604,False
1781293408.2414, 0.003732,False
1781293408.2461, 0.002282,False
1781293408.2506, 0.000745,False
1781293408.2556, 0.009064,False
1781293408.2603, 0.006812,False
1781293408.2651, 0.004935,False
1781293408.2698, 0.003739,False
1781293408.2745, 0.001653,False
1781293408.2792, 0.010029,False
1781293408.2839, 0.008337,False
1781293408.2889, 0.006883,False
1781293408.2936, 0.004831,False
1781293408.2985, 0.003372,False
1781293408.3062, 0.001487,False
1781293408.3164, 0.009949,False
1781293408.3249, 0.008031,False
1781293408.3307, 0.006540,False
1781293408.3367, 0.004647,False
1781293408.3415, 0.003067,False
1781293408.3463, 0.001196,False
1781293408.3511, 0.009544,False
1781293408.3556, 0.000509,False
1781293408.3625, 0.005272,False
1781293408.3676, 0.003493,False
1781293408.3724, 0.001883,False
1781293408.3773, 0.010072,False
1781293408.3822, 0.008169,False
1781293408.3870, 0.006313,False
1781293408.3919, 0.004853,False
1781293408.3969, 0.003136,False
1781293408.4016, 0.001237,False
1781293408.4069, 0.009456,False
1781293408.4119, 0.007541,False
1781293408.4173, 0.005482,False
1781293408.4224, 0.004052,False
1781293408.4275, 0.002426,False
1781293408.4324, 0.000368,False
1781293408.4368, 0.000105,False
1781293408.4436, 0.007045,False
1781293408.4481, 0.005109,False
1781293408.4526, 0.003730,False
1781293408.4571, 0.002277,False
1781293408.4617, 0.000647,False
1781293408.4664, 0.008476,False
1781293408.4710, 0.006473,False
1781293408.4759, 0.004931,False
1781293408.4805, 0.002579,False
1781293408.4852, 0.000971,False
1781293408.4899, 0.009215,False
1781293408.4947, 0.007167,False
1781293408.4995, 0.005058,False
1781293408.5043, 0.003181,False
1781293408.5088, 0.001466,False
1781293408.5134, 0.009613,False
1781293408.5195, 0.007653,False
1781293408.5251, 0.005923,False
1781293408.5311, 0.004620,False
1781293408.5366, 0.002946,False
1781293408.5415, 0.001416,False
1781293408.5473, 0.009590,False
1781293408.5526, 0.007883,False
1781293408.5578, 0.006187,False
1781293408.5625, 0.004064,False
1781293408.5673, 0.002169,False
1781293408.5724, 0.000358,False
1781293408.5773, 0.008437,False
1781293408.5821, 0.006954,False
1781293408.5871, 0.004930,False
1781293408.5920, 0.003581,False
1781293408.5970, 0.001297,False
1781293408.6018, 0.009637,False
1781293408.6065, 0.007905,False
1781293408.6114, 0.006068,False
1781293408.6164, 0.004585,False
1781293408.6212, 0.002774,False
1781293408.6260, 0.001171,False
1781293408.6304, 0.002782,False
1781293408.6374, 0.008286,False
1781293408.6420, 0.006551,False
1781293408.6465, 0.004895,False
1781293408.6512, 0.003010,False
1781293408.6560, 0.001229,False
1781293408.6605, 0.000150,False
1781293408.6673, 0.007768,False
1781293408.6721, 0.006534,False
1781293408.6768, 0.004454,False
1781293408.6813, 0.002664,False
1781293408.6860, 0.000291,False
1781293408.6907, 0.008584,False
1781293408.6953, 0.006775,False
1781293408.6998, 0.004709,False
1781293408.7046, 0.002768,False
1781293408.7095, 0.000589,False
1781293408.7142, 0.009206,False
1781293408.7190, 0.007548,False
1781293408.7239, 0.005373,False
1781293408.7288, 0.003819,False
1781293408.7336, 0.001998,False
1781293408.7386, 0.000341,False
1781293408.7433, 0.008585,False
1781293408.7480, 0.006422,False
1781293408.7528, 0.004815,False
1781293408.7574, 0.002737,False
1781293408.7627, 0.001275,False
1781293408.7673, 0.000023,False
1781293408.7721, 0.007974,False
1781293408.7768, 0.006086,False
1781293408.7815, 0.004116,False
1781293408.7869, 0.001758,False
1781293408.7921, 0.000627,False
1781293408.7969, 0.008317,False
1781293408.8021, 0.006054,False
1781293408.8069, 0.004436,False
1781293408.8118, 0.002507,False
1781293408.8165, 0.001007,False
1781293408.8212, 0.008585,False
1781293408.8261, 0.006578,False
1781293408.8312, 0.005112,False
1781293408.8361, 0.003642,False
1781293408.8445, 0.002238,False
1781293408.8493, 0.000347,False
1781293408.8543, 0.008510,False
1781293408.8591, 0.006763,False
1781293408.8639, 0.004923,False
1781293408.8688, 0.003422,False
1781293408.8734, 0.001275,False
1781293408.8790, 0.009045,False
1781293408.8833, 0.000139,False
1781293408.8906, 0.005011,False
1781293408.8953, 0.003169,False
1781293408.9001, 0.000715,False
1781293408.9045, 0.002939,False
1781293408.9114, 0.008403,False
1781293408.9162, 0.006443,False
1781293408.9210, 0.004392,False
1781293408.9258, 0.002795,False
1781293408.9306, 0.001310,False
1781293408.9356, 0.009567,False
1781293408.9402, 0.007661,False
1781293408.9448, 0.005945,False
1781293408.9495, 0.004206,False
1781293408.9542, 0.001890,False
1781293408.9591, 0.000385,False
1781293408.9636, 0.008508,False
1781293408.9695, 0.006759,False
1781293408.9742, 0.004777,False
1781293408.9789, 0.003105,False
1781293408.9847, 0.001704,False
1781293408.9901, 0.000246,False
1781293408.9947, 0.008693,False
1781293408.9994, 0.006975,False
1781293409.0045, 0.004804,False
1781293409.0093, 0.002775,False
1781293409.0142, 0.000607,False
1781293409.0189, 0.008798,False
1781293409.0239, 0.006570,False
1781293409.0285, 0.004175,False
1781293409.0334, 0.002747,False
1781293409.0379, 0.001531,False
1781293409.0426, 0.009590,False
1781293409.0471, 0.008598,False
1781293409.0516, 0.007073,False
1781293409.0562, 0.005587,False
1781293409.0609, 0.003984,False
1781293409.0653, 0.002867,False
1781293409.0702, 0.001352,False
1781293409.0748, 0.009092,False
1781293409.0793, 0.006945,False
1781293409.0838, 0.005285,False
1781293409.0886, 0.003800,False
1781293409.0932, 0.002000,False
1781293409.0977, 0.010055,False
1781293409.1019, 0.000157,False
1781293409.1087, 0.006772,False
1781293409.1133, 0.005439,False
1781293409.1180, 0.003736,False
1781293409.1235, 0.002066,False
1781293409.1283, 0.000559,False
1781293409.1333, 0.008813,False
1781293409.1380, 0.006616,False
1781293409.1427, 0.005205,False
1781293409.1473, 0.003113,False
1781293409.1521, 0.001919,False
1781293409.1568, 0.010146,False
1781293409.1612, 0.008356,False
1781293409.1657, 0.006727,False
1781293409.1703, 0.005175,False
1781293409.1748, 0.003403,False
1781293409.1826, 0.001508,False
1781293409.1888, 0.009545,False
1781293409.1937, 0.008227,False
1781293409.1983, 0.006136,False
1781293409.2031, 0.004669,False
1781293409.2083, 0.002628,False
1781293409.2129, 0.000697,False
1781293409.2176, 0.009173,False
1781293409.2226, 0.006959,False
1781293409.2273, 0.005600,False
1781293409.2321, 0.003885,False
1781293409.2370, 0.002009,False
1781293409.2415, 0.000240,False
1781293409.2462, 0.008175,False
1781293409.2507, 0.005970,False
1781293409.2558, 0.004212,False
1781293409.2605, 0.001865,False
1781293409.2653, 0.000332,False
1781293409.2700, 0.008283,False
1781293409.2747, 0.006890,False
1781293409.2794, 0.005363,False
1781293409.2840, 0.003632,False
1781293409.2897, 0.001380,False
1781293409.2946, 0.009635,False
1781293409.2993, 0.008165,False
1781293409.3041, 0.006624,False
1781293409.3089, 0.005109,False
1781293409.3142, 0.003900,False
1781293409.3196, 0.002198,False
1781293409.3241, 0.000136,False
1781293409.3309, 0.008793,False
1781293409.3359, 0.006779,False
1781293409.3405, 0.005056,False
1781293409.3451, 0.002831,False
1781293409.3498, 0.001420,False
1781293409.3546, 0.009627,False
1781293409.3593, 0.007972,False
1781293409.3639, 0.006204,False
1781293409.3687, 0.004738,False
1781293409.3746, 0.003091,False
1781293409.3795, 0.001085,False
1781293409.3843, 0.009428,False
1781293409.3896, 0.007617,False
1781293409.3953, 0.005349,False
1781293409.4003, 0.003818,False
1781293409.4055, 0.002141,False
1781293409.4105, 0.000209,False
1781293409.4151, 0.008255,False
1781293409.4202, 0.006709,False
1781293409.4249, 0.004978,False
1781293409.4302, 0.003324,False
1781293409.4357, 0.001364,False
1781293409.4406, 0.009295,False
1781293409.4453, 0.007369,False
1781293409.4501, 0.005419,False
1781293409.4552, 0.003356,False
1781293409.4600, 0.001897,False
1781293409.4648, 0.010022,False
1781293409.4697, 0.008645,False
1781293409.4746, 0.007155,False
1781293409.4793, 0.004931,False
1781293409.4840, 0.003185,False
1781293409.4910, 0.000781,False
1781293409.4962, 0.008933,False
1781293409.5012, 0.007147,False
1781293409.5062, 0.004857,False
1781293409.5111, 0.002601,False
1781293409.5158, 0.001011,False
1781293409.5208, 0.009277,False
1781293409.5254, 0.000711,False
1781293409.5324, 0.006143,False
1781293409.5371, 0.004633,False
1781293409.5418, 0.003427,False
1781293409.5467, 0.001455,False
1781293409.5523, 0.000121,False
1781293409.5616, 0.008631,False
1781293409.5662, 0.006991,False
1781293409.5715, 0.005918,False
1781293409.5786, 0.004313,False
1781293409.5833, 0.002033,False
1781293409.5886, 0.000519,False
1781293409.5931, 0.008814,False
1781293409.5978, 0.006961,False
1781293409.6026, 0.005069,False
1781293409.6074, 0.002980,False
1781293409.6123, 0.001154,False
1781293409.6171, 0.009820,False
1781293409.6220, 0.008403,False
1781293409.6271, 0.006502,False
1781293409.6320, 0.005035,False
1781293409.6374, 0.003218,False
1781293409.6420, 0.001640,False
1781293409.6467, 0.009886,False
1781293409.6515, 0.008386,False
1781293409.6561, 0.006350,False
1781293409.6610, 0.004774,False
1781293409.6664, 0.003175,False
1781293409.6712, 0.001479,False
1781293409.6759, 0.009759,False
1781293409.6807, 0.008362,False
1781293409.6853, 0.006641,False
1781293409.6899, 0.004469,False
1781293409.6947, 0.002937,False
1781293409.6998, 0.001359,False
1781293409.7048, 0.009461,False
1781293409.7095, 0.007901,False
1781293409.7145, 0.005791,False
1781293409.7191, 0.004020,False
1781293409.7236, 0.002690,False
1781293409.7283, 0.000209,False
1781293409.7331, 0.008769,False
1781293409.7381, 0.007227,False
1781293409.7428, 0.006208,False
1781293409.7476, 0.004453,False
1781293409.7524, 0.002751,False
1781293409.7573, 0.001113,False
1781293409.7622, 0.009296,False
1781293409.7669, 0.007482,False
1781293409.7716, 0.005564,False
1781293409.7764, 0.000142,False
1781293409.7837, 0.002186,False
1781293409.7892, 0.010089,False
1781293409.7940, 0.003608,False
1781293409.7993, 0.001767,False
1781293409.8041, 0.000460,False
1781293409.8090, 0.008542,False
1781293409.8150, 0.006383,False
1781293409.8200, 0.004529,False
1781293409.8248, 0.003086,False
1781293409.8296, 0.001589,False
1781293409.8343, 0.009860,False
1781293409.8390, 0.008209,False
1781293409.8438, 0.006866,False
1781293409.8486, 0.004864,False
1781293409.8532, 0.002604,False
1781293409.8579, 0.001507,False
1781293409.8625, 0.010030,False
1781293409.8671, 0.008512,False
1781293409.8718, 0.006886,False
1781293409.8764, 0.005256,False
1781293409.8813, 0.003938,False
1781293409.8861, 0.002319,False
1781293409.8907, 0.000309,False
1781293409.8984, 0.008408,False
1781293409.9035, 0.006492,False
1781293409.9081, 0.004581,False
1781293409.9127, 0.003141,False
1781293409.9175, 0.001279,False
1781293409.9221, 0.009542,False
1781293409.9267, 0.007611,False
1781293409.9318, 0.005984,False
1781293409.9366, 0.004511,False
1781293409.9412, 0.002193,False
1781293409.9459, 0.000450,False
1781293409.9506, 0.008935,False
1781293409.9553, 0.006882,False
1781293409.9598, 0.005398,False
1781293409.9643, 0.003651,False
1781293409.9701, 0.002220,False
1781293409.9751, 0.000659,False
1781293409.9797, 0.008367,False
1781293409.9848, 0.006972,False
1781293409.9897, 0.005320,False
1781293409.9946, 0.003979,False
1781293409.9989, 0.000139,False
1781293410.0056, 0.000528,False
1781293410.0103, 0.008951,False
1781293410.0150, 0.007077,False
1781293410.0196, 0.005503,False
1781293410.0243, 0.003725,False
1781293410.0292, 0.002443,False
1781293410.0340, 0.000531,False
1781293410.0392, 0.009335,False
1781293410.0440, 0.008117,False
1781293410.0489, 0.007068,False
1781293410.0546, 0.005726,False
1781293410.0594, 0.004582,False
1781293410.0642, 0.002832,False
1781293410.0690, 0.001421,False
1781293410.0737, 0.002619,False
1781293410.0824, 0.007765,False
1781293410.0907, 0.005503,False
1781293410.0968, 0.003816,False
1781293410.1015, 0.002821,False
1781293410.1063, 0.000859,False
1781293410.1112, 0.009062,False
1781293410.1160, 0.006837,False
1781293410.1208, 0.005226,False
1781293410.1255, 0.003248,False
1781293410.1301, 0.000855,False
1781293410.1355, 0.009202,False
1781293410.1406, 0.007327,False
1781293410.1452, 0.005664,False
1781293410.1499, 0.003918,False
1781293410.1547, 0.002158,False
1781293410.1595, 0.000407,False
1781293410.1642, 0.008774,False
1781293410.1689, 0.006850,False
1781293410.1736, 0.005757,False
1781293410.1783, 0.003282,False
1781293410.1838, 0.001006,False
1781293410.1891, 0.009347,False
1781293410.1945, 0.007214,False
1781293410.1997, 0.006065,False
1781293410.2052, 0.003956,False
1781293410.2099, 0.001929,False
1781293410.2145, 0.010054,False
1781293410.2192, 0.008056,False
1781293410.2240, 0.006410,False
1781293410.2283, 0.000086,False
1781293410.2354, 0.002878,False
1781293410.2402, 0.000516,False
1781293410.2449, 0.008231,False
1781293410.2496, 0.006206,False
1781293410.2547, 0.004140,False
1781293410.2606, 0.002260,False
1781293410.2658, 0.000448,False
1781293410.2709, 0.008640,False
1781293410.2758, 0.006635,False
1781293410.2810, 0.005057,False
1781293410.2858, 0.003009,False
1781293410.2904, 0.000641,False
1781293410.2949, 0.008701,False
1781293410.2997, 0.007577,False
1781293410.3046, 0.005839,False
1781293410.3092, 0.004421,False
1781293410.3137, 0.002594,False
1781293410.3188, 0.000612,False
1781293410.3238, 0.009441,False
1781293410.3285, 0.007023,False
1781293410.3335, 0.005174,False
1781293410.3383, 0.003357,False
1781293410.3428, 0.001595,False
1781293410.3473, 0.009964,False
1781293410.3515, 0.000614,False
1781293410.3584, 0.005879,False
1781293410.3631, 0.003912,False
1781293410.3676, 0.002302,False
1781293410.3720, 0.000958,False
1781293410.3765, 0.008939,False
1781293410.3813, 0.007108,False
1781293410.3861, 0.005317,False
1781293410.3907, 0.003501,False
1781293410.3952, 0.001443,False
1781293410.4001, 0.009482,False
1781293410.4048, 0.007578,False
1781293410.4094, 0.005901,False
1781293410.4143, 0.004876,False
1781293410.4205, 0.003010,False
1781293410.4255, 0.001161,False
1781293410.4302, 0.009600,False
1781293410.4354, 0.007610,False
1781293410.4419, 0.005440,False
1781293410.4469, 0.003539,False
1781293410.4512, 0.000137,False
1781293410.4595, 0.009846,False
1781293410.4646, 0.007789,False
1781293410.4694, 0.006118,False
1781293410.4746, 0.004545,False
1781293410.4797, 0.002750,False
1781293410.4845, 0.000516,False
1781293410.4896, 0.009134,False
1781293410.4953, 0.006883,False
1781293410.5003, 0.005320,False
1781293410.5053, 0.003629,False
1781293410.5100, 0.001589,False
1781293410.5148, 0.009628,False
1781293410.5196, 0.008456,False
1781293410.5243, 0.006442,False
1781293410.5292, 0.004441,False
1781293410.5340, 0.003264,False
1781293410.5387, 0.001469,False
1781293410.5434, 0.009784,False
1781293410.5485, 0.007840,False
1781293410.5538, 0.006331,False
1781293410.5592, 0.004813,False
1781293410.5641, 0.002582,False
1781293410.5689, 0.000797,False
1781293410.5742, 0.009161,False
1781293410.5791, 0.007308,False
1781293410.5838, 0.005742,False
1781293410.5888, 0.003842,False
1781293410.5937, 0.002517,False
1781293410.5982, 0.000850,False
1781293410.6032, 0.008660,False
1781293410.6081, 0.006788,False
1781293410.6126, 0.004542,False
1781293410.6172, 0.002515,False
1781293410.6218, 0.000748,False
1781293410.6260, 0.002073,False
1781293410.6326, 0.006986,False
1781293410.6374, 0.005363,False
1781293410.6421, 0.003075,False
1781293410.6471, 0.001227,False
1781293410.6543, 0.009259,False
1781293410.6591, 0.007483,False
1781293410.6638, 0.006148,False
1781293410.6685, 0.004395,False
1781293410.6731, 0.002735,False
1781293410.6774, 0.000130,False
1781293410.6842, 0.009882,False
1781293410.6892, 0.008241,False
1781293410.6939, 0.006415,False
1781293410.6987, 0.004646,False
1781293410.7036, 0.002257,False
1781293410.7084, 0.010145,False
1781293410.7130, 0.008063,False
1781293410.7177, 0.006073,False
1781293410.7223, 0.003957,False
1781293410.7269, 0.001978,False
1781293410.7317, 0.000348,False
1781293410.7367, 0.008007,False
1781293410.7421, 0.006296,False
1781293410.7480, 0.004674,False
1781293410.7532, 0.002460,False
1781293410.7580, 0.001046,False
1781293410.7631, 0.009403,False
1781293410.7677, 0.007116,False
1781293410.7729, 0.005356,False
1781293410.7785, 0.003556,False
1781293410.7832, 0.002076,False
1781293410.7881, 0.000388,False
1781293410.7941, 0.008509,False
1781293410.7990, 0.006588,False
1781293410.8048, 0.004424,False
1781293410.8105, 0.002889,False
1781293410.8153, 0.000993,False
1781293410.8206, 0.009416,False
1781293410.8260, 0.007289,False
1781293410.8312, 0.005606,False
1781293410.8361, 0.003936,False
1781293410.8417, 0.002493,False
1781293410.8466, 0.001080,False
1781293410.8513, 0.009279,False
1781293410.8565, 0.007551,False
1781293410.8613, 0.005603,False
1781293410.8660, 0.004206,False
1781293410.8709, 0.002514,False
1781293410.8758, 0.000919,False
1781293410.8805, 0.008748,False
1781293410.8855, 0.007047,False
1781293410.8904, 0.005167,False
1781293410.8952, 0.003285,False
1781293410.8999, 0.001409,False
1781293410.9045, 0.000129,False
1781293410.9114, 0.007878,False
1781293410.9159, 0.006099,False
1781293410.9206, 0.004367,False
1781293410.9253, 0.002626,False
1781293410.9301, 0.001115,False
1781293410.9350, 0.000254,False
1781293410.9397, 0.008431,False
1781293410.9447, 0.006401,False
1781293410.9506, 0.004685,False
1781293410.9564, 0.003081,False
1781293410.9617, 0.000573,False
1781293410.9671, 0.008461,False
1781293410.9745, 0.006655,False
1781293410.9795, 0.004935,False
1781293410.9865, 0.003519,False
1781293410.9918, 0.002786,False
1781293410.9965, 0.001350,False
1781293411.0012, 0.009617,False
1781293411.0062, 0.008304,False
1781293411.0110, 0.006732,False
1781293411.0157, 0.005274,False
1781293411.0204, 0.004151,False
1781293411.0252, 0.002429,False
1781293411.0300, 0.000512,False
1781293411.0348, 0.008712,False
1781293411.0406, 0.007341,False
1781293411.0453, 0.006008,False
1781293411.0499, 0.004328,False
1781293411.0546, 0.002481,False
1781293411.0594, 0.000836,False
1781293411.0643, 0.009629,False
1781293411.0695, 0.008078,False
1781293411.0741, 0.006582,False
1781293411.0788, 0.004761,False
1781293411.0834, 0.003220,False
1781293411.0882, 0.001449,False
1781293411.0930, 0.010090,False
1781293411.0978, 0.009126,False
1781293411.1024, 0.007136,False
1781293411.1070, 0.005802,False
1781293411.1118, 0.004328,False
1781293411.1167, 0.002977,False
1781293411.1212, 0.000969,False
1781293411.3405, 0.009599,False
1781293411.3451, 0.000100,False
1781293411.3523, 0.006581,False
1781293411.3571, 0.005091,False
1781293411.3619, 0.003272,False
1781293411.3664, 0.001206,False
1781293411.3712, 0.009407,False
1781293411.3757, 0.007786,False
1781293411.6096, 0.005269,False
1781293411.6146, 0.002878,False
1781293411.6203, 0.001410,False
1781293411.6250, 0.009600,False
1781293411.6297, 0.007502,False
1781293411.6343, 0.006504,False
1781293411.6394, 0.004674,False
1781293411.6441, 0.002940,False
1781293411.6488, 0.001185,False
1781293411.8613, 0.009633,False
1781293411.8665, 0.007440,False
1781293411.8712, 0.006065,False
1781293411.8759, 0.003825,False
1781293411.8804, 0.001814,False
1781293411.8859, 0.009841,False
1781293411.8908, 0.007912,False
1781293412.1061, 0.006780,False
1781293412.1112, 0.005039,False
1781293412.1159, 0.003117,False
1781293412.1216, 0.001243,False
1781293412.1264, 0.009681,False
1781293412.1315, 0.007797,False
1781293412.1367, 0.005594,False
1781293412.1415, 0.003642,False
1781293412.1460, 0.001496,False
1781293412.3591, 0.009974,False
1781293412.3642, 0.008322,False
1781293412.3691, 0.005844,False
1781293412.3738, 0.004030,False
1781293412.3785, 0.002220,False
1781293412.3833, 0.000175,False
1781293412.3882, 0.008102,False
1781293412.6397, 0.006315,False
1781293412.6449, 0.004394,False
1781293412.6499, 0.002598,False
1781293412.6549, 0.000700,False
1781293412.6603, 0.008698,False
1781293412.6649, 0.006623,False
1781293412.6711, 0.000129,False
1781293412.6790, 0.003527,False
1781293412.6838, 0.001732,False
1781293412.8877, 0.000212,False
1781293412.8926, 0.008399,False
1781293412.8977, 0.006864,False
1781293412.9028, 0.004814,False
1781293412.9087, 0.003195,False
1781293412.9136, 0.001369,False
1781293412.9187, 0.009451,False
1781293412.9245, 0.007465,False
1781293413.1447, 0.005887,False
1781293413.1501, 0.004000,False
1781293413.1562, 0.002427,False
1781293413.1610, 0.000805,False
1781293413.1656, 0.008972,False
1781293413.1705, 0.007277,False
1781293413.1753, 0.005330,False
1781293413.1799, 0.003429,False
1781293413.4099, 0.001828,False
1781293413.4156, 0.000197,False
1781293413.4207, 0.008084,False
1781293413.4253, 0.006005,False
1781293413.4299, 0.004498,False
1781293413.4346, 0.002331,False
1781293413.4392, 0.000262,False
1781293413.4438, 0.008335,False
1781293413.6561, 0.006907,False
1781293413.6624, 0.005263,False
1781293413.6699, 0.003716,False
1781293413.6764, 0.002086,False
1781293413.6814, 0.000789,False
1781293413.6864, 0.008960,False
1781293413.6912, 0.006590,False
1781293413.6957, 0.004844,False
1781293413.9099, 0.003356,False
1781293413.9150, 0.001563,False
1781293413.9198, 0.009883,False
1781293413.9246, 0.008097,False
1781293413.9292, 0.005965,False
1781293413.9338, 0.004109,False
1781293413.9387, 0.002238,False
1781293413.9431, 0.000234,False
1781293414.1723, 0.008471,False
1781293414.1778, 0.006707,False
1781293414.1822, 0.000085,False
1781293414.1903, 0.003523,False
1781293414.1954, 0.001126,False
1781293414.2003, 0.009043,False
1781293414.2070, 0.007263,False
1781293414.2126, 0.005855,False
1781293414.2173, 0.004001,False
1781293414.4372, 0.001752,False
1781293414.4426, 0.009723,False
1781293414.4479, 0.007988,False
1781293414.4530, 0.006248,False
1781293414.4581, 0.004613,False
1781293414.4631, 0.002905,False
1781293414.4685, 0.000796,False
1781293414.6855, 0.008480,False
1781293414.6905, 0.006997,False
1781293414.6953, 0.005241,False
1781293414.7003, 0.003459,False
1781293414.7071, 0.001908,False
1781293414.7118, 0.000496,False
1781293414.7165, 0.008959,False
1781293414.7213, 0.007560,False
1781293414.7258, 0.005532,False
1781293414.9468, 0.003731,False
1781293414.9520, 0.002234,False
1781293414.9569, 0.000243,False
1781293414.9616, 0.008380,False
1781293414.9664, 0.006452,False
1781293414.9713, 0.004532,False
1781293414.9801, 0.002881,False
1781293414.9850, 0.001032,False
1781293415.1941, 0.009037,False
1781293415.1997, 0.006662,False
1781293415.2058, 0.004731,False
1781293415.2115, 0.003151,False
1781293415.2163, 0.001092,False
1781293415.2241, 0.009357,False
1781293415.2297, 0.007862,False
1781293415.4556, 0.005804,False
1781293415.4626, 0.004224,False
1781293415.4678, 0.002760,False
1781293415.4729, 0.000862,False
1781293415.4798, 0.008780,False
1781293415.4855, 0.007460,False
1781293415.4904, 0.005677,False
1781293415.4949, 0.000094,False
1781293415.5020, 0.002242,False
1781293415.7034, 0.010632,False
1781293415.7086, 0.007979,False
1781293415.7132, 0.006001,False
1781293415.7180, 0.004069,False
1781293415.7227, 0.002470,False
1781293415.7275, 0.000963,False
1781293415.7322, 0.009388,False
1781293415.7369, 0.000464,False
1781293415.9565, 0.006028,False
1781293415.9638, 0.004133,False
1781293415.9695, 0.002293,False
1781293415.9752, 0.000683,False
1781293415.9809, 0.008734,False
1781293415.9857, 0.006649,False
1781293415.9908, 0.004318,False
1781293416.2064, 0.002104,False
1781293416.2118, 0.000380,False
1781293416.2173, 0.008590,False
1781293416.2226, 0.006378,False
1781293416.2306, 0.005099,False
1781293416.2374, 0.002861,False
1781293416.2425, 0.000808,False
1781293416.2475, 0.009561,False
1781293416.4595, 0.007532,False
1781293416.4645, 0.005938,False
1781293416.4700, 0.003978,False
1781293416.4762, 0.002103,False
1781293416.4812, 0.010027,False
1781293416.4866, 0.007818,False
1781293416.4923, 0.006167,False
1781293416.4974, 0.004164,False
1781293416.7356, 0.002371,False
1781293416.7430, 0.000222,False
1781293416.7492, 0.008200,False
1781293416.7548, 0.006494,False
1781293416.7616, 0.004802,False
1781293416.7689, 0.002834,False
1781293416.7739, 0.000923,False
1781293416.7788, 0.009088,False
1781293416.7837, 0.007741,False
1781293416.9908, 0.005743,False
1781293416.9961, 0.004226,False
1781293417.0008, 0.002660,False
1781293417.0052, 0.000070,False
1781293417.0121, 0.008876,False
1781293417.0168, 0.007114,False
1781293417.0213, 0.005487,False
1781293417.0258, 0.003277,False
1781293417.2424, 0.001978,False
1781293417.2474, 0.010040,False
1781293417.2534, 0.008913,False
1781293417.2582, 0.007221,False
1781293417.2629, 0.005544,False
1781293417.2678, 0.004295,False
1781293417.2726, 0.002763,False
1781293417.2773, 0.000717,False
1781293417.5054, 0.009218,False
1781293417.5106, 0.007290,False
1781293417.5155, 0.005754,False
1781293417.5205, 0.004110,False
1781293417.5251, 0.002688,False
1781293417.5299, 0.001004,False
1781293417.5345, 0.002112,False
1781293417.5413, 0.007016,False
1781293417.7584, 0.005081,False
1781293417.7638, 0.003817,False
1781293417.7699, 0.001896,False
1781293417.7753, 0.000239,False
1781293417.7803, 0.008213,False
1781293417.7851, 0.006253,False
1781293417.7906, 0.004122,False
1781293417.7955, 0.002399,False
1781293418.0196, 0.000454,False
1781293418.0252, 0.008737,False
1781293418.0300, 0.006585,False
1781293418.0347, 0.004201,False
1781293418.0395, 0.002897,False
1781293418.0446, 0.001090,False
1781293418.0511, 0.009117,False
1781293418.0558, 0.007473,False
1781293418.2730, 0.006103,False
1781293418.2780, 0.004639,False
1781293418.2843, 0.002641,False
1781293418.2891, 0.000991,False
1781293418.2937, 0.009039,False
1781293418.2985, 0.006975,False
1781293418.3047, 0.005166,False
1781293418.3105, 0.003771,False
1781293418.5251, 0.000073,False
1781293418.5328, 0.009701,False
1781293418.5384, 0.007586,False
1781293418.5453, 0.005759,False
1781293418.5513, 0.004067,False
1781293418.5563, 0.001770,False
1781293418.5613, 0.009467,False
1781293418.5686, 0.007155,False
1781293418.7797, 0.005151,False
1781293418.7848, 0.003505,False
1781293418.7895, 0.001489,False
1781293418.7945, 0.009878,False
1781293418.7992, 0.008038,False
1781293418.8039, 0.005882,False
1781293418.8086, 0.004255,False
1781293418.8130, 0.001835,False
1781293419.0394, 0.000307,False
1781293419.0444, 0.008324,False
1781293419.0491, 0.006638,False
1781293419.0538, 0.004773,False
1781293419.0586, 0.002727,False
1781293419.0633, 0.000761,False
1781293419.0683, 0.009198,False
1781293419.0730, 0.007521,False
1781293419.2881, 0.004829,False
1781293419.2934, 0.003190,False
1781293419.2982, 0.001379,False
1781293419.3035, 0.009815,False
1781293419.3088, 0.008151,False
1781293419.3135, 0.006575,False
1781293419.3192, 0.004135,False
1781293419.3239, 0.002270,False
1781293419.5619, 0.000797,False
1781293419.5678, 0.009215,False
1781293419.5732, 0.007355,False
1781293419.5786, 0.005542,False
1781293419.5836, 0.003835,False
1781293419.5883, 0.002099,False
1781293419.5930, 0.000214,False
1781293419.5981, 0.007968,False
1781293419.7922, 0.005532,False
1781293419.7972, 0.003725,False
1781293419.8025, 0.001814,False
1781293419.8074, 0.009741,False
1781293419.8122, 0.008716,False
1781293419.8168, 0.000143,False
1781293419.8239, 0.004968,False
1781293419.8291, 0.003468,False
1781293420.0647, 0.001431,False
1781293420.0716, 0.009538,False
1781293420.0768, 0.008021,False
1781293420.0816, 0.006591,False
1781293420.0879, 0.005474,False
1781293420.0932, 0.003986,False
1781293420.0978, 0.002648,False
1781293420.1024, 0.000828,False
1781293420.3128, 0.009009,False
1781293420.3204, 0.006939,False
1781293420.3261, 0.005245,False
1781293420.3308, 0.003338,False
1781293420.3357, 0.001681,False
1781293420.3404, 0.010176,False
1781293420.3449, 0.008082,False
1781293420.3495, 0.006112,False
1781293420.5705, 0.003994,False
1781293420.5753, 0.002317,False
1781293420.5802, 0.000888,False
1781293420.5848, 0.008692,False
1781293420.5895, 0.006717,False
1781293420.5942, 0.005099,False
1781293420.5990, 0.003325,False
1781293420.6036, 0.001098,False
1781293420.8326, 0.009295,False
1781293420.8375, 0.007192,False
1781293420.8423, 0.005320,False
1781293420.8470, 0.003668,False
1781293420.8520, 0.002158,False
1781293420.8565, 0.000514,False
1781293420.8612, 0.008586,False
1781293420.8658, 0.006273,False
1781293420.8735, 0.004064,False
1781293421.0857, 0.001879,False
1781293421.0909, 0.010226,False
1781293421.0961, 0.008839,False
1781293421.1012, 0.007037,False
1781293421.1058, 0.005512,False
1781293421.1104, 0.003488,False
1781293421.1154, 0.002028,False
1781293421.3505, 0.010367,False
1781293421.3576, 0.009073,False
1781293421.3623, 0.000134,False
1781293421.3697, 0.006105,False
1781293421.3744, 0.004139,False
1781293421.3793, 0.002273,False
1781293421.3848, 0.000401,False
1781293421.3909, 0.008470,False
1781293421.3954, 0.006589,False
1781293421.6171, 0.004872,False
1781293421.6223, 0.003518,False
1781293421.6271, 0.002208,False
1781293421.6319, 0.000418,False
1781293421.6370, 0.008442,False
1781293421.6418, 0.006308,False
1781293421.6466, 0.004401,False
1781293421.6523, 0.002547,False
1781293421.8773, 0.001149,False
1781293421.8822, 0.009036,False
1781293421.8869, 0.007710,False
1781293421.8917, 0.005930,False
1781293421.8963, 0.004074,False
1781293421.9008, 0.002532,False
1781293421.9059, 0.000581,False
1781293421.9112, 0.008985,False
1781293422.1363, 0.007332,False
1781293422.1416, 0.006135,False
1781293422.1464, 0.004148,False
1781293422.1511, 0.002323,False
1781293422.1558, 0.000695,False
1781293422.1607, 0.008578,False
1781293422.1658, 0.007249,False
1781293422.1705, 0.005437,False
1781293422.1752, 0.003710,False
1781293422.3899, 0.002507,False
1781293422.3950, 0.000674,False
1781293422.4014, 0.009072,False
1781293422.4073, 0.007488,False
1781293422.4132, 0.005933,False
1781293422.4188, 0.004301,False
1781293422.4240, 0.002955,False
1781293422.4304, 0.001299,False
1781293422.6547, 0.009700,False
1781293422.6600, 0.008186,False
1781293422.6652, 0.006395,False
1781293422.6699, 0.004532,False
1781293422.6748, 0.002800,False
1781293422.6791, 0.000133,False
1781293422.6891, 0.009599,False
1781293422.6939, 0.007384,False
1781293422.9020, 0.005262,False
1781293422.9071, 0.003367,False
1781293422.9124, 0.001509,False
1781293422.9174, 0.010042,False
1781293422.9224, 0.008065,False
1781293422.9274, 0.006395,False
1781293422.9320, 0.005102,False
1781293423.0060, 0.003398,False
1781293423.1550, 0.001444,False
1781293423.1597, 0.002830,False
1781293423.1669, 0.007982,False
1781293423.1720, 0.006125,False
1781293423.1782, 0.004090,False
1781293423.1836, 0.001721,False
1781293423.1884, 0.009706,False
1781293423.1935, 0.008266,False
1781293423.4301, 0.006941,False
1781293423.4350, 0.005158,False
1781293423.4409, 0.003751,False
1781293423.4460, 0.001997,False
1781293423.4517, 0.010100,False
1781293423.4566, 0.008356,False
1781293423.4616, 0.006912,False
1781293423.4666, 0.005315,False
1781293423.6699, 0.003787,False
1781293423.6754, 0.002077,False
1781293423.6804, 0.000836,False
1781293423.6853, 0.008822,False
1781293423.6905, 0.007336,False
1781293423.6952, 0.005349,False
1781293423.6998, 0.003550,False
1781293423.7049, 0.002572,False
1781293423.7094, 0.000588,False
1781293423.9483, 0.009014,False
1781293423.9532, 0.006969,False
1781293423.9579, 0.005556,False
1781293423.9628, 0.003839,False
1781293423.9675, 0.002433,False
1781293423.9725, 0.000541,False
1781293423.9773, 0.008733,False
1781293423.9820, 0.007544,False
1781293424.2014, 0.005969,False
1781293424.2061, 0.000124,False
1781293424.2139, 0.003401,False
1781293424.2191, 0.001738,False
1781293424.2239, 0.010215,False
1781293424.2284, 0.008834,False
1781293424.2331, 0.007339,False
1781293424.2375, 0.005001,False
1781293424.4649, 0.003308,False
1781293424.4705, 0.001788,False
1781293424.4760, 0.000331,False
1781293424.4813, 0.008658,False
1781293424.4864, 0.007359,False
1781293424.4911, 0.005863,False
1781293424.4957, 0.004457,False
1781293424.5011, 0.002407,False
1781293424.7211, 0.001135,False
1781293424.7262, 0.009535,False
1781293424.7311, 0.007844,False
1781293424.7358, 0.006173,False
1781293424.7406, 0.004217,False
1781293424.7452, 0.002299,False
1781293424.7501, 0.000424,False
1781293424.7547, 0.007956,False
1781293424.9703, 0.006178,False
1781293424.9758, 0.003877,False
1781293424.9816, 0.002201,False
1781293424.9866, 0.000226,False
1781293424.9912, 0.008263,False
1781293424.9958, 0.006297,False
1781293425.0004, 0.004164,False
1781293425.0055, 0.002010,False
1781293425.2233, 0.009957,False
1781293425.2281, 0.008400,False
1781293425.2330, 0.007084,False
1781293425.2375, 0.005709,False
1781293425.2421, 0.003726,False
1781293425.2468, 0.001493,False
1781293425.2514, 0.009724,False
1781293425.2564, 0.000000,False
1781293425.4740, 0.005713,False
1781293425.4788, 0.003331,False
1781293425.4836, 0.001424,False
1781293425.4883, 0.009718,False
1781293425.4930, 0.008585,False
1781293425.4975, 0.006419,False
1781293425.5020, 0.000115,False
1781293425.5089, 0.002697,False
1781293425.7509, 0.000860,False
1781293425.7558, 0.008679,False
1781293425.7611, 0.006846,False
1781293425.7682, 0.005052,False
1781293425.7768, 0.002970,False
1781293425.7842, 0.000729,False
1781293425.7909, 0.008857,False
1781293425.7961, 0.006938,False
1781293425.9953, 0.004982,False
1781293426.0004, 0.002440,False
1781293426.0055, 0.000720,False
1781293426.0110, 0.009028,False
1781293426.0180, 0.007091,False
1781293426.0229, 0.004946,False
1781293426.0277, 0.003418,False
1781293426.0325, 0.001649,False
1781293426.2582, 0.009500,False
1781293426.2635, 0.007825,False
1781293426.2686, 0.005835,False
1781293426.2733, 0.004209,False
1781293426.2781, 0.002048,False
1781293426.2833, 0.000286,False
1781293426.2889, 0.008483,False
1781293426.2935, 0.006679,False
1781293426.2982, 0.004803,False
1781293426.5128, 0.002848,False
1781293426.5176, 0.001121,False
1781293426.5226, 0.009477,False
1781293426.5287, 0.008397,False
1781293426.5351, 0.006735,False
1781293426.5400, 0.004551,False
1781293426.5462, 0.002373,False
1781293426.5540, 0.000231,False
1781293426.7663, 0.008139,False
1781293426.7713, 0.007168,False
1781293426.7759, 0.005279,False
1781293426.7808, 0.003430,False
1781293426.7855, 0.001765,False
1781293426.7898, 0.002324,False
1781293426.7972, 0.007424,False
1781293426.8017, 0.005471,False
1781293427.0242, 0.003321,False
1781293427.0292, 0.001454,False
1781293427.0365, 0.000085,False
1781293427.0442, 0.008801,False
1781293427.0494, 0.007584,False
1781293427.0540, 0.005671,False
1781293427.0588, 0.003931,False
1781293427.0635, 0.001964,False
1781293427.2781, 0.009784,False
1781293427.3858, 0.008174,False
1781293427.3941, 0.005916,False
1781293427.3999, 0.003819,False
1781293427.4052, 0.002151,False
1781293427.4101, 0.009783,False
1781293427.4154, 0.007685,False
1781293427.4205, 0.005712,False
1781293427.5244, 0.003947,False
1781293427.5295, 0.001942,False
1781293427.5344, 0.000354,False
1781293427.5395, 0.008212,False
1781293427.5446, 0.006429,False
1781293427.5497, 0.004213,False
1781293427.5546, 0.002172,False
1781293427.5592, 0.000481,False
1781293427.8030, 0.008832,False
1781293427.8086, 0.006894,False
1781293427.8142, 0.004850,False
1781293427.8190, 0.002822,False
1781293427.8240, 0.001392,False
1781293427.8287, 0.009401,False
1781293427.8337, 0.007402,False
1781293427.8385, 0.005817,False
1781293428.0509, 0.003457,False
1781293428.0575, 0.002547,False
1781293428.0629, 0.000527,False
1781293428.0689, 0.008516,False
1781293428.0737, 0.006374,False
1781293428.0790, 0.004413,False
1781293428.0858, 0.002926,False
1781293428.0905, 0.000589,False
1781293428.1996, 0.008520,False
1781293428.3072, 0.006747,False
1781293428.3121, 0.004952,False
1781293428.3182, 0.003672,False
1781293428.3235, 0.001851,False
1781293428.3284, 0.009817,False
1781293428.3332, 0.007993,False
1781293428.3378, 0.000125,False
1781293428.5717, 0.003829,False
1781293428.5765, 0.002313,False
1781293428.5825, 0.000462,False
1781293428.5876, 0.008565,False
1781293428.5927, 0.006716,False
1781293428.5979, 0.005024,False
1781293428.6029, 0.003131,False
1781293428.6076, 0.001175,False
1781293428.8171, 0.009337,False
1781293428.8223, 0.006895,False
1781293428.8270, 0.005269,False
1781293428.8328, 0.003380,False
1781293428.8381, 0.001976,False
1781293428.8430, 0.010014,False
1781293428.8480, 0.008418,False
1781293428.8524, 0.007073,False
1781293429.0833, 0.005423,False
1781293429.0896, 0.003425,False
1781293429.0963, 0.001937,False
1781293429.1044, 0.009976,False
1781293429.1106, 0.008545,False
1781293429.1190, 0.006453,False
1781293429.1239, 0.004282,False
1781293429.1285, 0.002411,False
1781293429.1341, 0.000765,False
1781293429.3488, 0.008557,False
1781293429.3535, 0.006811,False
1781293429.3583, 0.005170,False
1781293429.3628, 0.003681,False
1781293429.3674, 0.001410,False
1781293429.3720, 0.009239,False
1781293429.3768, 0.007498,False
1781293429.5945, 0.005498,False
1781293429.6018, 0.004297,False
1781293429.6066, 0.002696,False
1781293429.6115, 0.001533,False
1781293429.6165, 0.009572,False
1781293429.6214, 0.007584,False
1781293429.6261, 0.005216,False
1781293429.6311, 0.003702,False
1781293429.6358, 0.001908,False
1781293429.8500, 0.010004,False
1781293429.8559, 0.008257,False
1781293429.8611, 0.006318,False
1781293429.8656, 0.000138,False
1781293429.8749, 0.003028,False
1781293429.8802, 0.000895,False
1781293429.8857, 0.008948,False
1781293429.8907, 0.007191,False
1781293430.1090, 0.005465,False
1781293430.1149, 0.003696,False
1781293430.1196, 0.001690,False
1781293430.1244, 0.009468,False
1781293430.1296, 0.007381,False
1781293430.1345, 0.005896,False
1781293430.1393, 0.004228,False
1781293430.1444, 0.001986,False
1781293430.3535, 0.000333,False
1781293430.3583, 0.008880,False
1781293430.3630, 0.000130,False
1781293430.3697, 0.005800,False
1781293430.3744, 0.003950,False
1781293430.3790, 0.002525,False
1781293430.3835, 0.000847,False
1781293430.6133, 0.009111,False
1781293430.6204, 0.006717,False
1781293430.6256, 0.005258,False
1781293430.6318, 0.003701,False
1781293430.6367, 0.001985,False
1781293430.6417, 0.000600,False
1781293430.6470, 0.008774,False
1781293430.6517, 0.007543,False
1781293430.6562, 0.005574,False
1781293430.8724, 0.003357,False
1781293430.8777, 0.001538,False
1781293430.8844, 0.009612,False
1781293430.8892, 0.007805,False
1781293430.8939, 0.006462,False
1781293430.8988, 0.005330,False
1781293430.9034, 0.003941,False
1781293430.9078, 0.002201,False
1781293431.1342, 0.000644,False
1781293431.1391, 0.008815,False
1781293431.1440, 0.007191,False
1781293431.1488, 0.005449,False
1781293431.1536, 0.003991,False
1781293431.1583, 0.001964,False
1781293431.1642, 0.009819,False
1781293431.1690, 0.007758,False
1781293431.3804, 0.000140,False
1781293431.3877, 0.004215,False
1781293431.3934, 0.002406,False
1781293431.3986, 0.000519,False
1781293431.4034, 0.009031,False
1781293431.4083, 0.006887,False
1781293431.4141, 0.004977,False
1781293431.4189, 0.003062,False
1781293431.6349, 0.001942,False
1781293431.6398, 0.009969,False
1781293431.6447, 0.008256,False
1781293431.6502, 0.006323,False
1781293431.6554, 0.004927,False
1781293431.6601, 0.003229,False
1781293431.6654, 0.001292,False
1781293431.8993, 0.009231,False
1781293431.9052, 0.006963,False
1781293431.9109, 0.004818,False
1781293431.9162, 0.002867,False
1781293431.9213, 0.001646,False
1781293431.9265, 0.009793,False
1781293431.9316, 0.007915,False
1781293431.9365, 0.005917,False
1781293431.9410, 0.003811,False
1781293432.1488, 0.002331,False
1781293432.1538, 0.000263,False
1781293432.1595, 0.008244,False
1781293432.1647, 0.006583,False
1781293432.1695, 0.004919,False
1781293432.1743, 0.003330,False
1781293432.1795, 0.001538,False
1781293432.1842, 0.009731,False
1781293432.4106, 0.007848,False
1781293432.4168, 0.005722,False
1781293432.4217, 0.003319,False
1781293432.4264, 0.001245,False
1781293432.4316, 0.009463,False
1781293432.4373, 0.007769,False
1781293432.4422, 0.006265,False
1781293432.4474, 0.004028,False
1781293432.6732, 0.002211,False
1781293432.6789, 0.010032,False
1781293432.6839, 0.008432,False
1781293432.6885, 0.006654,False
1781293432.6932, 0.004550,False
1781293432.6979, 0.000052,False
1781293432.7046, 0.000930,False
1781293432.7090, 0.008876,False
1781293432.9164, 0.007055,False
1781293432.9216, 0.005738,False
1781293432.9267, 0.004076,False
1781293432.9318, 0.001980,False
1781293432.9374, 0.009913,False
1781293432.9424, 0.008113,False
1781293432.9474, 0.006372,False
1781293432.9522, 0.004605,False
1781293433.1642, 0.002200,False
1781293433.1692, 0.009888,False
1781293433.1738, 0.008681,False
1781293433.1789, 0.007195,False
1781293433.1840, 0.005564,False
1781293433.1901, 0.003494,False
1781293433.1976, 0.001232,False
1781293433.2040, 0.009427,False
1781293433.4309, 0.007652,False
1781293433.4360, 0.005721,False
1781293433.4410, 0.004006,False
1781293433.4458, 0.001929,False
1781293433.4504, 0.009683,False
1781293433.4549, 0.007548,False
1781293433.4597, 0.005886,False
1781293433.4641, 0.003715,False
1781293433.6835, 0.001776,False
1781293433.6885, 0.000862,False
1781293433.6932, 0.008616,False
1781293433.6989, 0.007147,False
1781293433.7041, 0.005011,False
1781293433.7089, 0.003231,False
1781293433.7147, 0.001127,False
1781293433.7197, 0.008782,False
1781293433.9483, 0.006957,False
1781293433.9530, 0.004961,False
1781293434.0516, 0.003102,False
1781293434.0566, 0.001731,False
1781293434.0621, 0.009920,False
1781293434.0678, 0.008302,False
1781293434.0726, 0.006134,False
1781293434.0771, 0.004631,False
1781293434.2018, 0.003808,False
1781293434.2067, 0.001739,False
1781293434.2114, 0.000112,False
1781293434.2184, 0.008088,False
1781293434.2232, 0.006529,False
1781293434.2284, 0.004964,False
1781293434.2330, 0.002872,False
1781293434.2375, 0.000877,False
1781293434.4527, 0.009209,False
1781293434.4578, 0.007292,False
1781293434.4632, 0.004956,False
1781293434.4681, 0.003263,False
1781293434.4727, 0.001392,False
1781293434.4776, 0.009811,False
1781293434.4827, 0.008144,False
1781293434.4881, 0.006736,False
1781293434.7131, 0.005051,False
1781293434.7181, 0.003193,False
1781293434.7227, 0.001199,False
1781293434.7296, 0.009290,False
1781293434.7351, 0.008159,False
1781293434.7399, 0.005823,False
1781293434.7450, 0.003843,False
1781293434.7516, 0.002117,False
1781293434.7562, 0.000810,False
1781293434.9863, 0.008565,False
1781293434.9913, 0.006797,False
1781293434.9961, 0.004771,False
1781293435.0008, 0.002770,False
1781293435.0054, 0.001113,False
1781293435.0101, 0.009368,False
1781293435.0147, 0.007614,False
1781293435.0192, 0.005943,False
1781293435.2351, 0.004014,False
1781293435.2401, 0.002016,False
1781293435.2449, 0.009954,False
1781293435.2495, 0.007704,False
1781293435.2542, 0.005545,False
1781293435.2594, 0.003909,False
1781293435.2646, 0.001881,False
1781293435.4822, 0.009819,False
1781293435.4877, 0.008413,False
1781293435.4926, 0.006607,False
1781293435.4981, 0.004589,False
1781293435.5035, 0.002504,False
1781293435.5085, 0.000534,False
1781293435.5137, 0.009559,False
1781293435.5195, 0.000144,False
1781293435.5268, 0.006153,False
1781293435.6367, 0.004561,False
1781293435.6422, 0.002435,False
1781293435.6470, 0.000809,False
1781293435.6518, 0.008797,False
1781293435.6565, 0.006903,False
1781293435.7520, 0.005277,False
1781293435.7579, 0.003335,False
1781293435.7640, 0.001793,False
1781293435.9990, 0.010062,False
1781293436.0047, 0.008331,False
1781293436.0105, 0.006633,False
1781293436.0160, 0.005068,False
1781293436.0213, 0.003911,False
1781293436.0262, 0.002007,False
1781293436.0310, 0.000351,False
1781293436.2497, 0.008716,False
1781293436.2568, 0.007247,False
1781293436.2632, 0.005502,False
1781293436.2697, 0.003463,False
1781293436.2747, 0.001534,False
1781293436.2801, 0.010012,False
1781293436.2861, 0.007839,False
1781293436.2914, 0.007046,False
1781293436.2971, 0.005496,False
1781293436.5122, 0.003864,False
1781293436.5170, 0.002056,False
1781293436.5217, 0.000690,False
1781293436.5267, 0.008681,False
1781293436.5316, 0.006815,False
1781293436.5366, 0.005119,False
1781293436.5414, 0.003240,False
1781293436.5461, 0.001259,False
1781293436.7674, 0.009852,False
1781293436.7723, 0.008254,False
1781293436.7775, 0.006930,False
1781293436.7826, 0.004821,False
1781293436.7875, 0.003475,False
1781293436.7923, 0.002629,False
1781293436.7979, 0.000900,False
1781293436.8023, 0.009138,False
1781293436.9017, 0.007346,False
1781293436.9068, 0.005661,False
1781293436.9114, 0.004127,False
1781293436.9159, 0.000000,False
1781293436.9226, 0.000414,False
1781293437.0152, 0.008674,False
1781293437.0203, 0.006766,False
1781293437.0253, 0.004594,False
1781293437.2751, 0.003008,False
1781293437.2800, 0.001282,False
1781293437.2854, 0.009883,False
1781293437.2908, 0.008243,False
1781293437.2956, 0.006295,False
1781293437.3002, 0.004360,False
1781293437.3050, 0.003096,False
1781293437.3098, 0.001162,False
1781293437.5472, 0.009319,False
1781293437.5530, 0.007793,False
1781293437.5580, 0.005632,False
1781293437.5631, 0.003652,False
1781293437.5683, 0.001634,False
1781293437.5729, 0.002705,False
1781293437.5813, 0.007409,False
1781293437.5865, 0.005827,False
1781293437.8080, 0.004454,False
1781293437.8129, 0.002541,False
1781293437.8180, 0.000434,False
1781293437.8246, 0.008728,False
1781293437.8318, 0.006516,False
1781293437.8379, 0.004662,False
1781293437.8452, 0.002506,False
1781293437.8515, 0.000446,False
1781293438.0599, 0.008916,False
1781293438.0649, 0.007178,False
1781293438.0696, 0.005439,False
1781293438.0747, 0.003843,False
1781293438.0796, 0.001832,False
1781293438.0844, 0.010104,False
1781293438.0891, 0.007929,False
1781293438.0942, 0.005950,False
1781293438.0989, 0.004335,False
1781293438.3143, 0.002394,False
1781293438.3190, 0.000232,False
1781293438.3236, 0.008577,False
1781293438.3282, 0.006692,False
1781293438.3329, 0.004522,False
1781293438.3375, 0.002632,False
1781293438.3425, 0.000538,False
1781293438.3470, 0.000068,False
1781293438.4680, 0.007139,False
1781293438.4738, 0.004948,False
1781293438.4785, 0.003304,False
1781293438.5764, 0.001019,False
1781293438.5826, 0.009108,False
1781293438.5875, 0.007181,False
1781293438.5921, 0.004918,False
1781293438.5997, 0.003332,False
1781293438.8253, 0.001315,False
1781293438.8307, 0.009414,False
1781293438.8366, 0.007653,False
1781293438.8420, 0.005309,False
1781293438.8473, 0.002979,False
1781293438.8521, 0.000810,False
1781293438.8568, 0.009226,False
1781293439.0760, 0.007595,False
1781293439.0824, 0.005337,False
1781293439.1844, 0.003057,False
1781293439.1897, 0.001245,False
1781293439.1943, 0.002839,False
1781293439.2012, 0.008196,False
1781293439.2058, 0.006714,False
1781293439.2103, 0.004968,False
1781293439.2184, 0.002932,False
1781293439.3319, 0.001223,False
1781293439.3369, 0.009441,False
1781293439.3417, 0.008336,False
1781293439.3463, 0.006700,False
1781293439.3511, 0.005240,False
1781293439.3558, 0.003418,False
1781293439.3633, 0.001828,False
1781293439.5826, 0.009584,False
1781293439.5875, 0.007802,False
1781293439.5921, 0.005596,False
1781293439.5987, 0.003501,False
1781293439.6042, 0.001743,False
1781293439.6088, 0.009450,False
1781293439.6148, 0.007455,False
1781293439.6201, 0.005693,False
1781293439.6249, 0.003365,False
1781293439.8496, 0.001121,False
1781293439.8554, 0.009014,False
1781293439.8605, 0.006740,False
1781293439.8653, 0.005149,False
1781293439.8698, 0.000109,False
1781293439.8770, 0.001586,False
1781293439.8818, 0.000359,False
1781293440.0981, 0.008358,False
1781293440.1057, 0.006190,False
1781293440.1106, 0.004671,False
1781293440.1158, 0.002980,False
1781293440.1208, 0.001195,False
1781293440.1258, 0.008975,False
1781293440.1307, 0.006915,False
1781293440.1356, 0.005543,False
1781293440.3503, 0.003864,False
1781293440.3582, 0.001487,False
1781293440.3639, 0.010072,False
1781293440.3688, 0.007823,False
1781293440.3738, 0.006308,False
1781293440.3787, 0.004521,False
1781293440.3833, 0.003189,False
1781293440.3917, 0.001992,False
1781293440.5997, 0.009993,False
1781293440.6103, 0.008163,False
1781293440.6159, 0.006800,False
1781293440.6212, 0.005593,False
1781293440.6263, 0.003990,False
1781293440.6317, 0.001855,False
1781293440.6368, 0.009862,False
1781293440.6416, 0.008073,False
1781293440.6466, 0.006088,False
1781293440.8785, 0.004255,False
1781293440.8835, 0.002643,False
1781293440.8892, 0.000616,False
1781293440.8941, 0.008460,False
1781293440.8986, 0.006469,False
1781293440.9863, 0.004793,False
1781293440.9920, 0.003411,False
1781293440.9976, 0.001666,False
1781293441.1315, 0.009645,False
1781293441.1370, 0.007462,False
1781293441.1418, 0.005763,False
1781293441.1474, 0.004077,False
1781293441.1522, 0.001961,False
1781293441.1575, 0.000325,False
1781293441.1625, 0.008761,False
1781293441.1672, 0.007331,False
1781293441.3929, 0.005441,False
1781293441.3984, 0.000128,False
1781293441.4065, 0.001584,False
1781293441.4121, 0.009847,False
1781293441.4171, 0.008089,False
1781293441.4217, 0.005696,False
1781293441.4267, 0.004101,False
1781293441.4320, 0.001776,False
1781293441.6488, 0.009898,False
1781293441.6537, 0.008183,False
1781293441.6584, 0.006310,False
1781293441.6633, 0.004260,False
1781293441.6684, 0.002525,False
1781293441.6731, 0.001041,False
1781293441.6784, 0.009678,False
1781293441.6844, 0.008426,False
1781293441.8970, 0.007055,False
1781293441.9026, 0.004929,False
1781293441.9074, 0.003425,False
1781293442.0117, 0.001721,False
1781293442.0168, 0.000296,False
1781293442.0227, 0.008378,False
1781293442.0274, 0.006670,False
1781293442.0321, 0.005005,False
1781293442.1500, 0.003993,False
1781293442.1556, 0.002631,False
1781293442.1606, 0.001157,False
1781293442.1654, 0.009255,False
1781293442.1701, 0.007651,False
1781293442.1751, 0.006265,False
1781293442.1799, 0.004383,False
1781293442.1848, 0.003041,False
1781293442.4000, 0.000920,False
1781293442.4048, 0.008788,False
1781293442.4097, 0.006795,False
1781293442.4150, 0.005008,False
1781293442.4198, 0.003496,False
1781293442.4246, 0.002062,False
1781293442.4294, 0.000229,False
1781293442.4342, 0.008300,False
1781293442.6667, 0.006217,False
1781293442.6716, 0.004202,False
1781293442.6765, 0.002231,False
1781293442.6818, 0.000603,False
1781293442.6867, 0.008485,False
1781293442.6918, 0.006564,False
1781293442.6964, 0.000125,False
1781293442.7034, 0.002822,False
1781293442.7080, 0.001118,False
1781293442.9187, 0.002321,False
1781293442.9270, 0.007650,False
1781293442.9337, 0.006006,False
1781293442.9384, 0.004438,False
1781293442.9432, 0.002962,False
1781293442.9490, 0.001140,False
1781293442.9539, 0.010060,False
1781293443.1820, 0.008330,False
1781293443.1869, 0.006837,False
1781293443.1918, 0.005316,False
1781293443.1975, 0.003532,False
1781293443.2024, 0.001541,False
1781293443.2072, 0.010159,False
1781293443.2128, 0.008706,False
1781293443.2178, 0.007118,False
1781293443.2225, 0.005532,False
1781293443.4383, 0.004001,False
1781293443.4465, 0.002146,False
1781293443.4524, 0.000448,False
1781293443.4573, 0.008730,False
1781293443.4632, 0.007064,False
1781293443.4692, 0.005801,False
1781293443.4745, 0.004411,False
1781293443.4818, 0.003080,False
1781293443.6798, 0.001634,False
1781293443.6848, 0.010030,False
1781293443.6897, 0.008106,False
1781293443.6945, 0.006376,False
1781293443.6995, 0.004426,False
1781293443.7043, 0.002739,False
1781293443.7091, 0.000851,False
1781293443.7142, 0.009058,False
1781293443.9493, 0.007199,False
1781293443.9541, 0.004991,False
1781293443.9598, 0.003469,False
1781293443.9651, 0.000971,False
1781293443.9698, 0.009170,False
1781293443.9744, 0.007403,False
1781293443.9798, 0.005458,False
1781293443.9845, 0.003736,False
1781293444.1996, 0.001749,False
1781293444.2044, 0.009766,False
1781293444.2089, 0.000118,False
1781293444.2170, 0.005723,False
1781293444.2220, 0.004119,False
1781293444.2270, 0.002629,False
1781293444.2316, 0.000895,False
1781293444.2362, 0.008643,False
1781293444.4605, 0.006935,False
1781293444.4655, 0.004533,False
1781293444.4702, 0.002690,False
1781293444.4765, 0.001073,False
1781293444.4819, 0.009121,False
1781293444.4879, 0.007169,False
1781293444.4928, 0.005204,False
1781293444.4975, 0.003059,False
1781293444.7092, 0.001344,False
1781293444.7148, 0.009494,False
1781293444.7196, 0.007661,False
1781293444.7247, 0.005854,False
1781293444.7296, 0.003959,False
1781293444.7342, 0.001697,False
1781293444.7391, 0.009425,False
1781293444.7434, 0.000589,False
1781293444.9683, 0.005925,False
1781293444.9733, 0.004137,False
1781293444.9786, 0.002165,False
1781293444.9836, 0.000403,False
1781293444.9882, 0.007904,False
1781293444.9935, 0.006103,False
1781293444.9983, 0.004054,False
1781293445.0028, 0.002075,False
1781293445.2149, 0.009714,False
1781293445.2199, 0.007784,False
1781293445.2247, 0.006086,False
1781293445.2301, 0.004119,False
1781293445.2358, 0.002455,False
1781293445.2405, 0.000721,False
1781293445.2466, 0.008817,False
1781293445.2514, 0.006491,False
1781293445.4827, 0.004956,False
1781293445.4876, 0.002790,False
1781293445.4928, 0.000923,False
1781293445.4975, 0.009003,False
1781293445.5022, 0.006926,False
1781293445.5068, 0.005207,False
1781293445.5122, 0.002583,False
1781293445.5165, 0.000109,False
1781293445.7503, 0.008992,False
1781293445.7552, 0.007040,False
1781293445.8622, 0.004773,False
1781293445.8680, 0.003029,False
1781293445.8730, 0.001116,False
1781293445.8790, 0.009629,False
1781293445.8853, 0.007748,False
1781293445.8914, 0.005836,False
1781293446.0004, 0.003937,False
1781293446.0056, 0.002232,False
1781293446.0111, 0.009848,False
1781293446.0181, 0.007953,False
1781293446.0230, 0.006215,False
1781293446.0288, 0.003899,False
1781293446.0337, 0.002083,False
1781293446.0386, 0.000357,False
1781293446.2666, 0.009044,False
1781293446.2715, 0.007143,False
1781293446.2770, 0.005452,False
1781293446.2816, 0.003851,False
1781293446.2862, 0.002178,False
1781293446.2910, 0.009919,False
1781293446.2959, 0.001248,False
1781293446.3025, 0.006368,False
1781293446.5121, 0.004294,False
1781293446.5174, 0.002707,False
1781293446.5222, 0.001119,False
1781293446.5272, 0.009112,False
1781293446.5321, 0.007548,False
1781293446.5371, 0.005489,False
1781293446.5427, 0.003526,False
1781293446.5475, 0.002223,False
1781293446.7603, 0.000647,False
1781293446.7653, 0.008637,False
1781293446.7702, 0.006862,False
1781293446.7758, 0.004750,False
1781293446.7814, 0.002741,False
1781293446.7860, 0.000906,False
1781293446.7907, 0.009360,False
1781293446.7953, 0.007731,False
1781293447.0281, 0.006023,False
1781293447.0340, 0.004350,False
1781293447.0400, 0.002703,False
1781293447.0468, 0.000883,False
1781293447.0511, 0.000145,False
1781293447.0588, 0.007450,False
1781293447.0635, 0.005427,False
1781293447.0680, 0.003558,False
1781293447.2820, 0.001524,False
1781293447.2873, 0.000243,False
1781293447.2925, 0.007974,False
1781293447.2974, 0.006127,False
1781293447.3022, 0.004524,False
1781293447.3071, 0.002722,False
1781293447.3121, 0.000602,False
1781293447.3169, 0.008280,False
1781293447.5194, 0.006304,False
1781293447.5257, 0.004427,False
1781293447.5309, 0.002354,False
1781293447.5364, 0.000444,False
1781293447.5421, 0.008325,False
1781293447.5469, 0.006491,False
1781293447.5518, 0.004283,False
1781293447.5569, 0.002446,False
1781293447.7773, 0.000522,False
1781293447.7845, 0.008884,False
1781293447.7908, 0.006994,False
1781293447.7963, 0.005754,False
1781293447.8020, 0.003815,False
1781293447.8073, 0.002110,False
1781293447.8122, 0.010080,False
1781293447.8168, 0.007957,False
1781293448.0361, 0.006314,False
1781293448.0417, 0.004202,False
1781293448.0466, 0.002373,False
1781293448.0515, 0.000581,False
1781293448.0563, 0.008720,False
1781293448.0616, 0.006482,False
1781293448.0664, 0.004322,False
1781293448.0712, 0.002315,False
1781293448.2828, 0.000557,False
1781293448.2883, 0.008528,False
1781293448.2934, 0.006534,False
1781293448.2982, 0.004536,False
1781293448.3028, 0.002422,False
1781293448.3075, 0.000749,False
1781293448.3123, 0.008669,False
1781293448.3168, 0.006811,False
1781293448.5285, 0.005046,False
1781293448.5336, 0.000119,False
1781293448.5412, 0.001213,False
1781293448.5462, 0.009368,False
1781293448.5514, 0.007408,False
1781293448.5572, 0.005771,False
1781293448.5620, 0.004057,False
1781293448.5667, 0.002116,False
1781293448.6810, 0.000393,False
1781293448.6861, 0.008564,False
1781293448.6912, 0.007018,False
1781293448.6959, 0.004975,False
1781293448.7005, 0.003239,False
1781293448.7054, 0.000988,False
1781293448.7107, 0.009219,False
1781293448.7151, 0.006984,False
1781293449.0497, 0.005066,False
1781293449.0548, 0.003156,False
1781293449.0611, 0.001261,False
1781293449.0671, 0.009460,False
1781293449.0725, 0.007620,False
1781293449.0784, 0.005775,False
1781293449.0833, 0.004086,False
1781293449.0883, 0.002448,False
1781293449.2972, 0.000294,False
1781293449.3021, 0.008006,False
1781293449.3073, 0.006461,False
1781293449.3123, 0.004597,False
1781293449.3174, 0.002680,False
1781293449.3223, 0.000461,False
1781293449.3271, 0.008641,False
1781293449.5423, 0.006856,False
1781293449.5493, 0.005423,False
1781293449.5542, 0.003669,False
1781293449.5590, 0.001901,False
1781293449.5638, 0.009818,False
1781293449.5685, 0.001114,False
1781293449.5756, 0.006229,False
1781293449.5804, 0.004633,False
1781293449.7935, 0.003047,False
1781293449.8001, 0.001682,False
1781293449.8049, 0.009551,False
1781293449.8102, 0.007688,False
1781293449.8159, 0.005462,False
1781293449.8207, 0.003385,False
1781293449.8258, 0.002129,False
1781293449.8309, 0.000164,False
1781293450.0583, 0.008393,False
1781293450.0654, 0.006947,False
1781293450.0703, 0.005404,False
1781293450.0770, 0.003427,False
1781293450.0824, 0.001400,False
1781293450.0872, 0.009446,False
1781293450.0923, 0.007408,False
1781293450.0977, 0.006300,False
1781293450.1027, 0.004717,False
1781293450.3096, 0.002858,False
1781293450.3145, 0.001017,False
1781293450.3193, 0.009294,False
1781293450.3243, 0.007474,False
1781293450.3289, 0.005842,False
1781293450.3336, 0.004203,False
1781293450.3392, 0.002363,False
1781293450.3445, 0.000559,False
1781293450.5769, 0.009014,False
1781293450.5818, 0.006989,False
1781293450.5868, 0.004758,False
1781293450.5916, 0.002404,False
1781293450.5963, 0.000781,False
1781293450.6014, 0.009014,False
1781293450.6093, 0.007056,False
1781293450.6185, 0.005259,False
1781293450.8244, 0.003546,False
1781293450.8303, 0.001887,False
1781293450.8370, 0.009819,False
1781293450.8420, 0.008100,False
1781293450.8499, 0.006957,False
1781293450.8562, 0.004621,False
1781293450.8617, 0.003122,False
1781293450.8664, 0.001315,False
1781293451.0829, 0.009398,False
1781293451.0878, 0.007618,False
1781293451.0927, 0.005914,False
1781293451.0982, 0.003972,False
1781293451.1031, 0.002117,False
1781293451.1081, 0.000281,False
1781293451.1129, 0.008369,False
1781293451.1175, 0.006584,False
1781293451.3426, 0.004494,False
1781293451.3477, 0.002467,False
1781293451.3525, 0.000726,False
1781293451.3578, 0.000124,False
1781293451.3647, 0.006217,False
1781293451.3693, 0.004491,False
1781293451.3742, 0.002506,False
1781293451.3787, 0.000756,False
1781293451.5908, 0.009088,False
1781293451.5970, 0.007166,False
1781293451.6021, 0.005460,False
1781293451.6068, 0.003307,False
1781293451.6118, 0.001648,False
1781293451.6184, 0.009684,False
1781293451.6235, 0.008074,False
1781293451.6281, 0.006548,False
1781293451.8429, 0.004642,False
1781293451.8483, 0.003070,False
1781293451.8532, 0.000883,False
1781293451.8600, 0.009581,False
1781293451.8658, 0.007791,False
1781293451.8706, 0.005745,False
1781293451.8759, 0.003767,False
1781293451.8807, 0.001913,False
1781293452.1173, 0.010062,False
1781293452.1235, 0.008469,False
1781293452.1282, 0.006629,False
1781293452.1331, 0.004678,False
1781293452.1379, 0.002805,False
1781293452.1431, 0.000797,False
1781293452.1480, 0.009299,False
1781293452.1525, 0.007341,False
1781293452.3582, 0.005684,False
1781293452.3637, 0.004051,False
1781293452.3685, 0.002430,False
1781293452.3736, 0.000817,False
1781293452.3784, 0.009267,False
1781293452.3831, 0.007595,False
1781293452.3880, 0.005801,False
1781293452.3925, 0.003929,False
1781293452.6250, 0.001407,False
1781293452.6298, 0.009374,False
1781293452.6345, 0.007533,False
1781293452.6404, 0.005457,False
1781293452.6451, 0.003708,False
1781293452.6497, 0.002156,False
1781293452.6545, 0.000707,False
1781293452.6608, 0.009031,False
1781293452.8760, 0.000131,False
1781293452.8836, 0.005208,False
1781293452.8885, 0.003783,False
1781293452.8935, 0.001628,False
1781293452.8984, 0.009781,False
1781293452.9031, 0.008204,False
1781293452.9079, 0.006157,False
1781293452.9128, 0.003872,False
1781293453.1431, 0.001746,False
1781293453.1481, 0.010002,False
1781293453.1531, 0.001223,False
1781293453.2450, 0.006317,False
1781293453.2503, 0.004585,False
1781293453.2564, 0.002752,False
1781293453.2625, 0.001126,False
1781293453.2672, 0.009649,False
1781293453.3938, 0.007747,False
1781293453.3998, 0.005692,False
1781293453.4054, 0.003784,False
1781293453.4107, 0.001579,False
1781293453.4154, 0.009630,False
1781293453.4202, 0.007910,False
1781293453.4256, 0.006260,False
1781293453.4303, 0.004365,False
1781293479.9592, 0.002452,False
1781293479.9638, 0.001115,False
1781293479.9684, 0.009301,False
1781293479.9729, 0.007813,False
1781293479.9775, 0.005803,False
1781293479.9822, 0.003485,False
1781293479.9870, 0.001785,False
1781293479.9915, 0.009749,False
1781293479.9963, 0.008198,False
1781293480.0009, 0.006317,False
1781293480.0053, 0.005052,False
1781293480.0098, 0.000125,False
1781293480.0167, 0.001426,False
1781293480.0212, 0.009801,False
1781293480.0259, 0.007956,False
1781293480.2041, 0.006224,False
1781293480.2112, 0.004732,False
1781293480.2157, 0.002944,False
1781293480.2222, 0.000630,False
1781293480.2271, 0.008778,False
1781293480.2328, 0.007188,False
1781293480.2380, 0.005621,False
1781293480.2430, 0.003960,False
1781293480.2495, 0.002490,False
1781293480.4704, 0.000457,False
1781293480.4752, 0.008297,False
1781293480.4800, 0.006267,False
1781293480.4844, 0.004263,False
1781293480.4889, 0.002592,False
1781293480.4936, 0.000898,False
1781293480.4993, 0.008929,False
1781293480.5035, 0.000297,False
1781293480.7270, 0.005256,False
1781293480.7317, 0.003553,False
1781293480.7364, 0.001768,False
1781293480.7407, 0.009430,False
1781293480.7453, 0.007238,False
1781293480.7499, 0.005296,False
1781293480.7546, 0.004239,False
1781293480.7592, 0.002099,False
1781293480.8705, 0.009927,False
1781293480.9809, 0.008586,False
1781293480.9861, 0.007363,False
1781293480.9912, 0.005755,False
1781293480.9966, 0.003813,False
1781293481.0012, 0.002021,False
1781293481.0059, 0.000667,False
1781293481.0103, 0.009185,False
1781293481.2388, 0.007629,False
1781293481.2436, 0.006222,False
1781293481.2484, 0.004556,False
1781293481.2541, 0.003110,False
1781293481.2588, 0.001421,False
1781293481.2642, 0.009210,False
1781293481.2689, 0.007407,False
1781293481.2736, 0.005772,False
1781293481.4986, 0.000146,False
1781293481.5055, 0.002346,False
1781293481.5101, 0.000883,False
1781293481.5144, 0.009495,False
1781293481.5189, 0.007790,False
1781293481.5233, 0.006122,False
1781293481.5279, 0.004766,False
1781293481.5330, 0.003059,False
1781293481.7540, 0.001458,False
1781293481.7598, 0.009482,False
1781293481.7653, 0.007650,False
1781293481.7709, 0.006005,False
1781293481.7769, 0.004727,False
1781293481.7823, 0.002677,False
1781293481.7871, 0.001299,False
1781293481.7918, 0.009442,False
1781293481.9966, 0.007723,False
1781293482.0023, 0.005730,False
1781293482.0087, 0.003671,False
1781293482.0151, 0.001890,False
1781293482.0206, 0.000483,False
1781293482.0263, 0.008556,False
1781293482.0319, 0.006708,False
1781293482.0364, 0.004930,False
1781293482.0412, 0.002632,False
1781293482.2767, 0.010063,False
1781293482.2816, 0.008657,False
1781293482.2863, 0.006897,False
1781293482.2908, 0.004955,False
1781293482.2953, 0.003127,False
1781293482.3005, 0.001170,False
1781293482.3049, 0.009468,False
1781293482.3092, 0.007864,False
1781293482.5322, 0.005939,False
1781293482.5383, 0.004340,False
1781293482.5446, 0.002525,False
1781293482.5499, 0.000969,False
1781293482.5546, 0.009662,False
1781293482.5594, 0.000663,False
1781293482.5660, 0.005925,False
1781293482.5707, 0.004018,False
1781293482.7839, 0.002165,False
1781293482.7895, 0.000291,False
1781293482.7954, 0.008465,False
1781293482.8001, 0.006750,False
1781293482.8042, 0.000125,False
1781293482.8108, 0.002882,False
1781293482.8151, 0.001231,False
1781293482.8195, 0.009503,False
1781293482.9345, 0.008147,False
1781293482.9395, 0.006703,False
1781293482.9442, 0.004616,False
1781293483.0480, 0.003207,False
1781293483.0527, 0.000794,False
1781293483.0574, 0.009017,False
1781293483.0621, 0.007119,False
1781293483.0668, 0.005347,False
1781293483.3098, 0.003086,False
1781293483.3147, 0.001229,False
1781293483.3200, 0.009493,False
1781293483.3247, 0.007286,False
1781293483.3297, 0.005535,False
1781293483.3342, 0.003700,False
1781293483.3385, 0.001447,False
1781293483.3430, 0.009790,False
1781293483.5621, 0.008249,False
1781293483.5670, 0.006099,False
1781293483.5722, 0.004280,False
1781293483.5770, 0.001914,False
1781293483.5821, 0.009955,False
1781293483.5869, 0.008244,False
1781293483.5918, 0.006228,False
1781293483.5963, 0.004201,False
1781293483.6980, 0.002462,False
1781293483.7056, 0.000848,False
1781293483.7115, 0.008699,False
1781293483.7177, 0.006525,False
1781293483.7244, 0.004896,False
1781293483.7307, 0.003189,False
1781293483.7376, 0.001528,False
1781293483.7444, 0.009195,False
